{"_runtime": 92.064536164, "_step": 49, "loss": 8.689935684204102, "_timestamp": 1739279362.2877169}