23392
0	0	1
2	0	3
4	0	5
6	0	7
8	0	7
9	0	10
9	0	11
12	0	13
14	0	15
14	0	16
17	0	12
18	0	12
19	0	20
13	0	21
22	0	23
24	0	12
25	0	12
26	0	12
27	0	12
27	0	28
29	0	30
31	0	10
31	0	32
33	0	34
35	0	36
35	0	37
38	0	39
40	0	38
40	0	41
42	0	43
44	0	45
46	0	45
47	0	48
47	0	49
50	0	51
50	0	37
52	0	53
52	0	32
54	0	52
54	0	55
56	0	45
45	0	52
57	0	52
58	0	52
59	0	60
61	0	57
62	0	57
63	0	53
64	0	41
65	0	52
66	0	65
66	0	67
68	0	60
69	0	65
70	0	65
67	0	52
67	0	71
72	0	68
73	0	74
75	0	76
77	0	78
79	0	53
79	0	11
80	0	79
81	0	79
82	0	83
82	0	84
85	0	86
85	0	87
88	0	79
88	0	55
55	0	53
89	0	90
91	0	83
91	0	90
92	0	81
83	0	81
83	0	86
93	0	79
93	0	74
74	0	94
95	0	96
97	0	98
99	0	100
101	0	98
102	0	98
103	0	99
104	0	105
104	0	106
107	0	12
107	0	108
109	0	96
110	0	111
112	0	111
113	0	110
114	0	115
116	0	117
118	0	119
120	0	119
121	0	122
123	0	124
125	0	126
127	0	128
129	0	130
131	0	132
133	0	131
134	0	133
135	0	0
136	0	131
136	0	137
138	0	117
139	0	140
141	0	122
142	0	106
3	0	106
143	0	3
143	0	144
143	0	124
145	0	106
146	0	131
147	0	117
148	0	3
149	0	150
151	0	152
153	0	5
111	0	153
154	0	106
155	0	141
137	0	117
137	0	37
150	0	117
156	0	120
157	0	158
159	0	160
161	0	162
163	0	9
164	0	165
166	0	167
166	0	168
169	0	10
170	0	41
170	0	171
41	0	113
41	0	172
173	0	174
175	0	9
176	0	177
178	0	174
178	0	179
167	0	180
181	0	167
182	0	9
183	0	184
183	0	185
186	0	113
187	0	188
189	0	176
190	0	182
190	0	191
192	0	48
192	0	193
48	0	10
48	0	194
195	0	20
196	0	153
197	0	198
199	0	200
201	0	202
203	0	197
204	0	205
204	0	206
207	0	208
209	0	200
210	0	211
212	0	206
208	0	213
214	0	208
215	0	216
217	0	218
219	0	217
219	0	220
221	0	222
223	0	224
225	0	208
226	0	225
226	0	227
228	0	229
228	0	230
231	0	207
232	0	207
233	0	232
233	0	234
235	0	206
236	0	237
238	0	236
239	0	226
239	0	224
240	0	241
242	0	231
243	0	225
244	0	208
245	0	244
246	0	223
247	0	248
249	0	232
249	0	250
251	0	252
253	0	251
254	0	206
255	0	244
256	0	213
227	0	208
227	0	257
211	0	231
211	0	258
259	0	248
260	0	206
261	0	248
262	0	263
264	0	217
265	0	207
265	0	266
267	0	268
267	0	234
269	0	240
270	0	271
272	0	225
273	0	274
273	0	268
275	0	224
276	0	206
277	0	217
277	0	278
279	0	280
279	0	237
281	0	279
282	0	217
282	0	168
283	0	266
283	0	206
266	0	218
266	0	284
285	0	217
286	0	232
286	0	287
274	0	207
288	0	196
289	0	290
291	0	292
293	0	291
294	0	295
294	0	296
297	0	292
298	0	290
299	0	300
301	0	302
303	0	304
303	0	305
306	0	307
306	0	308
309	0	306
309	0	37
304	0	302
310	0	302
310	0	311
312	0	313
312	0	314
315	0	316
317	0	309
318	0	319
320	0	291
320	0	297
305	0	302
321	0	305
322	0	290
323	0	322
324	0	302
325	0	302
326	0	327
328	0	329
198	0	288
330	0	331
332	0	333
334	0	335
336	0	334
337	0	338
263	0	339
340	0	263
341	0	335
342	0	343
342	0	344
345	0	338
346	0	347
348	0	349
350	0	231
351	0	350
352	0	198
349	0	353
349	0	344
354	0	349
354	0	355
356	0	357
358	0	359
360	0	335
361	0	362
361	0	363
364	0	365
366	0	335
362	0	344
362	0	367
368	0	263
368	0	369
369	0	198
370	0	369
371	0	340
371	0	372
373	0	198
374	0	335
375	0	198
376	0	377
378	0	362
378	0	379
380	0	350
381	0	335
382	0	335
383	0	350
384	0	335
385	0	335
386	0	339
387	0	386
388	0	389
388	0	344
390	0	369
391	0	392
393	0	352
394	0	362
394	0	365
395	0	341
396	0	352
397	0	352
398	0	350
399	0	259
372	0	400
401	0	352
402	0	403
404	0	352
405	0	406
407	0	408
409	0	407
410	0	406
411	0	412
413	0	414
415	0	408
412	0	416
417	0	412
418	0	198
419	0	407
420	0	406
421	0	422
423	0	405
424	0	425
426	0	427
408	0	405
428	0	408
429	0	414
430	0	357
431	0	430
431	0	432
433	0	434
435	0	434
422	0	436
422	0	37
437	0	422
438	0	439
440	0	408
441	0	442
443	0	444
445	0	446
447	0	408
448	0	423
449	0	422
449	0	15
450	0	417
450	0	451
452	0	417
452	0	453
454	0	452
454	0	455
456	0	450
456	0	452
457	0	408
458	0	423
459	0	460
461	0	462
463	0	462
464	0	465
466	0	462
467	0	466
468	0	418
468	0	168
469	0	462
470	0	469
471	0	472
473	0	471
473	0	474
475	0	469
476	0	462
477	0	476
477	0	284
460	0	472
478	0	460
479	0	465
480	0	462
481	0	469
482	0	462
483	0	462
484	0	460
485	0	461
486	0	461
487	0	471
488	0	460
489	0	460
490	0	465
491	0	492
493	0	462
494	0	471
494	0	495
496	0	196
497	0	498
499	0	500
501	0	502
503	0	504
503	0	498
505	0	506
505	0	498
507	0	508
509	0	498
510	0	511
510	0	512
510	0	513
514	0	515
514	0	516
517	0	498
518	0	498
519	0	153
520	0	521
522	0	520
522	0	523
524	0	525
526	0	527
528	0	529
528	0	530
531	0	528
532	0	527
533	0	534
535	0	520
536	0	377
537	0	538
537	0	539
347	0	540
541	0	542
543	0	544
545	0	546
547	0	548
549	0	550
551	0	347
551	0	539
552	0	347
552	0	553
554	0	548
555	0	540
556	0	557
558	0	548
559	0	558
560	0	347
561	0	548
562	0	555
562	0	563
562	0	539
564	0	565
566	0	567
568	0	569
570	0	571
572	0	525
573	0	572
574	0	573
574	0	575
576	0	377
577	0	578
579	0	573
580	0	557
580	0	284
581	0	582
581	0	525
583	0	584
585	0	552
586	0	587
586	0	588
589	0	590
591	0	592
593	0	520
593	0	594
595	0	596
597	0	553
597	0	540
598	0	346
599	0	600
529	0	548
601	0	529
602	0	520
603	0	547
604	0	600
605	0	606
607	0	529
608	0	520
609	0	565
534	0	547
610	0	568
611	0	558
612	0	613
582	0	614
615	0	582
615	0	539
616	0	617
565	0	520
618	0	619
618	0	620
621	0	622
623	0	624
623	0	625
626	0	627
626	0	628
629	0	630
629	0	631
632	0	633
634	0	635
634	0	636
637	0	593
637	0	523
638	0	587
638	0	588
571	0	547
639	0	571
590	0	559
640	0	520
640	0	641
640	0	642
643	0	597
644	0	645
646	0	644
647	0	648
647	0	636
649	0	633
650	0	651
652	0	653
654	0	544
655	0	546
656	0	657
658	0	576
658	0	659
660	0	521
661	0	523
661	0	600
523	0	614
662	0	605
663	0	614
664	0	663
665	0	525
666	0	665
667	0	547
668	0	153
359	0	352
359	0	669
670	0	307
671	0	377
606	0	667
672	0	644
567	0	534
673	0	198
674	0	673
674	0	675
676	0	608
676	0	542
677	0	678
677	0	679
594	0	582
594	0	521
680	0	581
680	0	523
681	0	558
681	0	682
683	0	540
617	0	581
684	0	685
686	0	547
687	0	688
689	0	534
690	0	683
691	0	347
692	0	558
693	0	606
694	0	695
696	0	697
698	0	673
699	0	700
699	0	701
699	0	702
703	0	699
703	0	704
703	0	705
706	0	548
578	0	706
707	0	550
708	0	709
710	0	694
711	0	653
712	0	713
714	0	712
715	0	571
716	0	717
718	0	513
718	0	719
720	0	688
721	0	624
722	0	600
723	0	569
723	0	724
725	0	726
727	0	728
729	0	694
730	0	731
730	0	628
732	0	733
734	0	347
735	0	547
735	0	736
737	0	736
737	0	719
738	0	575
739	0	700
740	0	652
741	0	558
742	0	597
742	0	743
744	0	712
745	0	614
746	0	747
748	0	749
750	0	747
751	0	752
753	0	214
754	0	747
755	0	756
757	0	758
757	0	759
757	0	760
761	0	762
761	0	763
764	0	749
764	0	765
766	0	764
766	0	767
762	0	768
769	0	749
770	0	756
771	0	756
772	0	773
772	0	774
775	0	776
756	0	214
777	0	778
779	0	780
781	0	762
782	0	776
783	0	756
784	0	214
778	0	785
778	0	765
216	0	214
216	0	217
216	0	37
786	0	764
787	0	768
788	0	153
789	0	790
791	0	792
793	0	794
795	0	796
797	0	798
797	0	799
800	0	796
801	0	802
801	0	799
803	0	804
805	0	806
807	0	808
809	0	810
811	0	812
813	0	814
815	0	792
816	0	817
818	0	816
819	0	820
804	0	821
822	0	823
824	0	814
806	0	812
806	0	796
825	0	826
827	0	799
828	0	829
830	0	831
832	0	830
833	0	802
834	0	835
836	0	837
838	0	798
838	0	799
802	0	839
840	0	841
840	0	842
843	0	808
844	0	843
845	0	846
845	0	847
845	0	848
849	0	798
850	0	806
851	0	804
852	0	853
854	0	842
855	0	856
857	0	858
859	0	860
861	0	862
863	0	857
864	0	865
866	0	864
867	0	866
868	0	866
869	0	153
870	0	871
872	0	873
874	0	875
876	0	877
878	0	367
879	0	878
879	0	880
881	0	882
881	0	883
884	0	885
886	0	864
887	0	181
888	0	106
889	0	186
890	0	117
890	0	891
892	0	888
893	0	136
894	0	895
94	0	21
896	0	94
897	0	43
898	0	106
899	0	3
900	0	901
902	0	3
902	0	144
903	0	888
904	0	12
905	0	68
906	0	68
907	0	112
53	0	908
10	0	908
909	0	174
910	0	41
911	0	912
913	0	914
882	0	153
915	0	882
915	0	916
917	0	882
918	0	919
920	0	921
922	0	923
922	0	172
924	0	925
924	0	926
927	0	928
929	0	930
931	0	882
932	0	933
925	0	934
935	0	915
935	0	936
937	0	918
938	0	882
939	0	940
941	0	919
942	0	943
942	0	944
945	0	946
947	0	172
948	0	949
928	0	950
928	0	951
952	0	933
953	0	943
953	0	954
955	0	956
949	0	882
957	0	958
959	0	940
960	0	918
961	0	933
962	0	963
964	0	965
936	0	950
966	0	935
967	0	167
968	0	969
970	0	971
972	0	973
974	0	882
975	0	976
977	0	952
978	0	186
979	0	181
980	0	943
981	0	925
982	0	983
982	0	984
973	0	882
985	0	920
986	0	167
987	0	935
988	0	989
990	0	991
992	0	993
994	0	872
995	0	866
996	0	872
997	0	873
998	0	872
999	0	872
1000	0	864
1001	0	1000
1002	0	1003
1004	0	872
1005	0	866
1005	0	1006
1007	0	1008
1009	0	1000
1010	0	872
1010	0	1011
1012	0	866
1012	0	1006
1013	0	872
1014	0	872
1015	0	872
1016	0	1000
1016	0	1017
1018	0	998
1019	0	1006
1020	0	1021
1022	0	886
1023	0	1014
1024	0	1025
1026	0	867
1027	0	1000
1028	0	868
1029	0	886
1029	0	1011
1006	0	872
1030	0	1006
989	0	875
1031	0	998
1032	0	1033
1034	0	865
1035	0	1036
1037	0	1038
290	0	288
290	0	865
1039	0	1040
1041	0	1042
1042	0	1040
1043	0	1044
1043	0	1045
1046	0	1047
1046	0	1048
1046	0	1049
1050	0	1051
1050	0	1052
1053	0	1054
1055	0	1054
1056	0	1057
1056	0	1051
1058	0	1056
1059	0	1060
1061	0	1057
1061	0	1051
1062	0	1063
1064	0	1065
1066	0	1067
1068	0	1069
1068	0	1070
1071	0	1072
1073	0	1074
1075	0	1076
1077	0	1078
1079	0	1080
1081	0	1082
1081	0	1083
1084	0	1069
278	0	1076
1085	0	1086
1087	0	1088
1089	0	1090
1091	0	1092
1093	0	1094
1095	0	1096
343	0	1097
1098	0	1099
1100	0	1101
1102	0	1103
1102	0	1104
1105	0	1106
1107	0	1106
1108	0	1092
1109	0	1110
1111	0	1112
1113	0	1112
1114	0	1080
1115	0	1102
1116	0	1117
1116	0	625
1118	0	1088
1119	0	1120
1121	0	1117
1122	0	1096
1123	0	1117
1124	0	1072
1124	0	1125
1126	0	388
1126	0	1127
1128	0	1129
1130	0	1131
1132	0	1133
1072	0	1080
1134	0	353
1134	0	1096
1135	0	1078
1136	0	343
1069	0	1096
1137	0	1131
1138	0	1139
1140	0	1090
1141	0	1072
1142	0	1143
1144	0	1121
1145	0	1090
1146	0	1147
1146	0	1148
1149	0	1114
1150	0	1151
1150	0	1152
1153	0	1088
1154	0	1155
1154	0	1156
1157	0	1083
1158	0	1090
1159	0	1160
1161	0	1109
389	0	1162
1163	0	1080
1164	0	1096
1165	0	1134
1165	0	1142
1165	0	1166
1167	0	1168
1169	0	1170
1078	0	1171
1078	0	1172
1173	0	1076
1174	0	1069
1175	0	1121
1176	0	1177
1178	0	1179
1180	0	1150
1181	0	1146
1181	0	1182
1181	0	702
1183	0	1072
1184	0	1068
1185	0	1087
1186	0	389
1187	0	1188
1189	0	1069
1190	0	1087
1191	0	1125
1191	0	1192
1193	0	1141
1193	0	1117
1194	0	1125
1195	0	1088
1196	0	1117
1197	0	1086
1198	0	1096
1177	0	1047
1177	0	1199
1200	0	1177
1201	0	1088
1202	0	1125
1203	0	1204
1205	0	1206
1205	0	1207
1208	0	1166
1208	0	220
1208	0	1209
1210	0	1108
1211	0	1072
1212	0	1145
1213	0	1080
1214	0	1215
1216	0	1125
1215	0	1116
1215	0	1206
1217	0	389
1218	0	1219
1220	0	1221
1222	0	1223
1224	0	572
1225	0	1226
1227	0	600
619	0	554
619	0	575
1228	0	709
1229	0	581
620	0	588
1230	0	1231
1232	0	660
1233	0	1234
1235	0	700
1236	0	537
1236	0	562
1237	0	1236
521	0	1238
1239	0	521
1240	0	1241
1242	0	581
1243	0	520
542	0	520
1244	0	1245
1246	0	608
1247	0	673
1247	0	1072
1248	0	521
1248	0	1249
1250	0	660
1251	0	1121
1251	0	1252
1253	0	1254
1255	0	522
1255	0	542
1256	0	688
1257	0	573
1258	0	575
1258	0	630
1258	0	631
527	0	524
645	0	559
1259	0	692
1260	0	695
1261	0	552
1262	0	645
1263	0	524
1264	0	1224
1265	0	645
1266	0	1254
1267	0	593
1267	0	565
1268	0	699
1268	0	705
1269	0	634
1270	0	660
1271	0	594
1272	0	524
1272	0	555
1272	0	663
1273	0	688
1274	0	1275
1276	0	375
1277	0	1278
1279	0	1263
1280	0	1281
1282	0	686
188	0	182
1283	0	1284
1285	0	1286
1287	0	1288
1289	0	1290
1289	0	1291
1292	0	1289
1292	0	1293
1292	0	1294
1295	0	1296
1295	0	1297
1298	0	1283
1298	0	1288
1299	0	1300
1301	0	1302
1301	0	1303
1304	0	1298
1305	0	1302
1306	0	1289
1306	0	1304
1306	0	1307
1308	0	1302
1309	0	1304
1310	0	1297
1311	0	1312
1313	0	1302
1314	0	1315
1314	0	1302
1316	0	1317
1318	0	1319
1320	0	1321
1320	0	1322
1320	0	515
1323	0	1324
1319	0	153
1325	0	1326
1327	0	1328
1327	0	1329
1327	0	1330
1327	0	1331
1332	0	1298
1333	0	1332
1333	0	1334
1335	0	1336
1337	0	1338
1339	0	1288
1340	0	1341
1342	0	1343
1344	0	1345
1346	0	1347
1348	0	1315
1349	0	1350
1351	0	1352
1353	0	1354
1355	0	1140
1355	0	1354
1356	0	1357
1358	0	1359
1358	0	1360
1358	0	1361
1296	0	1298
1362	0	1315
1362	0	1363
1364	0	1365
1364	0	1366
1364	0	1367
1368	0	1349
1369	0	1370
1369	0	1302
1371	0	790
1371	0	1372
1373	0	280
1374	0	1375
363	0	1376
1377	0	802
1378	0	1371
1379	0	1380
1379	0	1381
1382	0	1383
1382	0	1384
1385	0	1386
1387	0	846
1388	0	1389
1388	0	1386
1390	0	848
1391	0	1392
1393	0	1394
1395	0	1396
1395	0	1397
817	0	1398
1399	0	1400
1401	0	848
1402	0	862
1403	0	1404
1405	0	1406
1407	0	1408
1380	0	1376
1409	0	1410
1409	0	1411
1412	0	1413
1414	0	1415
1416	0	502
1416	0	280
1417	0	1394
1418	0	1419
1418	0	1392
1420	0	1421
1422	0	837
1423	0	1398
1424	0	363
1425	0	857
1426	0	1425
1427	0	1428
1429	0	280
1430	0	1431
1432	0	862
1433	0	1434
1435	0	1436
1437	0	1438
1437	0	1439
1437	0	1440
1437	0	1441
1442	0	1443
1442	0	1444
1442	0	237
1445	0	1374
1446	0	280
1447	0	1448
1394	0	1449
1404	0	1450
1451	0	363
1438	0	1452
1438	0	1453
1452	0	1454
502	0	1415
1455	0	1385
1456	0	1457
1458	0	1459
1458	0	1460
1461	0	1372
1462	0	1463
1436	0	837
1464	0	294
1465	0	1466
1467	0	1468
1469	0	1468
1470	0	1407
1434	0	1471
1472	0	1448
1473	0	1474
1475	0	1476
1477	0	1478
1479	0	845
1480	0	792
1481	0	1449
1482	0	1481
1483	0	1484
1485	0	1375
1486	0	1487
1488	0	1489
1490	0	302
1491	0	1478
1492	0	712
1493	0	302
1494	0	302
1494	0	329
1047	0	1060
1495	0	1047
1496	0	1495
1497	0	1498
1499	0	1047
1500	0	1501
1500	0	1502
1503	0	1504
1505	0	1506
1507	0	1504
1508	0	1509
1508	0	1510
1501	0	1509
1511	0	343
1511	0	1047
1512	0	1503
1513	0	1514
1515	0	1516
1517	0	1516
1070	0	1219
1518	0	1519
1520	0	1521
1522	0	1523
1524	0	1525
1526	0	1518
1527	0	1528
1529	0	1517
1530	0	1070
1530	0	1531
1532	0	1533
1534	0	1535
1536	0	1537
1536	0	921
1521	0	1538
1539	0	1540
1541	0	1515
1542	0	1518
1543	0	7
1544	0	1543
1350	0	1283
1350	0	1545
1546	0	1543
1547	0	4
1548	0	7
1549	0	1550
1551	0	1552
1551	0	1553
1554	0	1545
1555	0	1550
1550	0	1556
1550	0	1557
1558	0	1559
1560	0	1561
1560	0	1562
1560	0	1563
1564	0	1550
1565	0	1566
1567	0	1568
1569	0	1568
1545	0	1284
1545	0	1557
1570	0	1561
1570	0	1571
1572	0	7
1573	0	1284
1574	0	1545
1574	0	1573
1575	0	1576
1577	0	1578
1579	0	1554
1579	0	1580
1581	0	1554
1582	0	1566
1580	0	1545
1580	0	1583
1584	0	1574
1584	0	1580
1568	0	367
1585	0	1566
1586	0	1568
1587	0	1561
1587	0	1588
1589	0	886
1589	0	1590
1591	0	1585
1592	0	291
1592	0	328
1593	0	1594
1129	0	1072
1595	0	1596
1597	0	835
1597	0	1598
1597	0	794
1599	0	561
1600	0	1601
1602	0	1603
1604	0	575
1605	0	1606
1607	0	1314
1607	0	1608
1609	0	1610
1611	0	1298
1612	0	1613
1614	0	1352
1614	0	1608
1	0	153
1615	0	1616
923	0	1
1617	0	923
1618	0	1619
1620	0	1616
1621	0	135
1622	0	1619
1623	0	1624
1625	0	1615
1626	0	1341
1626	0	1627
1628	0	1629
1630	0	1615
1631	0	135
1631	0	1616
1632	0	1633
1632	0	34
1634	0	1635
1636	0	34
1637	0	1638
1639	0	1558
1640	0	1641
1642	0	1633
1643	0	1644
873	0	864
1645	0	135
1646	0	1647
1633	0	1648
1649	0	1025
1650	0	873
1651	0	1652
1653	0	1651
1654	0	1319
1655	0	1654
1656	0	1654
1657	0	1654
1658	0	1659
1660	0	1661
1662	0	776
1067	0	153
1663	0	1664
1665	0	959
1666	0	1088
1667	0	1105
1668	0	712
1669	0	184
1669	0	1670
1671	0	873
1672	0	747
1673	0	775
1673	0	1674
553	0	1101
1675	0	1131
1354	0	1101
1676	0	1677
1678	0	307
1679	0	1680
1681	0	1680
1682	0	1683
1683	0	1684
1683	0	1685
1686	0	1680
1687	0	153
1688	0	1687
1689	0	1687
1690	0	1691
1692	0	1688
1693	0	1687
1694	0	1695
1696	0	1687
1697	0	1319
1698	0	1699
1700	0	153
1701	0	1702
1703	0	1704
1705	0	1706
1705	0	1707
1708	0	1709
1710	0	1708
1711	0	1413
1712	0	1713
1714	0	1701
1715	0	1714
1716	0	1715
1717	0	1701
1718	0	1719
1720	0	1721
1722	0	1723
1724	0	1715
1725	0	1726
1725	0	1727
1728	0	1719
1729	0	1730
1731	0	1732
1733	0	1734
1735	0	1736
1737	0	1738
1739	0	1740
1739	0	1741
1719	0	1701
1742	0	1705
1743	0	1744
1745	0	1746
1747	0	1736
1748	0	1723
1749	0	1734
1750	0	1751
1752	0	1751
1753	0	1732
1753	0	1754
1755	0	1756
1755	0	1723
1757	0	1716
1758	0	1701
1759	0	1760
1761	0	1762
1761	0	1763
1761	0	1764
1765	0	1766
1765	0	1767
1768	0	701
1768	0	1769
1770	0	1768
1771	0	1413
1772	0	1773
1774	0	1738
1775	0	1705
1776	0	1714
1777	0	1687
1778	0	1749
1778	0	1779
1780	0	1772
1781	0	1782
1783	0	1784
1785	0	1783
1726	0	1734
1786	0	1737
1786	0	1787
1788	0	1701
1789	0	1788
1727	0	1790
1791	0	1714
1792	0	1788
1792	0	1793
1794	0	1709
1795	0	1794
1796	0	1797
1798	0	1799
1732	0	1800
1801	0	1797
1802	0	1765
1713	0	1756
1713	0	1723
1803	0	1800
1804	0	1803
1804	0	1754
1800	0	1701
1754	0	1800
1805	0	1806
1807	0	1808
1807	0	1763
1809	0	1740
1810	0	1713
1810	0	1811
1812	0	1711
1813	0	1715
1814	0	1815
455	0	417
1816	0	1514
1817	0	1818
1817	0	37
1819	0	1820
1821	0	1817
1822	0	1820
1823	0	1824
1825	0	418
1825	0	1826
1827	0	1828
1829	0	418
1830	0	1514
1830	0	883
1552	0	1831
1552	0	1832
1833	0	1834
1835	0	1836
1837	0	1836
1838	0	1800
1839	0	453
1840	0	1839
1841	0	452
1842	0	1556
1843	0	1842
1844	0	1845
1846	0	1842
1847	0	1848
1849	0	1842
1576	0	1287
1576	0	1850
1851	0	1852
1851	0	1853
1854	0	1845
1855	0	1856
1857	0	1858
1859	0	1844
1850	0	1842
1850	0	1288
1860	0	1850
1861	0	1561
1862	0	1863
1864	0	1842
1699	0	1319
1865	0	1699
1866	0	343
1866	0	1867
1868	0	1866
1869	0	1639
1869	0	1870
1871	0	1872
1873	0	1677
1874	0	1872
1875	0	1872
1876	0	1871
1876	0	1877
1878	0	1874
1878	0	1877
1879	0	1880
1881	0	1353
1881	0	1871
1882	0	1354
1883	0	1884
1885	0	1880
1886	0	1354
1887	0	1677
1888	0	1889
1888	0	1890
1891	0	1873
1892	0	1677
1893	0	1354
1894	0	1874
1895	0	1896
1897	0	1898
1899	0	1677
1900	0	1901
1902	0	1616
191	0	908
1903	0	1850
1903	0	1571
1903	0	1291
1904	0	1903
1904	0	1905
1904	0	1294
1906	0	1907
1906	0	1286
1561	0	1842
1561	0	1908
1909	0	1842
1910	0	1911
1910	0	1912
1913	0	1850
1914	0	1858
1915	0	1842
1915	0	1303
1916	0	1561
1917	0	1903
1917	0	1918
1917	0	1307
1919	0	1920
1918	0	1850
1921	0	1848
1922	0	1918
1922	0	1923
1924	0	1925
1924	0	1926
1927	0	1928
1927	0	1929
1930	0	1842
1930	0	1908
1931	0	1850
1932	0	1571
1933	0	1842
1933	0	1934
1935	0	1936
1935	0	1937
1938	0	1939
1938	0	1940
1938	0	1331
1941	0	1942
1941	0	1943
1944	0	1941
1944	0	1945
1946	0	1340
1946	0	1842
1947	0	1948
1949	0	1919
1949	0	1950
1951	0	153
1952	0	1951
1953	0	1954
1955	0	1956
1957	0	1958
1959	0	1960
1961	0	1951
1962	0	1963
1964	0	1956
1965	0	1966
1965	0	1967
1968	0	1951
1968	0	1969
1970	0	1971
1845	0	1972
1973	0	1845
1974	0	1906
1975	0	1842
1975	0	1976
1977	0	1978
1979	0	1980
1981	0	1962
1981	0	983
1982	0	1983
168	0	1951
1984	0	1954
1985	0	1986
1987	0	1988
1989	0	1986
1990	0	1991
1992	0	1993
1994	0	1991
1994	0	1995
1991	0	1961
1996	0	1997
1998	0	1961
1999	0	1957
1999	0	983
2000	0	1953
1815	0	2001
2002	0	1986
2003	0	1968
2003	0	2004
1956	0	2005
2006	0	1956
2007	0	2008
2009	0	1959
2010	0	2011
2010	0	106
2012	0	116
2013	0	2014
2013	0	1764
2015	0	2016
2017	0	1988
2018	0	1986
2019	0	2020
2021	0	1951
2022	0	2023
2024	0	1962
1983	0	1986
1112	0	168
1112	0	1090
2025	0	168
2026	0	1986
2027	0	1962
2028	0	153
2029	0	2030
2031	0	2029
2032	0	2033
2034	0	1097
2035	0	2036
2037	0	2028
2038	0	150
2038	0	2031
2039	0	2030
2040	0	2039
2041	0	2039
2042	0	2043
916	0	950
2044	0	915
2044	0	2045
2046	0	2035
2047	0	2035
2048	0	1618
2049	0	2032
2050	0	2051
2052	0	2040
2052	0	2053
2054	0	1701
2055	0	1734
2056	0	412
2057	0	1561
2057	0	1856
1182	0	288
2058	0	131
2059	0	2058
2060	0	125
2060	0	2061
2062	0	2060
2063	0	2064
1980	0	1986
2065	0	1953
2065	0	983
1966	0	1971
2066	0	2067
2068	0	2069
2068	0	2023
2001	0	1951
2070	0	1951
2071	0	1960
2072	0	2020
2073	0	2074
2075	0	2076
2077	0	2078
2079	0	2032
2080	0	2034
2081	0	2082
2083	0	2032
2084	0	1653
1907	0	1850
1907	0	1856
2085	0	2086
2045	0	2029
2045	0	2037
2087	0	2038
2087	0	2088
2089	0	2029
2090	0	2031
2090	0	2091
1934	0	1495
2092	0	2032
335	0	198
2093	0	2094
2095	0	350
2096	0	352
2097	0	198
2097	0	257
2098	0	352
2098	0	2099
2100	0	2101
2102	0	386
2103	0	858
1514	0	1559
2104	0	2105
2106	0	2107
2108	0	280
2108	0	2109
2105	0	2107
2110	0	2105
2111	0	2107
2112	0	2109
2113	0	2114
2115	0	2116
2117	0	2118
2119	0	2116
2120	0	2107
2120	0	2121
2122	0	2106
2123	0	2124
2125	0	2123
2125	0	2126
2127	0	2128
2129	0	2130
2129	0	2131
2132	0	2129
2133	0	2134
2133	0	880
2135	0	2130
2135	0	2136
2137	0	2107
2138	0	2107
2138	0	2139
2140	0	2123
2141	0	2106
2142	0	2143
2144	0	2145
2146	0	2036
2147	0	2036
2148	0	2036
2149	0	144
2149	0	2150
2151	0	2038
2152	0	75
2153	0	391
2154	0	232
2155	0	352
2156	0	2155
2157	0	365
2158	0	2159
1489	0	2160
1383	0	1392
2161	0	2103
2162	0	1380
2163	0	1379
2163	0	1422
2164	0	1374
2164	0	1422
2165	0	1431
2166	0	2108
2167	0	1373
2168	0	1374
1431	0	512
1396	0	1468
2169	0	1374
2170	0	2171
2172	0	1374
2173	0	2174
2175	0	2173
2176	0	1374
2177	0	1408
2178	0	2179
2180	0	2173
2181	0	2182
2181	0	2183
2184	0	2181
2185	0	153
307	0	2186
2187	0	2186
2188	0	2189
2190	0	2191
2190	0	37
2192	0	2193
2194	0	2195
2196	0	2197
2198	0	2199
2200	0	2187
2201	0	2198
2202	0	2197
2202	0	2203
2204	0	2205
2206	0	2207
2208	0	2209
2209	0	2187
2210	0	2199
2211	0	2212
2213	0	2209
2214	0	2213
2215	0	2216
2217	0	2218
295	0	1478
2219	0	295
2220	0	2158
2220	0	2221
2222	0	2223
2222	0	2224
2222	0	2225
1459	0	2226
1459	0	2227
2228	0	1471
2229	0	2230
2231	0	1374
2232	0	1489
2233	0	1373
2234	0	2235
2236	0	2234
2236	0	2237
2238	0	1422
2239	0	1476
2239	0	2240
2241	0	2160
2242	0	1427
2242	0	2243
2242	0	2244
2245	0	1422
2246	0	2103
2247	0	2248
2249	0	816
2250	0	2251
2252	0	2082
2252	0	2253
2254	0	2255
2256	0	2029
2257	0	2258
2259	0	2260
2261	0	2262
2263	0	2264
2265	0	2266
2082	0	2043
2267	0	2268
2269	0	2270
2271	0	2272
2273	0	498
2273	0	2274
1677	0	1354
2275	0	1884
2276	0	2277
846	0	2278
2279	0	846
2280	0	1481
2280	0	1468
1476	0	2281
1476	0	1428
2282	0	2283
2284	0	837
2285	0	2032
2285	0	2286
2287	0	2288
2289	0	2246
2290	0	1379
2291	0	2292
2293	0	343
2293	0	1489
2294	0	2295
2296	0	2297
736	0	512
2298	0	1371
2299	0	2300
2299	0	2301
2302	0	2303
2304	0	1379
2305	0	789
2305	0	2306
2307	0	1401
2308	0	2309
2310	0	2246
2310	0	2311
2223	0	1373
1439	0	2219
1439	0	2312
2313	0	2314
2313	0	2286
2306	0	280
2315	0	343
2315	0	2209
2316	0	1684
2316	0	2317
2318	0	2319
2320	0	15
2320	0	2191
2321	0	2322
2323	0	2217
2324	0	2325
2326	0	731
2326	0	2327
2328	0	2329
2330	0	2325
2331	0	2325
2332	0	731
2332	0	2333
2334	0	2335
2334	0	2336
2337	0	2338
2339	0	2340
743	0	1130
2341	0	2336
2342	0	2343
2342	0	2333
2344	0	2343
2344	0	2345
2346	0	2325
2347	0	731
2347	0	2348
2349	0	597
2349	0	2336
2350	0	552
2350	0	2336
2351	0	1137
2352	0	731
2353	0	1675
2353	0	2354
2355	0	2354
2356	0	2357
2358	0	2359
2360	0	2281
2360	0	2361
1553	0	1831
1553	0	1516
2362	0	2124
2363	0	1647
1647	0	2362
2364	0	1646
2365	0	1647
2366	0	2365
2366	0	2367
2368	0	2360
2369	0	2360
2369	0	2370
2130	0	2362
2371	0	2372
2371	0	2373
2374	0	2130
2374	0	2375
2376	0	2106
2377	0	1647
2377	0	2375
2378	0	2379
2380	0	268
2381	0	447
2382	0	2383
2382	0	2384
2385	0	1431
2386	0	1436
2387	0	2103
2388	0	2389
1419	0	2390
2391	0	1375
2392	0	561
2392	0	684
2392	0	1411
2393	0	1441
2394	0	2387
2395	0	678
2395	0	2396
2397	0	2340
2398	0	1675
2399	0	1675
2400	0	2329
2401	0	2354
2402	0	1675
2402	0	2327
2403	0	731
2404	0	2336
2343	0	1131
2405	0	2325
2406	0	846
2407	0	1400
2408	0	2409
1397	0	1468
2410	0	2411
2412	0	2413
2414	0	2415
2416	0	1375
2417	0	2416
2418	0	1383
2418	0	2419
2420	0	2421
2174	0	280
2422	0	1422
2423	0	2310
2424	0	1839
2425	0	1469
2426	0	313
2426	0	2183
2427	0	2426
2428	0	1427
2428	0	2243
2429	0	1386
2430	0	2429
2431	0	2174
2432	0	2433
2434	0	817
2309	0	1404
2435	0	1453
2436	0	2437
2438	0	2439
2440	0	2289
2441	0	1371
2442	0	294
2443	0	817
2288	0	1469
2444	0	2445
2446	0	2447
1440	0	2413
1440	0	2448
2449	0	1489
2450	0	1487
2451	0	1398
2452	0	2453
2454	0	2416
2454	0	2455
1389	0	790
2456	0	817
2457	0	1422
2458	0	1478
2459	0	2460
2461	0	857
2461	0	2230
2462	0	828
2463	0	2416
2464	0	846
2465	0	2466
2467	0	2468
2409	0	837
2469	0	2409
2470	0	1372
2471	0	2445
1443	0	1468
2472	0	846
2473	0	1421
2474	0	2447
2474	0	2224
2419	0	2475
2476	0	1463
2477	0	2246
2477	0	2478
2479	0	1457
2480	0	1481
2481	0	2162
2482	0	2483
2482	0	2484
2485	0	1427
2486	0	2487
2488	0	2489
2490	0	1445
2491	0	2478
2491	0	1428
2492	0	295
379	0	837
2493	0	2494
2495	0	2300
2496	0	295
2496	0	2448
2497	0	1478
2498	0	2497
2499	0	502
2500	0	2501
2502	0	846
2503	0	2472
2504	0	2505
2504	0	2311
2506	0	2504
2413	0	1404
2507	0	816
2508	0	1461
2509	0	2510
2509	0	2511
2512	0	2390
2513	0	2514
2515	0	1429
2230	0	2516
2517	0	1436
2518	0	2234
2519	0	2518
2519	0	2520
2521	0	837
2522	0	502
2523	0	2524
2523	0	2525
847	0	856
2526	0	1379
2526	0	1387
2527	0	846
2528	0	1374
2529	0	2221
2530	0	845
2531	0	2183
2532	0	1449
2533	0	2304
2534	0	1429
2535	0	280
2536	0	1415
2537	0	837
2538	0	2003
2539	0	2540
2541	0	362
2541	0	1379
2542	0	2161
1381	0	512
2543	0	1389
2277	0	2487
2544	0	1374
1406	0	2235
2545	0	1379
2546	0	2547
2548	0	2549
2548	0	2550
2551	0	2552
2553	0	2158
2554	0	1491
2555	0	2458
2556	0	1380
2556	0	1557
2557	0	1392
2557	0	2558
2559	0	2103
2560	0	2458
2237	0	1489
2237	0	2561
2562	0	1422
2563	0	2564
2565	0	2449
2565	0	1406
2566	0	828
2566	0	2567
2568	0	2569
2570	0	1417
2570	0	1556
2571	0	512
2572	0	846
2573	0	1422
2574	0	1489
2574	0	2291
2575	0	2292
2576	0	1436
2577	0	837
1471	0	2387
1471	0	2221
2221	0	1489
2578	0	2221
2552	0	1422
2579	0	1404
2580	0	510
2581	0	2582
2583	0	846
2584	0	1430
2585	0	2586
627	0	2343
2587	0	553
2588	0	597
2589	0	2343
2589	0	2348
2590	0	2591
2592	0	2593
2594	0	2591
2595	0	2593
2596	0	1792
2597	0	2362
2598	0	2599
2600	0	2601
2602	0	2104
2603	0	2360
2603	0	2370
2604	0	2120
2604	0	2605
2606	0	2123
2606	0	2607
2608	0	2362
2134	0	2124
2609	0	1415
2609	0	2118
2610	0	2611
2612	0	2362
2613	0	2614
2615	0	2135
2616	0	2360
2616	0	2362
2617	0	1514
2618	0	2617
2618	0	1793
2619	0	2104
2620	0	2365
2620	0	2621
2126	0	2124
2622	0	2623
2624	0	2625
2626	0	2627
2626	0	2628
2629	0	2362
2629	0	2630
2631	0	2632
2623	0	2610
2623	0	2633
2634	0	1700
2635	0	2444
2635	0	2521
2635	0	2636
2637	0	1393
2637	0	1556
2638	0	1918
2638	0	2522
2639	0	508
2639	0	284
1528	0	1516
2640	0	2641
2640	0	28
2642	0	1647
2642	0	2203
2643	0	1070
2644	0	1517
2645	0	1535
2646	0	1528
1410	0	2647
2648	0	2649
2650	0	2651
2652	0	2653
1762	0	2654
2655	0	1768
1147	0	2651
2656	0	2657
2658	0	2652
2659	0	2660
2661	0	508
2661	0	2478
2599	0	2117
2662	0	1410
2663	0	2651
2654	0	701
2664	0	2665
2666	0	2650
2666	0	701
2243	0	2667
2668	0	2669
2670	0	2671
2672	0	920
2673	0	2001
2674	0	1147
2674	0	2675
2676	0	2196
2677	0	2678
2679	0	329
2680	0	1768
2681	0	2682
2683	0	2684
2684	0	1060
2685	0	1038
2685	0	2121
2686	0	2684
2687	0	2684
2688	0	2684
2688	0	2689
2690	0	2684
2691	0	1038
2692	0	2691
2692	0	2693
2694	0	2689
2694	0	2695
2696	0	153
2697	0	2004
2698	0	2699
2700	0	2701
2702	0	2699
2703	0	2704
2703	0	2705
2706	0	1166
2707	0	2708
2709	0	2710
2711	0	302
2712	0	2713
2714	0	302
2715	0	290
2716	0	2717
2717	0	2715
2718	0	302
302	0	290
2719	0	302
2720	0	2721
2722	0	306
2723	0	2724
2725	0	2726
2727	0	2715
2728	0	302
2729	0	2730
1040	0	290
2731	0	1040
2731	0	1590
300	0	302
2732	0	300
2713	0	290
2733	0	2713
2734	0	290
2735	0	243
2735	0	272
2736	0	225
2736	0	266
2737	0	225
2738	0	2739
2740	0	276
2741	0	248
2742	0	153
2743	0	2744
2745	0	956
2746	0	15
15	0	2747
2748	0	2749
2748	0	2750
2751	0	2752
2753	0	15
2754	0	2755
2756	0	2757
2758	0	983
2759	0	2760
2761	0	2762
2763	0	2743
2764	0	2743
2765	0	2766
2767	0	2744
2744	0	883
2768	0	1040
2769	0	2724
2770	0	2771
2772	0	2771
2773	0	2771
2774	0	2775
2776	0	2777
2778	0	2196
2778	0	2317
2779	0	1054
2780	0	1054
2781	0	1037
2782	0	2681
2782	0	2783
2784	0	2785
2786	0	2787
1976	0	1038
1976	0	37
2788	0	2691
2789	0	2691
2790	0	1495
2791	0	1507
2792	0	1011
2793	0	1060
2794	0	2795
2794	0	2796
2797	0	2798
2799	0	2607
2607	0	2800
2801	0	2607
2802	0	2216
2803	0	2804
2805	0	2320
2806	0	2801
2806	0	2802
2807	0	2607
2807	0	1048
2808	0	1825
2808	0	2320
2809	0	2199
2810	0	2811
2812	0	2199
2813	0	2193
2199	0	2197
2197	0	2185
1017	0	2814
2815	0	1497
2816	0	2815
2817	0	2818
2783	0	2682
2819	0	1061
2820	0	2710
1057	0	2678
1057	0	2821
1556	0	1341
2822	0	1510
2823	0	2824
1284	0	1341
2825	0	2826
2827	0	2828
2829	0	2830
2831	0	1908
2832	0	2833
2834	0	2835
1502	0	1508
1502	0	2836
2837	0	1497
2838	0	2121
2839	0	2833
2795	0	1048
2840	0	2841
2842	0	2843
2842	0	2844
2845	0	2197
2846	0	23
2846	0	2847
2848	0	2805
2848	0	2849
2848	0	2216
2850	0	12
2851	0	2744
2851	0	37
2757	0	15
2757	0	2852
2853	0	2771
2854	0	2016
2855	0	2016
2856	0	2857
2858	0	2859
2860	0	2744
2861	0	2749
2861	0	2862
2863	0	2864
2865	0	2866
2867	0	2868
2867	0	2869
2870	0	2505
2870	0	2871
2872	0	2873
2872	0	2874
2875	0	1166
2876	0	2877
2878	0	2879
2880	0	2004
2881	0	2702
2882	0	2883
2884	0	1062
2884	0	2885
1063	0	1509
2886	0	2885
2887	0	2885
2888	0	2889
2890	0	2210
2891	0	2210
2892	0	2198
2893	0	2809
2894	0	2812
2895	0	2196
2896	0	1036
2897	0	2210
2898	0	2199
2899	0	1525
2899	0	2900
2901	0	2902
2903	0	2881
2904	0	2905
2883	0	965
2906	0	165
2906	0	2907
2908	0	2909
2910	0	1816
2910	0	2911
2912	0	2883
1525	0	1513
1525	0	2145
2913	0	2914
2900	0	2877
2915	0	2260
2314	0	2916
2917	0	2918
2919	0	2920
2921	0	2251
2922	0	890
2923	0	2919
2924	0	2925
2926	0	2927
2928	0	2929
2928	0	2930
2928	0	2931
2932	0	2933
2934	0	2935
2936	0	2937
2938	0	2939
2940	0	2939
2941	0	2933
2942	0	2943
296	0	2103
2944	0	2945
2946	0	2947
2948	0	2949
919	0	917
2950	0	2951
2952	0	2953
2954	0	172
2955	0	919
2956	0	912
2957	0	34
2958	0	2959
2960	0	1036
2960	0	2961
2962	0	2963
2964	0	2783
2964	0	2965
2966	0	2681
2966	0	2965
2967	0	2681
2968	0	2969
2970	0	2971
2970	0	2972
2973	0	2783
2973	0	2974
2975	0	2961
2975	0	2976
2977	0	2975
2978	0	1453
2979	0	2980
2981	0	2074
2982	0	2752
2983	0	2857
983	0	2752
2984	0	2749
2985	0	2986
2987	0	2985
2988	0	2989
2990	0	2868
2990	0	2869
2991	0	2016
2992	0	2985
2993	0	1284
2994	0	2825
2994	0	2995
2994	0	2996
678	0	2103
2868	0	2997
2868	0	2998
2999	0	2831
2999	0	2868
2997	0	1556
3000	0	2868
3000	0	3001
3002	0	3003
3004	0	3005
3004	0	3006
3007	0	3008
3007	0	3009
3010	0	1506
3010	0	3011
3012	0	3013
3014	0	2997
3014	0	1908
3001	0	2997
3001	0	1908
1506	0	1503
1506	0	2989
3015	0	3016
3015	0	2836
3017	0	2881
3018	0	3019
3020	0	3021
3022	0	3023
3024	0	3025
3024	0	3026
3027	0	857
3028	0	168
3029	0	1033
3030	0	3031
3032	0	1065
1065	0	1061
1315	0	3033
3034	0	1315
3035	0	1061
3036	0	3037
3036	0	3006
3038	0	2691
3039	0	1061
1370	0	1051
3040	0	3003
3041	0	1510
3042	0	1863
3043	0	3008
3043	0	2995
3044	0	1056
3044	0	3045
3046	0	1047
3047	0	1370
3047	0	3013
2828	0	1047
3048	0	2825
3048	0	3049
3048	0	3050
3048	0	3051
3052	0	2989
3052	0	3053
3054	0	864
3054	0	2678
3055	0	3056
3016	0	2869
3057	0	3058
3059	0	1315
3060	0	1061
3061	0	2689
3062	0	3063
3064	0	2993
3065	0	3066
3067	0	3068
3069	0	1315
3070	0	2825
3071	0	2989
3071	0	3072
3073	0	2689
3074	0	2916
3075	0	3076
3077	0	2033
3078	0	2258
3079	0	3080
2264	0	3081
3082	0	3083
3084	0	3085
3086	0	162
3087	0	3052
3087	0	3088
3087	0	3051
3089	0	2789
3089	0	3090
3091	0	3014
3092	0	3040
3093	0	2790
3094	0	3095
3096	0	3097
3098	0	3099
3100	0	3101
3102	0	1495
3103	0	1370
3103	0	3104
3105	0	3014
3106	0	1051
3107	0	2989
2787	0	2814
3108	0	1051
3109	0	1057
3110	0	3081
3111	0	3112
3113	0	152
3114	0	2028
3114	0	16
3115	0	3116
3117	0	3118
3119	0	3120
3121	0	3122
3123	0	882
1664	0	2745
1664	0	3124
3081	0	3125
3126	0	1497
3127	0	3110
3128	0	3129
3130	0	129
3131	0	2255
3132	0	2029
3133	0	857
3133	0	3134
3135	0	2266
2547	0	2246
3136	0	3137
3138	0	2951
3139	0	2082
3139	0	3140
3141	0	2749
3142	0	3143
3144	0	3145
3144	0	3146
3147	0	3148
3149	0	3123
3150	0	3151
3152	0	3110
3153	0	3154
3155	0	3156
3157	0	3158
3159	0	3085
3160	0	2943
3161	0	3162
3163	0	3164
3165	0	2085
3166	0	3167
3168	0	3169
3170	0	2032
3171	0	3080
3172	0	3173
3172	0	3174
3175	0	3176
3177	0	3178
3179	0	3178
3180	0	2951
3181	0	1508
3182	0	1509
3183	0	3184
3185	0	1509
3186	0	3185
3187	0	1063
3188	0	3181
3189	0	3181
3190	0	3181
3191	0	3182
3192	0	3101
3193	0	3194
3195	0	2593
3196	0	3197
3198	0	462
3199	0	471
3200	0	2379
3200	0	3201
3202	0	469
3203	0	462
3204	0	367
3205	0	367
3206	0	3207
3208	0	367
3209	0	367
3210	0	3211
3212	0	2937
3213	0	3212
3214	0	3215
1808	0	3216
1808	0	701
3217	0	3212
3218	0	911
3219	0	911
3220	0	3221
3220	0	3222
3223	0	3083
3224	0	3225
3158	0	3169
3226	0	2011
3227	0	3228
3229	0	3230
3231	0	3158
3232	0	2937
3233	0	3234
3235	0	3151
3236	0	2937
3237	0	3238
3239	0	3212
3240	0	2918
3241	0	3242
3243	0	2953
3244	0	3245
3244	0	3246
3247	0	2953
3247	0	3248
3249	0	3250
3251	0	3252
3253	0	3221
3253	0	3254
3255	0	2258
3256	0	2933
3257	0	3258
71	0	53
3259	0	68
3260	0	65
3261	0	53
3262	0	55
3263	0	908
3264	0	3265
3266	0	889
3266	0	3267
3268	0	908
3083	0	2937
3269	0	2021
3270	0	912
3271	0	2082
3271	0	3272
3273	0	3274
3275	0	3221
3275	0	2750
3276	0	2947
3277	0	3154
3278	0	2919
3279	0	912
3280	0	3281
3282	0	2495
1635	0	2107
1831	0	1558
1509	0	2677
3283	0	1508
3283	0	3095
3284	0	3181
3285	0	2835
3286	0	2835
3286	0	1011
3287	0	2885
3288	0	2835
3289	0	1509
3290	0	3291
3290	0	3292
3293	0	3162
3294	0	3295
2953	0	3296
3297	0	2953
3298	0	3299
3300	0	3301
3302	0	3301
3303	0	2493
3304	0	1036
3305	0	3306
3307	0	1034
3308	0	1034
3309	0	2975
3310	0	1034
2963	0	2682
3311	0	506
3311	0	3058
3312	0	3304
3313	0	1034
3314	0	3313
3314	0	2798
1036	0	2980
3315	0	3316
3317	0	506
506	0	1034
3318	0	3311
3318	0	3319
3320	0	1035
3320	0	3321
3322	0	502
3323	0	502
3324	0	502
3324	0	1557
3325	0	2121
3326	0	502
2357	0	553
3327	0	2357
2814	0	1060
3328	0	3329
3330	0	3331
3332	0	3333
3334	0	3335
3336	0	3337
3338	0	1714
3339	0	1979
3340	0	3341
3342	0	912
3343	0	3230
3344	0	3345
3346	0	2016
3347	0	3348
3349	0	912
3350	0	958
3351	0	2936
3352	0	912
3353	0	3354
2925	0	3355
3356	0	881
3357	0	2937
3358	0	3359
3360	0	3361
3362	0	3145
3362	0	3363
3364	0	3365
3366	0	1509
2830	0	2831
2710	0	2830
3367	0	2830
3368	0	3369
3368	0	3370
3371	0	3369
3371	0	3031
3372	0	3194
3373	0	1422
3374	0	863
3375	0	3133
3376	0	857
3377	0	3133
3378	0	863
3379	0	3375
3380	0	2455
3380	0	280
3381	0	861
3381	0	3382
3383	0	3384
3385	0	2522
3386	0	3387
3388	0	1415
3389	0	3390
3391	0	1424
3391	0	3392
3392	0	3393
3394	0	3377
3395	0	3396
3397	0	3392
3398	0	3399
3400	0	857
3401	0	857
3402	0	861
3403	0	2830
3403	0	3404
3403	0	3405
3406	0	1034
3407	0	3406
3408	0	1034
3409	0	3316
3410	0	1034
3410	0	2121
3411	0	3410
2961	0	2980
3412	0	2782
3412	0	2967
3412	0	3413
3414	0	3415
3416	0	3417
3418	0	2300
3419	0	859
3419	0	3420
3421	0	861
3422	0	3423
3424	0	3392
3425	0	3426
3427	0	3428
3429	0	857
3430	0	3431
3431	0	3432
3433	0	863
3434	0	859
3434	0	3435
3423	0	3388
3436	0	863
3437	0	3438
3439	0	3440
3441	0	2947
3442	0	2947
3443	0	3444
3445	0	3114
3432	0	1415
3446	0	3204
3446	0	3432
3447	0	3448
3449	0	2748
3450	0	3451
3452	0	3110
3453	0	2171
3454	0	3110
3455	0	3124
3456	0	3406
2980	0	1034
3457	0	3133
1684	0	512
3458	0	2314
3458	0	280
3459	0	502
3459	0	3392
2959	0	280
3382	0	863
3382	0	862
3460	0	3461
3462	0	3432
3463	0	3464
3465	0	3466
3465	0	3467
3468	0	862
3469	0	2933
3470	0	3471
3472	0	2947
3473	0	3474
3448	0	3221
3448	0	2862
3475	0	946
3476	0	3477
3477	0	946
3478	0	3477
3479	0	2255
3480	0	2953
3481	0	135
3482	0	3475
3482	0	865
3483	0	912
3484	0	3485
3486	0	3080
3487	0	3488
3489	0	3114
3490	0	2930
3490	0	2931
3491	0	3085
3492	0	912
3493	0	912
3494	0	3230
3495	0	911
3496	0	2082
3496	0	2253
3497	0	3498
3499	0	3500
3501	0	2933
3502	0	3503
3504	0	1790
3505	0	1554
3505	0	3324
3506	0	3507
3508	0	1033
3509	0	1136
3510	0	2455
3511	0	1415
3512	0	3513
3514	0	3207
3515	0	3516
3517	0	3208
3518	0	1415
3519	0	367
3520	0	946
3521	0	1061
3522	0	3245
3522	0	3146
3523	0	3234
3524	0	3525
3524	0	3291
3526	0	3527
3528	0	912
3529	0	912
3530	0	2931
3531	0	3532
3533	0	2919
3534	0	2672
3535	0	2937
3536	0	3537
3538	0	3537
3539	0	3538
3540	0	3541
3542	0	3543
3544	0	3538
3545	0	2933
3546	0	3169
3547	0	3548
3549	0	3550
3551	0	3552
3553	0	2947
3554	0	2933
3555	0	3556
3557	0	3543
3558	0	3537
3559	0	3560
3561	0	355
3562	0	912
3563	0	3345
3564	0	3548
3565	0	2933
3566	0	3166
3567	0	912
3568	0	2021
3569	0	3570
3571	0	2953
3572	0	2086
3573	0	912
3548	0	1762
3574	0	2932
3550	0	3575
3576	0	912
3577	0	912
3578	0	912
3579	0	3580
3581	0	3250
3582	0	3583
3537	0	3584
3585	0	3586
3587	0	3585
3588	0	3585
3586	0	3584
3589	0	3586
3590	0	3585
3591	0	3207
3592	0	3507
3593	0	3594
3464	0	502
3464	0	1557
3595	0	886
3595	0	1554
3596	0	3209
3597	0	3384
3598	0	3599
3598	0	3600
3598	0	3601
3602	0	3209
3603	0	2455
3604	0	3209
3384	0	502
3605	0	502
3606	0	1549
3607	0	3388
205	0	1578
3608	0	3207
3609	0	3204
3610	0	367
3611	0	3612
3613	0	3614
3615	0	205
3616	0	501
3617	0	3618
3619	0	367
3620	0	2774
3621	0	2536
3621	0	3432
3622	0	3623
3624	0	3625
3626	0	3207
3627	0	3507
3628	0	3325
3629	0	1467
3630	0	2536
3631	0	1566
3632	0	3631
3633	0	4
3634	0	3324
3635	0	1415
3636	0	3637
3638	0	3516
3639	0	3204
3612	0	1134
3612	0	3640
3641	0	3642
3643	0	3614
3644	0	367
3645	0	174
3646	0	1598
1125	0	1117
3647	0	1088
3648	0	1684
3649	0	758
3650	0	3651
3652	0	2357
3653	0	372
3653	0	3654
3655	0	3656
2411	0	271
3657	0	1616
3658	0	3659
3660	0	3661
3662	0	3663
3663	0	3204
3664	0	3207
3665	0	1906
3665	0	3666
3667	0	1063
3618	0	3209
3618	0	1557
3668	0	3669
3670	0	2781
3507	0	1415
3671	0	3672
3673	0	3207
1376	0	1415
3674	0	3640
3675	0	2522
3676	0	1624
3677	0	3678
3679	0	1624
3680	0	3681
3682	0	3677
3683	0	1566
3684	0	1566
3685	0	3001
3686	0	3685
3687	0	3054
3687	0	3053
3688	0	3058
3689	0	3054
3690	0	3691
3692	0	1284
3692	0	3693
3694	0	2694
3694	0	3692
3695	0	3692
3695	0	3696
3697	0	3692
3697	0	3698
3699	0	3692
3700	0	3692
3700	0	3701
3702	0	3692
3703	0	3035
3703	0	3704
3705	0	3032
3705	0	3706
3707	0	3039
3707	0	3704
3708	0	3704
3709	0	3704
3710	0	3711
3711	0	3704
3712	0	3713
3712	0	3704
3706	0	1065
3706	0	3704
3714	0	3715
3716	0	3715
3717	0	3044
3717	0	3715
3718	0	3715
3719	0	3720
3721	0	3050
3722	0	3050
3723	0	3724
3723	0	3050
3725	0	3050
3726	0	3727
3726	0	3728
3729	0	1050
3729	0	3728
3730	0	2786
3730	0	3728
3731	0	3050
3732	0	3050
3733	0	2792
3733	0	3050
3734	0	3050
3735	0	3050
3736	0	3050
3737	0	3050
3738	0	3739
3738	0	3050
3740	0	3050
3741	0	3742
3742	0	3045
3742	0	3050
3743	0	3106
3743	0	3050
3744	0	3050
3745	0	3050
3746	0	3050
3747	0	3748
3747	0	3050
3749	0	3050
3750	0	3749
3751	0	3752
3753	0	3751
3754	0	3692
3754	0	3050
3755	0	3754
3755	0	3756
3757	0	3754
3757	0	2695
3758	0	3694
3758	0	3754
3759	0	3073
3759	0	3754
3760	0	3697
3760	0	3754
3761	0	3754
3761	0	2695
3761	0	3756
3762	0	3754
3762	0	3031
3763	0	3699
3763	0	3754
3764	0	3700
3764	0	3754
3765	0	3754
3766	0	3761
3766	0	3767
3768	0	3754
3768	0	3769
3769	0	3692
3769	0	3031
3770	0	3754
3771	0	3702
3771	0	3770
3772	0	3704
3772	0	3050
3773	0	1061
3774	0	3772
3775	0	3060
3775	0	3772
3776	0	3705
3776	0	3772
3777	0	3772
3778	0	3707
3778	0	3772
3779	0	3772
3779	0	3756
3780	0	3708
3780	0	3772
3781	0	3709
3781	0	3772
3782	0	3772
3783	0	3772
3784	0	3783
3785	0	3772
3786	0	3785
3787	0	3772
3788	0	3772
3789	0	3772
3752	0	3715
3752	0	3050
3790	0	3714
3790	0	3726
3790	0	3752
3791	0	3716
3791	0	3752
3792	0	3752
3793	0	3752
3794	0	3752
3794	0	3739
3795	0	3752
3796	0	3717
3796	0	3752
3797	0	3752
3798	0	3718
3798	0	3752
3049	0	2989
3049	0	2996
3799	0	3049
3799	0	3800
3801	0	2790
3801	0	2989
3802	0	2989
3803	0	2989
3804	0	2989
3805	0	3804
3806	0	2989
3807	0	3692
3807	0	2989
3808	0	3694
3808	0	3807
3809	0	3697
3809	0	3807
3810	0	3704
3810	0	2989
3811	0	3705
3811	0	3810
3812	0	3778
3812	0	3810
3813	0	3711
3813	0	3810
3814	0	3815
3816	0	2826
3817	0	2993
3008	0	3724
3008	0	2826
3818	0	2826
3819	0	2826
3820	0	2826
3821	0	2826
3821	0	1011
3822	0	3823
3822	0	2826
3824	0	2826
3825	0	2826
3826	0	2826
3827	0	2826
3828	0	2826
3829	0	2826
3830	0	2826
3831	0	2826
3832	0	3046
3832	0	3064
3833	0	3814
3833	0	3005
3833	0	3834
3835	0	2825
3835	0	2814
3836	0	2825
3836	0	3820
3837	0	2825
3837	0	3822
3837	0	3090
3838	0	2825
3838	0	3824
3839	0	2825
3839	0	3826
3840	0	2825
3840	0	3831
3840	0	3748
3841	0	3814
3841	0	3037
3841	0	3834
3842	0	2995
3843	0	3821
3843	0	2995
3844	0	2825
3844	0	3821
3845	0	3822
3845	0	3090
3845	0	2995
3846	0	2995
3847	0	2995
3848	0	2995
3849	0	3828
3849	0	3045
3849	0	2995
3850	0	3106
3850	0	3829
3850	0	2995
3851	0	3831
3851	0	3748
3851	0	2995
3852	0	1315
3852	0	3053
3088	0	2825
3853	0	3088
3854	0	3088
3855	0	3856
3856	0	2825
3856	0	3692
3857	0	3856
3857	0	3858
3859	0	3856
3860	0	3073
3860	0	3856
3861	0	3860
3862	0	3856
3862	0	3698
3863	0	3856
3863	0	3031
3864	0	3856
3865	0	3856
3866	0	3856
3867	0	3866
3868	0	3856
3868	0	3701
3869	0	3856
3870	0	3869
3871	0	3856
3872	0	2825
3872	0	3704
3873	0	3703
3873	0	3872
3874	0	3844
3874	0	3872
3875	0	3705
3875	0	3872
3876	0	3707
3876	0	3872
3877	0	3334
3877	0	3872
3878	0	3708
3878	0	3872
3879	0	3711
3879	0	3872
3880	0	3872
3881	0	3880
3882	0	3872
3883	0	3706
3883	0	3840
3883	0	3872
3884	0	2825
3884	0	3715
3885	0	3884
3886	0	3884
3887	0	3884
3888	0	3884
3889	0	2995
3890	0	3889
3891	0	3889
3892	0	3893
3894	0	3892
3893	0	3692
3893	0	2995
3895	0	3704
3895	0	2995
3896	0	3895
3897	0	3895
3898	0	3707
3898	0	3895
3899	0	3895
3899	0	1608
3900	0	3895
3901	0	3895
3902	0	3712
3902	0	3895
3903	0	3706
3903	0	3895
3904	0	1315
3905	0	1315
3906	0	3907
3906	0	3908
3909	0	3910
3911	0	3910
3912	0	3910
3912	0	3913
3914	0	1590
3915	0	1302
3916	0	3917
3918	0	3919
3918	0	3920
3921	0	1298
3922	0	1298
3922	0	1302
3923	0	1298
3923	0	1317
3924	0	1288
3925	0	1298
3926	0	3927
3927	0	462
3928	0	460
3929	0	1298
3930	0	3931
3932	0	3933
3932	0	3934
3932	0	3935
3936	0	1298
3937	0	3938
3937	0	3939
3940	0	3938
3940	0	1328
3940	0	1329
1293	0	1298
3941	0	3942
3941	0	3943
3944	0	1293
3944	0	3945
3946	0	3922
3946	0	3944
3946	0	3947
3948	0	3944
3948	0	3939
3949	0	3944
3949	0	1328
3949	0	1329
3950	0	3944
3951	0	3952
3951	0	3953
3951	0	3954
3951	0	3955
3956	0	3599
3956	0	3957
3956	0	3958
3959	0	3599
3959	0	3960
3959	0	3961
3962	0	3950
3962	0	3963
3962	0	3964
3965	0	3944
3966	0	3946
3966	0	3965
3966	0	3967
3968	0	3954
3968	0	3969
3968	0	3935
3970	0	1293
3970	0	3058
3971	0	1610
3972	0	1314
3972	0	3973
3974	0	1338
3975	0	3976
3975	0	1590
3977	0	3978
3979	0	3978
3980	0	3978
3981	0	1607
3982	0	1314
3983	0	3914
3983	0	3976
3984	0	3914
3984	0	3976
3985	0	3980
3986	0	1314
3987	0	3972
3987	0	3986
3988	0	3977
3988	0	3986
3989	0	1337
3989	0	3990
3991	0	1609
3991	0	3986
3992	0	1314
3993	0	3972
3993	0	3992
3994	0	3982
3994	0	3992
3995	0	3992
3996	0	1314
3997	0	3996
3997	0	1338
3998	0	1337
3998	0	3999
4000	0	1609
4000	0	3996
4001	0	1314
4002	0	1337
4002	0	4003
4004	0	1609
4004	0	4001
1365	0	1314
4005	0	3980
4005	0	1365
4006	0	3985
4006	0	4005
1366	0	1314
4007	0	3980
4007	0	1366
4008	0	1314
4009	0	4010
4011	0	2790
4011	0	4010
4012	0	4010
4012	0	3058
4013	0	4014
4013	0	1052
4015	0	2786
4015	0	4014
4016	0	4017
4018	0	3910
3973	0	1302
3973	0	4019
4020	0	1302
4020	0	1011
4021	0	1302
4021	0	3823
4022	0	1302
4022	0	2996
4023	0	3907
4023	0	1300
4024	0	3910
4025	0	3914
4026	0	1300
4027	0	1302
4028	0	1302
4029	0	4025
4030	0	1302
4031	0	4032
4031	0	4033
4034	0	4025
4035	0	4025
4036	0	4024
4037	0	1302
4038	0	4039
4038	0	4040
4041	0	4042
4041	0	3058
2627	0	2134
508	0	2124
508	0	3580
1219	0	1513
1648	0	1559
34	0	1641
34	0	880
2455	0	1415
3207	0	367
1468	0	512
1468	0	837
1799	0	1701
1738	0	1701
1751	0	1734
1806	0	1751
2074	0	2005
1988	0	1961
2749	0	4043
4044	0	2749
4044	0	3254
4045	0	969
184	0	182
184	0	4046
1670	0	23
1670	0	4046
946	0	0
946	0	923
4047	0	1
1619	0	4047
1616	0	4047
4048	0	1902
1601	0	1238
525	0	614
1238	0	614
311	0	2734
311	0	1590
4049	0	2734
4049	0	3335
2016	0	1968
4050	0	3548
4050	0	2074
1206	0	1086
4051	0	4052
4053	0	4054
4055	0	4056
4057	0	4056
4058	0	4059
2929	0	4058
4060	0	3573
4061	0	4062
4063	0	4061
3474	0	4061
2317	0	502
2317	0	2197
4064	0	3335
1054	0	4064
4065	0	2253
4066	0	2253
3118	0	3125
3154	0	2937
4067	0	4068
3215	0	912
4069	0	3081
2030	0	3148
3299	0	3123
2372	0	4070
2916	0	4071
2043	0	3125
4072	0	4055
4073	0	4065
4074	0	4065
2036	0	3148
4075	0	2937
1386	0	790
2453	0	1436
1400	0	4076
4077	0	4078
4077	0	858
3025	0	2902
2004	0	1951
2004	0	4078
4079	0	1559
3162	0	912
4080	0	1728
4080	0	4081
4082	0	1736
4083	0	1708
4083	0	4081
4084	0	2054
4084	0	4085
4086	0	1748
4087	0	2106
2136	0	37
2136	0	2361
4088	0	2615
4089	0	4090
4091	0	2362
4091	0	2610
4092	0	4093
4092	0	4094
4095	0	1648
4096	0	4097
4098	0	2107
4099	0	2107
1644	0	2116
2628	0	2621
4100	0	2114
2114	0	2134
4101	0	4102
4103	0	2125
2593	0	871
4104	0	2593
4105	0	468
4106	0	4107
492	0	418
492	0	280
4108	0	492
4109	0	466
4110	0	4111
4112	0	4113
4114	0	1762
4115	0	4116
2669	0	2657
4117	0	2669
4118	0	2001
4119	0	921
4120	0	302
4121	0	2181
4122	0	352
357	0	373
4123	0	335
2775	0	15
4124	0	4125
4126	0	4127
4128	0	2749
4129	0	4130
4131	0	4132
4133	0	302
4133	0	4134
4135	0	4133
4136	0	198
4136	0	290
4137	0	1494
4138	0	1494
4139	0	1494
4140	0	2020
4141	0	2020
4142	0	2020
2020	0	1961
4143	0	4144
4145	0	430
4146	0	430
4147	0	436
4148	0	443
4149	0	451
4150	0	4151
4152	0	423
4152	0	4153
4152	0	1011
4154	0	415
4155	0	4156
4157	0	4158
4159	0	4156
4160	0	4158
4161	0	2607
4162	0	2849
4163	0	2182
4164	0	4165
4166	0	4167
4168	0	1592
4169	0	4165
4170	0	318
4171	0	318
4172	0	324
4172	0	384
4172	0	308
4173	0	316
4174	0	304
4175	0	318
4176	0	4133
4177	0	297
4178	0	297
4178	0	4179
4180	0	198
4180	0	4133
4180	0	308
4181	0	2378
4182	0	486
4183	0	4184
4185	0	597
4186	0	4187
4188	0	2341
4189	0	731
4190	0	2353
4191	0	1130
4192	0	1130
4193	0	1130
4194	0	1116
4194	0	2402
4195	0	1130
4196	0	2975
4197	0	1035
4197	0	4198
4199	0	4200
4201	0	311
4202	0	1035
4203	0	1036
4200	0	1036
4204	0	1036
4205	0	4198
4206	0	4207
4208	0	2977
4209	0	3306
4210	0	3321
4211	0	4204
4212	0	1036
3321	0	1036
4213	0	2980
4214	0	4215
4216	0	1036
4217	0	1035
4218	0	3305
4219	0	1035
4219	0	4220
4221	0	4220
4222	0	3303
4223	0	2977
4224	0	3306
4225	0	4221
4226	0	4221
4227	0	4200
4228	0	3313
4229	0	1036
4230	0	3408
4231	0	1036
4232	0	3303
4233	0	4234
4235	0	4234
4236	0	1036
4237	0	2782
4237	0	4238
4237	0	4239
4240	0	4241
4242	0	2968
4243	0	1036
4238	0	2967
4244	0	4245
4246	0	4200
4247	0	1497
4248	0	2961
4249	0	2964
4250	0	1036
4251	0	2977
4252	0	506
4253	0	4254
4255	0	474
4255	0	4256
4257	0	362
4258	0	1484
4258	0	4259
4260	0	388
365	0	4261
4262	0	391
4263	0	1930
4264	0	1947
4265	0	1863
4266	0	4267
4266	0	4268
4269	0	1930
4270	0	4268
4270	0	4271
4272	0	1852
4273	0	1576
4274	0	1576
4275	0	3767
4276	0	1844
4277	0	1561
4278	0	4279
4278	0	4268
4280	0	106
4281	0	116
4282	0	4280
4283	0	4284
4285	0	4286
4287	0	888
4288	0	2088
4289	0	2062
4290	0	4291
4292	0	902
4293	0	120
4294	0	133
115	0	106
4295	0	2062
4296	0	895
4297	0	1781
4298	0	4299
4300	0	4301
4302	0	4303
4304	0	1733
4304	0	1782
4299	0	1733
4305	0	4303
4306	0	4299
4307	0	1761
4308	0	1732
4309	0	4304
4310	0	1710
4311	0	359
4311	0	2326
4312	0	2334
4313	0	2405
4314	0	1130
4315	0	4316
4317	0	4092
4318	0	2130
4318	0	2597
4319	0	2377
4320	0	4143
4320	0	4321
4322	0	1136
4322	0	4323
4324	0	2117
4325	0	1647
4325	0	4326
4327	0	2123
4327	0	2621
4328	0	4329
4328	0	185
4330	0	1647
4330	0	2597
4331	0	4092
4331	0	4097
4332	0	2361
4333	0	2367
4334	0	15
4334	0	2361
4335	0	2377
4336	0	2377
4337	0	1962
4338	0	1962
4339	0	2538
4340	0	1953
4341	0	2002
4342	0	4343
4344	0	1953
4345	0	1962
4346	0	1962
4347	0	3565
4348	0	2002
4349	0	2538
4349	0	4350
4351	0	4352
4353	0	4141
4354	0	2020
4355	0	4356
4357	0	1979
4358	0	4359
4358	0	4360
4361	0	1815
4362	0	4140
4363	0	2538
4364	0	2020
4365	0	1983
4365	0	2026
4366	0	2023
4367	0	1962
4368	0	2538
4369	0	4370
4371	0	4343
4372	0	2656
4373	0	1979
4374	0	3293
4375	0	1953
4376	0	4377
4378	0	2026
4379	0	1980
4380	0	1953
4381	0	1979
4382	0	1980
4383	0	1962
4384	0	4359
4385	0	3499
4386	0	1962
4329	0	4046
4387	0	34
4388	0	2676
4388	0	4389
4390	0	2214
4391	0	502
4391	0	2196
4392	0	2898
4393	0	2320
4394	0	2812
4395	0	2201
4396	0	4389
4397	0	2196
4398	0	2778
4399	0	2319
4400	0	2320
4401	0	1681
4401	0	2799
4402	0	3132
4403	0	3132
4404	0	3132
4405	0	3132
4406	0	3132
4407	0	915
4408	0	4409
4410	0	2080
4411	0	2052
4411	0	4412
4413	0	2038
4414	0	2031
4415	0	2250
4415	0	2779
4416	0	3132
4417	0	2083
4418	0	4054
4419	0	4420
4421	0	2031
4421	0	2089
4422	0	4418
4423	0	2931
2939	0	4071
4424	0	3552
4425	0	3552
4426	0	4427
4428	0	3132
4428	0	2091
4429	0	1409
4430	0	4113
4111	0	2187
4111	0	2634
4431	0	2654
4431	0	2549
4432	0	2680
4432	0	4433
3216	0	4434
3216	0	2651
4435	0	4113
2657	0	2001
4436	0	4430
4437	0	704
4437	0	2549
4438	0	1808
4439	0	1536
4440	0	1768
4440	0	2650
4441	0	1762
4442	0	2650
4442	0	2549
4443	0	4444
4443	0	4445
2675	0	2478
4446	0	2651
4447	0	1764
4448	0	2675
4449	0	704
4450	0	2649
4451	0	4113
4452	0	4113
4453	0	4454
4454	0	1768
4454	0	1808
4455	0	4113
4456	0	4457
4458	0	1475
4459	0	4112
4460	0	2649
4461	0	4113
4462	0	921
4463	0	1770
4464	0	2831
4465	0	2836
4465	0	4466
4467	0	3833
4468	0	1061
4469	0	1061
4470	0	3892
4471	0	3040
4472	0	2689
4473	0	4474
4475	0	1056
4475	0	3106
4476	0	3761
4477	0	3015
4477	0	4478
3097	0	3369
3097	0	4479
4480	0	3860
4480	0	4481
4482	0	2999
4483	0	1499
4484	0	1064
4485	0	1976
4486	0	3040
4487	0	4481
4488	0	1046
4489	0	1056
4490	0	3052
4491	0	3720
4492	0	4474
4493	0	1065
4494	0	3036
1936	0	1906
1936	0	4495
4496	0	3036
4497	0	2994
4498	0	2792
4499	0	4500
4499	0	3369
4501	0	3039
4502	0	3778
4503	0	3044
4504	0	1367
4505	0	3087
3713	0	1061
4506	0	1495
4506	0	2838
4507	0	1505
4507	0	4508
4509	0	3698
4509	0	3696
4510	0	3858
4511	0	3105
4512	0	3892
4513	0	4474
4514	0	3087
4515	0	4516
4517	0	3087
4518	0	3068
4519	0	2790
4519	0	2869
3329	0	1061
4520	0	2999
4521	0	4468
4522	0	4479
4522	0	4523
4524	0	2999
4525	0	1697
4525	0	1865
4526	0	417
4527	0	424
4528	0	408
4528	0	2796
4529	0	4530
462	0	418
3306	0	1036
3428	0	1034
2969	0	1034
1852	0	1842
1852	0	4531
4303	0	1781
4532	0	4440
4533	0	2649
1782	0	1734
704	0	4446
704	0	701
4534	0	921
1706	0	1701
4535	0	3321
4536	0	1804
4537	0	1788
4538	0	1732
4539	0	1718
4540	0	3121
4541	0	4083
4542	0	4543
4544	0	1704
4545	0	1763
4081	0	1719
4081	0	4434
4546	0	4547
4548	0	1718
1766	0	4549
4550	0	4551
4552	0	1715
4553	0	1751
4554	0	4555
4556	0	1716
4557	0	4558
4559	0	4560
4561	0	1718
4562	0	4563
4564	0	4565
4566	0	1802
4567	0	4568
4569	0	1772
4570	0	1728
4571	0	2654
4572	0	1802
4573	0	4574
4573	0	1741
4575	0	1761
4576	0	4577
4578	0	1788
4578	0	2630
4579	0	1743
4580	0	4581
4582	0	4583
4584	0	1047
4585	0	1311
4586	0	4465
4587	0	1503
4588	0	1561
4589	0	2828
4590	0	1512
4591	0	1512
4592	0	4593
4594	0	2617
4595	0	4596
4597	0	4334
4598	0	2123
4599	0	1820
4600	0	2134
4601	0	2106
4602	0	1523
4603	0	4090
4604	0	2597
4605	0	4606
4607	0	1048
4607	0	1820
2633	0	2362
2633	0	4332
4608	0	4334
4609	0	4610
105	0	1558
4611	0	4329
4611	0	4612
4613	0	2134
4614	0	1208
4614	0	2362
4614	0	2145
2375	0	2362
4615	0	2130
4615	0	4616
4617	0	2129
4617	0	4618
4323	0	343
4323	0	2362
4619	0	4620
4619	0	3021
4621	0	1646
4621	0	4622
4621	0	2621
4623	0	1535
4624	0	2614
4625	0	1820
4626	0	4627
4628	0	2633
4629	0	4622
4629	0	2367
4630	0	1817
4631	0	1516
4632	0	4633
4634	0	2123
4634	0	4332
4635	0	2372
4636	0	4637
4636	0	4638
4639	0	4593
4640	0	2361
4326	0	2362
4641	0	2614
4642	0	4593
4643	0	4637
4643	0	1523
4644	0	4332
4645	0	2633
4646	0	1025
4647	0	877
4648	0	4649
4650	0	4649
877	0	864
4651	0	1554
4652	0	873
4653	0	1047
4653	0	2281
4583	0	1047
2614	0	2627
4654	0	1219
4622	0	1647
4093	0	2362
4093	0	2145
4655	0	1697
4656	0	3681
4657	0	4658
4659	0	4530
4659	0	4660
4661	0	460
4662	0	471
4663	0	460
4664	0	469
4665	0	469
4666	0	469
495	0	462
4658	0	418
4667	0	4668
4669	0	4670
4671	0	1763
2653	0	1147
4444	0	701
4672	0	4673
4674	0	4447
4675	0	4670
4676	0	4677
4678	0	704
4678	0	4679
4680	0	4453
4681	0	4682
4683	0	2657
1127	0	389
4684	0	1409
4685	0	4686
4687	0	4688
4689	0	4111
4690	0	4113
4691	0	701
4692	0	4679
4693	0	4111
4694	0	2319
4695	0	4688
4695	0	1428
4696	0	3611
4697	0	4136
4698	0	466
4699	0	384
333	0	4261
4700	0	359
4701	0	350
4702	0	365
4703	0	2335
4704	0	365
4705	0	263
4705	0	3058
4706	0	333
4707	0	352
4707	0	1171
4708	0	4709
4127	0	4710
4711	0	12
4712	0	1411
4713	0	4714
4679	0	701
4715	0	1147
4715	0	1769
4261	0	198
4716	0	4161
4389	0	4717
4718	0	4719
4720	0	4721
4722	0	4723
4724	0	2986
4725	0	4126
4726	0	4727
4728	0	885
4729	0	2775
4730	0	2751
4731	0	4732
4733	0	2320
4733	0	4734
4710	0	2752
4735	0	4126
2857	0	4736
4721	0	2751
4737	0	2771
4738	0	4739
4727	0	2857
4740	0	15
4125	0	2751
4741	0	4742
4743	0	15
4743	0	4744
4745	0	2775
4746	0	4747
4748	0	2757
4749	0	1977
4749	0	4750
4751	0	4752
4751	0	4753
1133	0	1666
1133	0	2746
4754	0	4749
4754	0	4755
4754	0	4756
4757	0	2761
4758	0	4759
4760	0	4749
4760	0	4761
4762	0	4126
4763	0	4764
2771	0	2746
4765	0	4126
4766	0	4760
4767	0	4742
4768	0	2859
4769	0	2320
4770	0	2775
4771	0	2746
4739	0	2771
4772	0	2749
4773	0	2986
4774	0	15
4775	0	387
4775	0	4776
4777	0	329
4778	0	329
1441	0	1042
4779	0	263
4780	0	2717
4781	0	4782
4783	0	4049
2726	0	4784
4785	0	2725
4785	0	4786
4787	0	292
4788	0	335
4789	0	2237
4789	0	4790
4791	0	2717
4782	0	1590
4782	0	308
4167	0	4180
4792	0	2729
4792	0	2099
4793	0	327
4794	0	1494
4794	0	659
4795	0	4147
4795	0	2976
4796	0	302
4796	0	4049
4797	0	329
4798	0	2731
4799	0	2722
4800	0	2749
4800	0	3222
4742	0	4127
4801	0	1680
316	0	312
4802	0	292
4803	0	4804
4805	0	318
4806	0	4787
4807	0	4804
4808	0	291
4809	0	4356
4810	0	1998
4811	0	4812
4813	0	4814
4815	0	3448
4815	0	4816
4815	0	4817
4818	0	1998
4819	0	1962
4820	0	3211
4821	0	4822
4823	0	4824
4825	0	4826
4827	0	4828
4828	0	2001
4829	0	2018
4816	0	2004
4830	0	1962
4831	0	1962
4832	0	2003
4833	0	4834
4833	0	2023
4835	0	1960
4836	0	2538
4837	0	1980
4838	0	4839
4840	0	1962
4841	0	4842
4843	0	4832
4844	0	2020
4845	0	4846
4847	0	2021
4848	0	4377
4849	0	4356
4839	0	2003
4850	0	4822
4851	0	4812
4804	0	352
4804	0	329
4852	0	331
4812	0	2003
4834	0	2258
4853	0	4814
4854	0	1951
4855	0	3
4856	0	126
4857	0	4858
4859	0	4858
4860	0	4861
4862	0	2088
4863	0	4291
4864	0	149
4865	0	117
4866	0	2060
4866	0	4867
4868	0	2088
4869	0	104
4869	0	4870
4871	0	4872
4873	0	4874
4875	0	1171
4876	0	1071
4877	0	1072
4878	0	1102
4879	0	1193
4880	0	1139
4881	0	1193
4882	0	278
4883	0	4884
4885	0	4886
1155	0	2336
4887	0	1124
4888	0	1183
4889	0	1124
4890	0	1078
4891	0	1124
2800	0	2186
4892	0	4893
4894	0	1223
4895	0	4896
3104	0	2831
3104	0	4897
2818	0	1037
4898	0	1336
3413	0	2964
3413	0	4899
4900	0	4516
4901	0	1036
3748	0	1051
4902	0	4796
4903	0	2980
4903	0	4904
4905	0	2975
4906	0	1285
4907	0	2993
4908	0	4909
4910	0	4516
4911	0	2975
4912	0	1906
4913	0	2969
4913	0	1048
4914	0	3036
4915	0	1357
4916	0	2787
4916	0	1590
4917	0	4918
4919	0	2792
1972	0	1842
4920	0	2966
4921	0	1976
4922	0	1050
4923	0	3313
4924	0	2237
4925	0	1292
4926	0	3407
4927	0	4928
4929	0	4930
4931	0	1496
4932	0	4933
4896	0	2815
4934	0	4935
4934	0	1590
4936	0	3732
4937	0	1361
4938	0	1150
4939	0	1367
4940	0	1292
4941	0	1590
4942	0	2793
4942	0	4943
4944	0	1325
4945	0	4946
4947	0	3073
4947	0	2869
4948	0	2684
4949	0	4950
4951	0	4910
4952	0	2717
4953	0	1325
4954	0	4955
3727	0	2787
4956	0	3408
4957	0	1370
4957	0	4958
4959	0	3057
4960	0	3369
4960	0	4961
4962	0	2815
4962	0	3095
4963	0	4782
4964	0	4041
3095	0	3126
4965	0	1035
4966	0	3767
4967	0	1042
4968	0	4969
4968	0	4970
4971	0	4589
4972	0	3428
4973	0	4957
4974	0	4946
4975	0	4946
4976	0	3941
4976	0	3965
4958	0	3001
4958	0	4897
4977	0	3006
4978	0	2684
4979	0	1314
4980	0	1167
4981	0	1497
4982	0	1035
4983	0	2423
4984	0	1590
4985	0	3653
4985	0	4986
4987	0	1050
4987	0	1056
4988	0	1370
4988	0	3720
4989	0	1935
4990	0	3087
4991	0	4933
4992	0	4993
1003	0	872
1003	0	2971
4994	0	1904
3952	0	4995
3952	0	4996
3952	0	4997
4998	0	872
4999	0	1941
4999	0	5000
5001	0	3783
5002	0	2217
5003	0	3064
1911	0	1853
1911	0	5004
1911	0	5005
5006	0	1285
5007	0	2781
5007	0	3913
5008	0	3334
5009	0	5010
5011	0	2237
5012	0	1973
5013	0	1505
5014	0	2815
5015	0	2691
5016	0	3087
5017	0	2493
5018	0	1285
5019	0	1051
5020	0	1325
5021	0	5022
5021	0	5023
5024	0	1061
5025	0	5026
5027	0	1285
5028	0	1917
5029	0	1150
5030	0	1497
5031	0	2980
5032	0	506
5033	0	2815
5033	0	1336
5034	0	1328
5034	0	5035
5034	0	4042
5036	0	1034
5037	0	1150
5038	0	4221
5039	0	5040
5041	0	4133
5042	0	3008
5042	0	5043
5044	0	5045
5044	0	5046
5047	0	1613
5048	0	1361
5049	0	4918
5050	0	5051
2974	0	2682
2974	0	4198
5052	0	322
5053	0	5054
4637	0	1535
5055	0	1352
5055	0	4032
5056	0	1352
5056	0	3907
1352	0	1302
1352	0	5057
1613	0	1352
3945	0	1298
5058	0	3945
5058	0	4032
1302	0	1283
4017	0	1302
4017	0	3704
4032	0	3692
4032	0	1302
5059	0	1302
5059	0	3715
4014	0	2787
4014	0	1302
3907	0	1302
3907	0	5060
5045	0	3014
5045	0	5061
5046	0	3001
5046	0	5061
2689	0	1051
4858	0	144
4858	0	124
5062	0	1685
5063	0	5064
5065	0	2213
5066	0	4392
5067	0	2322
5068	0	2196
5069	0	2189
5070	0	1680
5071	0	4397
5072	0	2811
5073	0	5074
5075	0	2210
5076	0	1680
5077	0	4389
5078	0	4111
5078	0	1127
5078	0	5079
5080	0	1680
2811	0	2197
5081	0	950
5082	0	5083
5084	0	2146
5085	0	2031
5086	0	2036
5087	0	2029
5088	0	5089
5090	0	2045
5091	0	2031
4412	0	2039
5092	0	915
5093	0	2031
5093	0	2045
5094	0	912
500	0	5095
5096	0	5097
5098	0	511
5099	0	1667
5099	0	498
5100	0	5101
5102	0	500
5097	0	962
5103	0	3612
5104	0	1497
5104	0	500
5105	0	98
100	0	108
5106	0	1350
5107	0	1285
5108	0	3748
5108	0	1288
5109	0	4950
5110	0	1352
3978	0	1314
5111	0	2694
5112	0	4010
5113	0	4032
5114	0	3035
5115	0	5116
5117	0	5118
5119	0	1352
5120	0	4996
5121	0	1352
5122	0	1352
5122	0	5123
5124	0	5125
5126	0	5055
5126	0	3858
5127	0	5128
5129	0	1503
5129	0	4010
5130	0	1338
5131	0	4042
5132	0	1168
5133	0	1352
5134	0	1357
5135	0	1108
5135	0	1152
5136	0	1314
1312	0	1298
1312	0	5137
1312	0	4516
5138	0	5139
5140	0	5141
5142	0	4042
5143	0	1287
5144	0	4001
5145	0	5146
5147	0	1352
1168	0	1188
5148	0	3952
5149	0	5150
5151	0	1074
5152	0	3935
1347	0	1352
5153	0	5154
5155	0	5156
5155	0	5128
5157	0	1330
5158	0	5055
5158	0	3031
5159	0	5137
5160	0	1292
5161	0	5058
5161	0	2695
1188	0	1298
5162	0	5163
5164	0	5119
5165	0	5055
5166	0	1329
5167	0	1312
5168	0	1298
5169	0	1328
5169	0	1329
5169	0	5170
5156	0	3945
5171	0	5172
5171	0	1360
5173	0	1074
5174	0	1289
5174	0	5175
5176	0	1352
5177	0	4950
5178	0	4010
5179	0	4010
5180	0	5181
5182	0	1352
5183	0	5184
5185	0	5159
5186	0	1330
5187	0	3061
5187	0	3073
5188	0	1352
5188	0	1590
5189	0	5128
5189	0	5123
5190	0	1338
5191	0	5192
5191	0	5193
5194	0	1314
5195	0	5196
5197	0	5198
5199	0	1150
5200	0	3920
5201	0	1074
5202	0	3945
5203	0	5010
5139	0	5108
5204	0	4900
5205	0	3986
5205	0	5206
5207	0	1503
5207	0	5159
5208	0	3945
5209	0	5210
5211	0	1367
5212	0	3035
5213	0	5214
5215	0	3917
5216	0	5058
5216	0	5128
5217	0	1168
5218	0	4010
5219	0	5220
5221	0	4011
5222	0	1302
5223	0	3917
5224	0	1352
5225	0	4011
5226	0	1930
5226	0	1588
5227	0	1352
5184	0	4010
5228	0	3665
5229	0	1499
5229	0	3945
5198	0	3046
5198	0	4010
5230	0	1503
5230	0	1315
5231	0	5230
5232	0	4010
5233	0	4010
4254	0	5234
5137	0	1283
5137	0	1504
1338	0	1314
1338	0	3910
4010	0	3945
5214	0	1293
5214	0	5181
5235	0	3925
5235	0	5058
5236	0	3925
5236	0	5181
5181	0	1298
5181	0	3907
5237	0	5238
5239	0	5238
5240	0	1552
5241	0	1834
5242	0	1820
5242	0	2630
5243	0	4184
5244	0	1820
5245	0	5246
5247	0	1820
5248	0	4184
5249	0	1817
5250	0	5251
5252	0	787
5253	0	764
5254	0	767
780	0	768
5255	0	5256
5257	0	1674
5258	0	781
768	0	214
5259	0	5255
5259	0	774
5251	0	764
5251	0	769
5260	0	4370
5261	0	3649
1659	0	783
1659	0	5262
5263	0	241
5264	0	775
5265	0	770
5265	0	763
5266	0	5267
5268	0	756
5269	0	781
5270	0	5271
5270	0	763
5272	0	214
5273	0	241
5274	0	5275
5276	0	5267
5276	0	5277
5278	0	5275
5279	0	769
5279	0	763
5280	0	768
5280	0	763
5281	0	5282
5283	0	780
5284	0	5285
5286	0	5287
5288	0	5287
5289	0	763
5289	0	5290
5291	0	1674
5292	0	775
5292	0	763
5293	0	747
5293	0	5294
5295	0	758
5296	0	787
5297	0	769
5298	0	5255
5298	0	5299
5300	0	5271
5301	0	1674
4500	0	5302
4500	0	3698
5303	0	3749
5304	0	3095
5305	0	1051
5306	0	2993
5307	0	3016
5308	0	5309
5308	0	3767
5310	0	1056
5311	0	1064
5311	0	2831
4508	0	1506
5312	0	3016
5312	0	5313
5314	0	4957
5315	0	3095
5315	0	5316
5317	0	3047
5043	0	2998
5318	0	2831
5319	0	5320
5321	0	4481
5322	0	5323
5322	0	5324
5325	0	3068
5326	0	3000
5327	0	1051
3045	0	1590
3045	0	1051
5328	0	1506
5329	0	3016
5330	0	5331
5330	0	3370
5332	0	4479
5332	0	2869
5333	0	3003
5334	0	2831
5335	0	4500
5335	0	5331
5336	0	2831
5337	0	5043
5338	0	5339
5340	0	3000
5340	0	1863
5341	0	1050
5323	0	2843
5342	0	3919
5343	0	5339
5344	0	2825
5345	0	4958
5346	0	2710
3404	0	2843
5347	0	2831
3919	0	2825
3919	0	2814
5348	0	3004
5349	0	2831
5350	0	5331
5351	0	3064
5352	0	1056
5352	0	3045
5353	0	3050
5354	0	3047
5355	0	3066
5356	0	3016
5356	0	2814
5357	0	4481
5358	0	5359
5358	0	3369
5360	0	3367
5361	0	3016
5361	0	3334
5362	0	3698
5362	0	5363
5364	0	2995
5365	0	5366
5367	0	3369
5368	0	1054
5369	0	2779
5369	0	1556
5370	0	1051
5370	0	5123
5371	0	5372
5373	0	1503
5373	0	5374
5375	0	1056
5376	0	4508
5377	0	2998
4184	0	5378
241	0	208
758	0	749
5271	0	214
763	0	214
776	0	214
5379	0	214
5256	0	1672
5256	0	5267
759	0	776
2998	0	1056
3724	0	1284
3724	0	2998
2843	0	2831
2843	0	5380
5380	0	1061
5380	0	1556
5339	0	3001
5339	0	5380
3013	0	3014
3013	0	4897
4897	0	1908
4897	0	5381
1856	0	1842
1856	0	4897
3037	0	3815
3037	0	2995
5060	0	1284
5060	0	5381
3066	0	3016
3066	0	4897
5302	0	2831
5302	0	5382
5382	0	1556
5382	0	3693
3005	0	2825
3005	0	3815
1610	0	1314
1610	0	3907
3815	0	5060
3815	0	2826
3693	0	1057
3693	0	2689
3720	0	5060
3720	0	3050
5383	0	3001
5383	0	5382
5384	0	2607
5385	0	2804
5386	0	5387
5388	0	1048
5388	0	5389
5390	0	2322
5391	0	2322
5392	0	5393
5394	0	4682
5395	0	5396
5397	0	2197
5398	0	5399
5398	0	2630
5400	0	2213
5401	0	5396
5402	0	5390
5402	0	5403
5404	0	2197
5399	0	2187
5399	0	883
2322	0	2187
5405	0	2209
5405	0	2630
5406	0	2190
5406	0	2805
5407	0	2216
5408	0	5409
2804	0	2197
5410	0	2320
5411	0	2216
5412	0	5068
5413	0	5414
5415	0	4111
5415	0	2478
5416	0	2207
5417	0	5073
4144	0	1520
5418	0	1518
5419	0	1533
5420	0	1538
5421	0	1048
5421	0	1516
5422	0	1535
1519	0	5423
1540	0	4321
5424	0	1219
5425	0	1553
5426	0	1519
5427	0	2643
5428	0	5429
5430	0	1523
5431	0	1540
5432	0	1518
5433	0	1537
5433	0	2478
5434	0	1530
5435	0	1537
5436	0	1515
5437	0	1068
5438	0	1219
5439	0	5440
5439	0	1516
5441	0	1538
5442	0	1520
5443	0	992
5444	0	5019
5444	0	1008
5445	0	1000
5446	0	1015
5447	0	991
5448	0	1021
5449	0	872
5450	0	886
5450	0	1503
5450	0	3054
5450	0	3050
5450	0	2996
5451	0	1503
5451	0	873
5452	0	1684
5452	0	5453
5454	0	5455
5456	0	1000
5457	0	1006
5457	0	2796
5458	0	998
5459	0	1006
5460	0	1006
5460	0	4064
5460	0	5455
5461	0	1007
5462	0	5463
5464	0	5465
5466	0	5455
5467	0	5455
5467	0	5468
5469	0	1006
5470	0	3018
5471	0	991
5471	0	5465
5472	0	992
5473	0	1021
5474	0	5455
5475	0	866
5475	0	1048
5476	0	1008
5477	0	872
5478	0	872
5479	0	5465
5480	0	5465
5481	0	873
5482	0	1000
5483	0	5455
5483	0	2796
5484	0	877
5485	0	1006
5485	0	2121
5486	0	886
5487	0	872
5488	0	874
5489	0	3054
5490	0	1008
5491	0	872
5492	0	874
5493	0	4581
5494	0	4309
4581	0	1413
5495	0	5496
5497	0	1763
5497	0	5498
5499	0	1765
4547	0	1751
5500	0	4560
5501	0	1806
5502	0	1799
5503	0	1768
5504	0	1733
5505	0	5506
5507	0	1800
5507	0	4434
5508	0	1718
5509	0	5510
5511	0	1800
5512	0	4081
1760	0	1758
5513	0	4547
5514	0	1800
5514	0	2650
5515	0	1782
5516	0	1763
2189	0	2207
1763	0	701
1709	0	1719
1533	0	1516
1537	0	2634
1537	0	1516
2591	0	2593
1008	0	1000
1008	0	5517
5517	0	864
5517	0	5518
875	0	872
875	0	5517
993	0	886
993	0	5517
991	0	866
991	0	5517
5519	0	2881
5520	0	2707
5520	0	5521
5522	0	1209
5523	0	2145
4343	0	2538
5524	0	5525
5524	0	5526
5527	0	2145
5527	0	5525
5528	0	2910
5529	0	4343
5530	0	5531
5532	0	2883
5533	0	5534
5535	0	2538
5536	0	4874
5537	0	2698
5538	0	2875
5539	0	2878
5540	0	3024
5541	0	2872
5541	0	2900
5542	0	5543
5544	0	3024
5545	0	2698
5545	0	5546
2708	0	2145
5547	0	5548
4097	0	2134
4097	0	2145
5549	0	1166
5549	0	2907
5550	0	5551
5552	0	5553
5554	0	4874
5555	0	5556
5557	0	2704
5557	0	2705
5534	0	4873
5558	0	2908
5559	0	3024
5560	0	1166
5561	0	4873
5562	0	5563
5564	0	5565
5566	0	1142
5566	0	1166
5567	0	193
5568	0	2004
5569	0	5553
5570	0	2872
5571	0	2914
5572	0	964
5573	0	2004
5574	0	670
5575	0	2726
5576	0	3519
5576	0	3618
5577	0	1429
5578	0	2221
5579	0	2551
5580	0	2234
5580	0	2448
5581	0	1481
2483	0	857
2483	0	2230
5582	0	2462
5583	0	3418
5584	0	1406
5585	0	2382
1453	0	2309
1453	0	1454
5586	0	1434
5587	0	2228
5588	0	5589
5590	0	5591
5592	0	5593
5594	0	363
5595	0	5596
5597	0	2392
5598	0	2570
5599	0	1429
5600	0	2177
5601	0	5602
5603	0	5604
5605	0	1424
5606	0	1403
5606	0	2309
5607	0	2958
5607	0	2487
5608	0	2449
5609	0	2530
5610	0	862
5611	0	5612
5613	0	1491
5614	0	313
5615	0	5616
5617	0	1403
5617	0	5618
5619	0	1404
5619	0	5620
5621	0	3461
5622	0	294
5623	0	2277
5624	0	1371
5625	0	2181
5626	0	1371
5627	0	2221
5628	0	2158
5629	0	678
5629	0	1474
5630	0	2556
5631	0	828
5631	0	5632
5633	0	5588
5634	0	1404
5635	0	862
5636	0	2546
5637	0	2237
5638	0	2220
5639	0	2552
5640	0	3213
5641	0	1489
5642	0	3511
5642	0	5643
5644	0	2228
5645	0	1429
5646	0	2578
5647	0	1405
5647	0	5611
5648	0	792
5649	0	712
5650	0	2958
5650	0	5651
5652	0	2276
5652	0	5623
5653	0	2449
5654	0	2277
5655	0	1421
5656	0	862
5657	0	1440
5658	0	1452
5658	0	5602
5659	0	2219
5659	0	5660
4156	0	3137
4156	0	724
5661	0	5662
5663	0	2303
5663	0	2561
5664	0	2521
5665	0	2422
5666	0	2159
5667	0	5599
5668	0	2565
5669	0	1429
5670	0	847
5671	0	2495
5672	0	1389
5673	0	2449
5674	0	1392
5675	0	1491
5676	0	1405
5677	0	2282
5678	0	5679
5680	0	2449
5681	0	2234
5681	0	2282
5682	0	1467
5683	0	2309
5684	0	3382
5685	0	5591
5686	0	2234
5687	0	2292
5688	0	2391
5689	0	5588
5690	0	2391
5691	0	5692
5693	0	2451
5694	0	825
5694	0	850
5695	0	1382
5696	0	5697
5698	0	1475
5699	0	1387
5699	0	1693
5699	0	2108
5699	0	2306
5699	0	1684
5700	0	1450
5701	0	4442
5702	0	1429
5703	0	1404
5704	0	1481
5679	0	2181
5705	0	678
5706	0	2234
5707	0	1420
5708	0	1406
5709	0	2237
5710	0	2525
5711	0	2234
5712	0	1406
5713	0	1481
5714	0	2463
5715	0	2158
5716	0	1453
5717	0	2443
5718	0	2309
5719	0	3511
5719	0	1557
5720	0	861
5721	0	1438
5722	0	5702
5723	0	1405
5724	0	2162
5724	0	1431
5725	0	5726
5727	0	2219
5727	0	5728
5729	0	2480
5729	0	5713
5730	0	817
5731	0	1443
5731	0	1444
5732	0	5733
5734	0	1425
5735	0	1395
5736	0	2412
5737	0	2219
5738	0	1406
5739	0	1448
5740	0	1429
5741	0	3461
5742	0	862
5742	0	3134
1044	0	2565
1044	0	2448
5743	0	2812
5744	0	2534
5745	0	2220
5746	0	5747
5748	0	2421
5749	0	816
5750	0	3209
5751	0	2901
5752	0	5742
5753	0	2518
5753	0	5754
5755	0	862
5756	0	862
5757	0	2234
5758	0	3596
5758	0	5759
5760	0	1431
5761	0	3511
5761	0	1557
5762	0	5724
5763	0	1386
5764	0	2582
5765	0	1485
5766	0	2394
5767	0	1468
5768	0	862
5769	0	1281
3415	0	3596
5770	0	3133
5771	0	5772
5773	0	1386
5774	0	1434
5775	0	1483
5776	0	2221
5777	0	2167
5778	0	2418
5779	0	5780
5781	0	1762
5781	0	2549
5782	0	1406
5783	0	1488
5784	0	1460
5784	0	5785
5786	0	4052
5787	0	1426
5787	0	1684
5787	0	5788
5789	0	3209
5790	0	3648
5791	0	5742
5791	0	5768
5792	0	2176
5793	0	2237
5794	0	5725
5795	0	2546
5796	0	3436
5797	0	2235
5798	0	2237
5799	0	1429
5800	0	2164
5801	0	3375
5802	0	605
3466	0	2500
3466	0	1381
5803	0	2582
5804	0	1434
5616	0	3461
5805	0	1403
5806	0	5807
5808	0	1406
5808	0	2300
5809	0	3382
5810	0	313
5662	0	3209
5811	0	2222
5812	0	2506
5813	0	2443
5814	0	5655
5815	0	2230
5816	0	5662
5596	0	1372
5817	0	4167
5818	0	744
5819	0	1443
5819	0	1444
5819	0	1341
1045	0	1042
1045	0	2448
5820	0	4972
5821	0	713
5822	0	1381
5823	0	736
5824	0	821
2582	0	2300
5825	0	2443
5826	0	1431
5826	0	2415
5827	0	2457
5828	0	2159
5829	0	5738
5830	0	1436
5831	0	1395
5832	0	862
5832	0	3134
5697	0	2693
5747	0	5679
5833	0	2382
5834	0	2221
5834	0	5614
5835	0	2167
5835	0	2447
5836	0	1429
5837	0	571
5838	0	3464
5839	0	1406
5840	0	2160
5593	0	2246
5593	0	2292
5841	0	1406
5841	0	2237
5842	0	5843
5844	0	1481
5845	0	2287
5845	0	5846
2524	0	1404
2524	0	1048
5847	0	2484
2447	0	1373
1454	0	1404
1454	0	678
5618	0	2458
5618	0	1450
2460	0	2458
2460	0	678
5843	0	2161
5843	0	678
313	0	1489
313	0	678
5692	0	2542
5692	0	678
5848	0	2458
5848	0	2292
2292	0	2103
2159	0	1489
2159	0	678
2159	0	2396
1408	0	313
1408	0	5849
5850	0	2159
5850	0	5851
5850	0	5849
2421	0	2542
2421	0	2292
2484	0	2230
2484	0	2292
2439	0	2436
2439	0	2159
1463	0	1489
2303	0	295
1448	0	3137
1448	0	724
2145	0	5852
2145	0	2911
5553	0	111
5553	0	4078
4886	0	5146
5853	0	1153
5854	0	1086
5855	0	1139
4165	0	1197
5856	0	5857
5858	0	278
5859	0	1106
5859	0	675
1148	0	1090
5860	0	5861
5862	0	1122
5863	0	5857
5864	0	1086
1171	0	1071
5865	0	676
5865	0	1246
5866	0	5867
5868	0	1948
5869	0	1102
5870	0	347
5870	0	1171
5871	0	5859
5872	0	4740
5873	0	5135
5873	0	1948
5874	0	1086
5875	0	1078
5876	0	1191
5877	0	675
5878	0	1118
4884	0	1675
5879	0	1112
5880	0	4886
5881	0	5882
5883	0	1072
5884	0	266
5885	0	1077
5886	0	343
5887	0	5861
5888	0	5889
5890	0	388
5891	0	1166
5892	0	1211
5893	0	1076
5894	0	1071
5895	0	5867
5895	0	1172
5896	0	1141
5897	0	5898
5897	0	1152
5897	0	1948
5899	0	1102
5900	0	278
5900	0	343
5901	0	5902
5903	0	1171
5903	0	5867
5904	0	1099
5905	0	1126
5906	0	5907
5908	0	1151
5909	0	1171
5910	0	1146
5882	0	1107
5911	0	1099
5912	0	1340
5912	0	1302
5079	0	389
5913	0	555
5914	0	731
5915	0	1102
5916	0	1126
5917	0	278
5917	0	5918
5919	0	1151
5919	0	1152
5919	0	1948
5920	0	1595
5921	0	5867
5922	0	1088
5923	0	5887
5924	0	1095
1151	0	1199
5925	0	5887
5926	0	1091
5927	0	1124
5928	0	1096
5929	0	1072
5930	0	355
5931	0	1186
5932	0	1206
5933	0	1140
5934	0	278
5935	0	5895
2335	0	1096
5936	0	1102
2760	0	2746
5937	0	1100
5938	0	278
5939	0	278
5940	0	5861
5941	0	5932
5942	0	1071
5943	0	5854
5944	0	1104
5945	0	5867
5946	0	1086
5947	0	1211
1156	0	1141
5948	0	343
5949	0	1086
5950	0	1667
5951	0	1105
5951	0	5952
5951	0	1948
5953	0	1171
5954	0	1106
5955	0	1208
5956	0	1134
5957	0	1193
5958	0	1095
5959	0	1102
5960	0	4187
5961	0	1141
5962	0	4164
5963	0	1122
5964	0	1166
5964	0	5965
5966	0	5967
5968	0	1141
5969	0	1102
5970	0	1171
5971	0	5972
1092	0	1099
5973	0	1134
5974	0	1102
5975	0	1141
1103	0	278
1103	0	1948
5976	0	5861
5977	0	5037
5978	0	1077
5979	0	5037
5980	0	1190
5981	0	278
5982	0	1171
5983	0	1185
5984	0	5894
5985	0	5548
5985	0	1300
5986	0	5961
5987	0	1140
5988	0	1164
5989	0	5146
5990	0	1072
5991	0	1171
5992	0	1197
5993	0	4169
5994	0	5857
5995	0	1667
5996	0	1165
5997	0	1073
5998	0	5894
5999	0	1126
6000	0	1150
6001	0	4876
5952	0	5859
5952	0	1152
6002	0	1166
6003	0	1095
6004	0	1150
6005	0	343
6006	0	1072
6007	0	1102
6008	0	1191
6009	0	1072
6010	0	1048
6010	0	1096
6011	0	1166
6012	0	5146
6013	0	1072
6014	0	263
6014	0	1976
6015	0	4985
6016	0	4985
6017	0	638
6018	0	1270
717	0	611
6019	0	565
6019	0	741
6020	0	6021
6022	0	626
6023	0	1603
6024	0	6025
6026	0	6027
6028	0	606
6029	0	734
6030	0	734
6031	0	6032
6033	0	6034
6035	0	6027
6036	0	593
688	0	559
6037	0	552
6038	0	6039
6040	0	686
6041	0	1839
6042	0	741
622	0	584
6043	0	6044
6045	0	649
6046	0	6047
6048	0	700
685	0	548
6049	0	561
6050	0	733
6051	0	546
6052	0	685
6053	0	6054
575	0	525
651	0	520
6055	0	713
6056	0	524
6057	0	6058
6059	0	626
6060	0	1263
6061	0	1601
6062	0	667
6063	0	2876
6063	0	6064
6065	0	562
6066	0	530
6067	0	557
6068	0	1246
6069	0	624
6070	0	684
1249	0	709
6071	0	593
6072	0	6032
6073	0	597
6074	0	6075
6076	0	650
6077	0	713
6078	0	585
6079	0	744
6080	0	6081
6082	0	565
6082	0	542
6083	0	546
592	0	624
592	0	6084
6085	0	6086
6087	0	644
6088	0	1140
6088	0	700
6089	0	665
6090	0	679
6091	0	703
6039	0	608
6092	0	6093
1281	0	686
6094	0	1601
6095	0	6096
6095	0	6097
6098	0	730
6098	0	6099
6100	0	625
6100	0	596
6101	0	6102
6103	0	6104
6105	0	6106
6107	0	579
6108	0	6068
6109	0	1282
6110	0	6111
6110	0	6112
6113	0	6114
6115	0	700
6116	0	555
6117	0	620
6118	0	1263
6119	0	611
6120	0	660
6120	0	1426
6121	0	1263
6122	0	744
6122	0	5649
6122	0	6123
6124	0	6125
6126	0	615
6111	0	651
6127	0	700
6128	0	567
6129	0	1240
6130	0	573
6131	0	1231
6132	0	1277
6133	0	606
6134	0	6135
6136	0	741
6137	0	605
6138	0	663
6139	0	665
6140	0	573
6141	0	6142
6143	0	1263
6144	0	561
6145	0	585
6145	0	6146
6147	0	1601
6148	0	700
6149	0	700
6150	0	645
6086	0	592
6151	0	593
6152	0	744
6152	0	5649
6153	0	1048
6153	0	1278
6154	0	520
6155	0	6156
6157	0	389
6157	0	6158
6159	0	697
6160	0	6142
6161	0	687
6162	0	562
6162	0	3201
6163	0	1263
6164	0	657
6165	0	570
6166	0	1603
6167	0	6107
6168	0	1231
6047	0	6169
6170	0	1277
6171	0	602
6172	0	633
6173	0	1601
6173	0	641
6174	0	595
6175	0	581
6175	0	6176
6177	0	6178
6179	0	1599
6179	0	6180
6181	0	6182
6183	0	6184
6183	0	6185
6021	0	602
6186	0	3134
6186	0	6187
6188	0	589
6189	0	633
6190	0	723
6191	0	602
6192	0	6193
6194	0	6195
6196	0	6107
6156	0	605
6197	0	6039
6197	0	6027
6198	0	6199
6200	0	547
6201	0	606
6202	0	429
6203	0	1282
6204	0	652
6205	0	564
6206	0	6207
6208	0	595
624	0	524
6209	0	722
6209	0	1426
6210	0	1263
6182	0	565
6211	0	6094
6212	0	723
6213	0	1601
6180	0	561
6214	0	6025
6215	0	520
6216	0	639
6217	0	6024
6218	0	714
6218	0	744
6219	0	6047
6220	0	6221
6222	0	699
6222	0	1764
6223	0	700
6224	0	645
6225	0	6112
6226	0	1277
6227	0	622
6228	0	6039
6229	0	633
6230	0	1265
6231	0	6232
6233	0	6234
6112	0	542
6235	0	686
6236	0	619
6237	0	6238
1226	0	592
6239	0	6240
6241	0	1264
6242	0	609
6243	0	744
6244	0	676
6245	0	699
6245	0	5498
6245	0	6246
6247	0	6248
709	0	581
6249	0	608
6250	0	665
6032	0	6075
6251	0	6069
6252	0	619
6253	0	699
6254	0	6255
700	0	520
700	0	6176
6176	0	2634
6176	0	614
697	0	524
1603	0	367
1603	0	540
6256	0	347
1606	0	520
584	0	581
584	0	6096
584	0	6104
557	0	555
557	0	6176
6096	0	582
6096	0	587
587	0	614
6257	0	521
6257	0	587
679	0	660
679	0	6257
1245	0	542
1245	0	6093
6081	0	541
6081	0	1245
6093	0	520
6093	0	6257
6104	0	575
6104	0	587
6058	0	572
6058	0	6104
5861	0	1076
1086	0	1117
6258	0	1080
1106	0	1110
1166	0	1066
1166	0	4078
731	0	1131
6259	0	6260
6261	0	2720
6262	0	6263
6264	0	1561
6264	0	5123
6265	0	6266
6267	0	1561
6268	0	6269
6270	0	1901
6271	0	1842
6272	0	1842
6273	0	3665
6274	0	6275
4279	0	1561
6276	0	1842
6276	0	3072
6277	0	1906
6278	0	1850
6279	0	1858
6279	0	1588
6280	0	5000
6281	0	4933
6282	0	1561
6283	0	6284
6285	0	1947
6286	0	6284
6287	0	1842
6288	0	6289
6290	0	5372
6291	0	1948
6292	0	1056
6292	0	1561
6292	0	6293
6294	0	1941
6294	0	6295
6296	0	1555
6297	0	1858
1925	0	1930
6298	0	4933
6299	0	1845
6300	0	1561
6301	0	1926
6302	0	6284
6302	0	1048
6302	0	6303
6304	0	1842
6305	0	1561
6306	0	6284
6307	0	1926
6308	0	1850
6308	0	2836
6309	0	6283
6309	0	1926
6310	0	1930
6311	0	3499
6312	0	2926
6313	0	6314
6315	0	3648
2268	0	3501
6316	0	3081
6317	0	3158
6318	0	4374
6319	0	2081
6320	0	3124
6321	0	4749
6321	0	6322
6323	0	4060
6324	0	6325
6326	0	2069
6327	0	2919
6328	0	2793
6329	0	6330
6331	0	3251
6332	0	3522
6333	0	959
6334	0	929
6335	0	940
6336	0	172
6337	0	963
6338	0	950
6339	0	5101
6340	0	172
6341	0	6342
6343	0	172
6344	0	932
6345	0	952
6346	0	6347
6348	0	929
6348	0	6349
6350	0	5092
6351	0	955
6352	0	6353
6354	0	171
6355	0	971
6356	0	925
6357	0	6358
6359	0	940
6360	0	940
6361	0	889
6361	0	978
6362	0	918
6363	0	6364
6365	0	172
6366	0	6367
6368	0	963
6368	0	2630
6369	0	6360
6370	0	942
6370	0	6371
6372	0	6373
6374	0	929
6375	0	6376
6375	0	3173
6377	0	939
6378	0	924
6379	0	956
6380	0	939
6381	0	925
6381	0	6376
6382	0	919
6364	0	963
6383	0	962
6384	0	966
6385	0	5543
6386	0	6360
6387	0	6388
6342	0	2910
6342	0	4184
6342	0	6389
6390	0	919
6391	0	4352
6392	0	2953
6393	0	1962
6394	0	2793
6395	0	150
6396	0	2925
6397	0	6398
6399	0	6400
6401	0	1403
6402	0	2264
6403	0	2081
6404	0	2919
6405	0	928
6406	0	2250
6407	0	2261
6408	0	4735
6409	0	2908
6410	0	3158
6411	0	3552
6412	0	2268
6413	0	6414
6415	0	2932
6416	0	2953
6417	0	3158
6418	0	2246
6418	0	2582
6419	0	6420
6421	0	3247
6422	0	2953
6422	0	367
6423	0	3161
6424	0	3499
6425	0	6426
6427	0	3296
733	0	6398
6428	0	6429
6430	0	154
6431	0	6432
6433	0	3251
6434	0	2085
6435	0	4126
6436	0	2951
4420	0	2038
6437	0	4068
6438	0	622
6439	0	1963
6440	0	6420
6441	0	6442
6443	0	6444
6445	0	2951
6446	0	6425
6447	0	6426
6448	0	3274
6449	0	3078
6450	0	2542
6451	0	1918
6451	0	1928
6452	0	1930
6452	0	1856
1926	0	1930
1858	0	1930
1853	0	1842
1853	0	3095
4933	0	1930
4933	0	1562
4933	0	6453
6284	0	1930
6284	0	6454
6275	0	1561
6275	0	6454
4409	0	4059
172	0	882
6455	0	1387
6456	0	6457
1872	0	1354
1889	0	1354
6458	0	1883
6459	0	1353
6459	0	1890
6460	0	278
6460	0	6461
6462	0	1889
6463	0	1677
6464	0	1354
6465	0	1881
6466	0	278
6466	0	1896
6467	0	6468
6469	0	1882
6470	0	1353
6470	0	1885
1890	0	1354
6471	0	1873
6472	0	278
6472	0	6461
6473	0	4239
6474	0	2970
6475	0	6476
6477	0	1035
6478	0	2969
6479	0	2980
6480	0	4204
4207	0	1036
6481	0	1034
6482	0	6475
6483	0	4250
3316	0	1036
4930	0	4200
6484	0	4207
6485	0	1034
6486	0	6475
6486	0	6487
6488	0	4226
6489	0	4215
6490	0	1036
4234	0	1036
6491	0	2960
3319	0	506
6492	0	2969
6493	0	2980
6493	0	4134
6494	0	1034
6495	0	4207
6496	0	3408
6497	0	6475
6498	0	2977
6499	0	4234
6500	0	6475
6501	0	4202
6502	0	2782
4239	0	4899
6503	0	3428
6504	0	3311
6505	0	6499
6506	0	2681
6507	0	6487
6508	0	2798
6509	0	6487
6510	0	5036
6511	0	6475
6512	0	6513
6514	0	6476
6515	0	2960
6516	0	6517
6518	0	4198
6519	0	6499
6520	0	6521
6520	0	6522
4909	0	4245
6523	0	4214
6523	0	6475
6524	0	3305
6525	0	6526
6527	0	6528
4245	0	1036
4245	0	6475
6529	0	4198
6530	0	6531
6532	0	506
6533	0	6499
6534	0	6505
6535	0	3304
6536	0	3307
6517	0	2961
6517	0	3428
6537	0	291
6538	0	1264
6238	0	552
6539	0	4136
6540	0	601
6541	0	452
6541	0	6542
6543	0	667
6544	0	2335
6545	0	657
6546	0	450
6476	0	2980
6476	0	2798
6513	0	1036
4215	0	3428
4215	0	2798
2798	0	1034
2798	0	5518
2833	0	1034
2833	0	2677
6547	0	439
6548	0	452
6549	0	439
6550	0	6551
6552	0	6553
6554	0	407
6555	0	417
444	0	439
6556	0	6557
6558	0	424
6559	0	1840
6560	0	6561
6562	0	6041
6563	0	6556
6564	0	452
6565	0	444
6566	0	6565
6567	0	6568
6569	0	452
6569	0	6570
6571	0	448
6561	0	439
6572	0	450
6573	0	6574
6575	0	446
6576	0	450
6576	0	6570
6577	0	408
6578	0	4158
6579	0	450
6580	0	408
436	0	420
6581	0	446
6582	0	452
6583	0	452
6584	0	452
6584	0	6585
414	0	4147
6586	0	411
6587	0	98
6588	0	10
6589	0	23
6590	0	10
6591	0	75
6592	0	2701
6593	0	6343
6594	0	60
6595	0	892
6596	0	1411
6596	0	901
6597	0	136
6598	0	6599
6600	0	58
6601	0	3
6601	0	124
6602	0	125
6603	0	896
6604	0	4874
6604	0	2705
6605	0	6603
6606	0	6607
6608	0	2088
6609	0	169
43	0	38
6610	0	188
6611	0	4287
6612	0	189
6612	0	6613
6614	0	101
6615	0	138
122	0	106
6616	0	125
6616	0	6617
6618	0	92
6618	0	90
20	0	163
6619	0	36
6620	0	44
6621	0	22
6622	0	138
5565	0	4874
5565	0	4094
6623	0	6598
6624	0	10
6625	0	10
6625	0	1048
6626	0	102
6627	0	94
6628	0	65
6629	0	57
6630	0	36
6631	0	99
6632	0	45
6633	0	184
6633	0	6634
6635	0	2150
6636	0	145
6637	0	45
6638	0	94
6639	0	169
6640	0	6641
6642	0	3265
6643	0	84
6644	0	52
6645	0	2250
6646	0	45
6647	0	67
6647	0	6648
78	0	57
78	0	67
6649	0	104
6650	0	92
6651	0	188
6652	0	36
6653	0	68
6654	0	1680
6655	0	1680
6656	0	1680
6657	0	1680
6658	0	1680
6659	0	1680
6660	0	4719
6661	0	1048
6661	0	1680
6662	0	2801
6663	0	6664
6665	0	1683
6666	0	805
6667	0	814
6668	0	6669
6670	0	828
6671	0	834
6671	0	1468
6672	0	789
6673	0	811
6674	0	406
6557	0	408
6557	0	6674
6675	0	436
6675	0	6674
6676	0	6674
6676	0	425
36	0	31
2014	0	701
2014	0	6677
6664	0	1680
6678	0	1500
6679	0	5323
6679	0	3404
6680	0	3369
6681	0	6682
6683	0	3667
6684	0	6682
6685	0	3369
6685	0	3858
6686	0	2885
6687	0	6688
6689	0	5359
6689	0	3369
6689	0	2695
6690	0	3194
3101	0	1503
6691	0	2830
6692	0	3367
6692	0	6693
6694	0	3367
6695	0	3181
6696	0	2885
6697	0	3367
6698	0	3184
6699	0	2885
6700	0	2710
6701	0	3097
6701	0	5359
6701	0	2695
6702	0	1062
6703	0	3183
6703	0	3186
6704	0	6705
6706	0	1062
6707	0	2694
6707	0	5359
6707	0	3369
6708	0	3367
6708	0	5359
6705	0	3183
6709	0	3181
6710	0	5359
6711	0	3765
6712	0	6713
6714	0	2790
6715	0	6716
6717	0	1617
6718	0	3477
6719	0	1629
6720	0	1629
6721	0	3482
6722	0	1615
6722	0	15
6722	0	6723
2128	0	6724
6716	0	3475
6725	0	1617
355	0	3640
6726	0	6716
1629	0	923
4474	0	6716
4474	0	3003
6727	0	6716
6728	0	2048
6729	0	6716
6730	0	3482
6731	0	946
6732	0	1451
6733	0	363
6734	0	2743
6735	0	3208
6736	0	3596
6736	0	5789
6737	0	2551
6738	0	3618
6739	0	363
6740	0	1574
6740	0	5750
6741	0	1579
6741	0	6742
6743	0	4649
6744	0	3387
6745	0	3596
6746	0	1564
6746	0	5750
6747	0	2522
6747	0	1284
6748	0	1549
6748	0	6742
6749	0	6750
6751	0	3209
6752	0	3511
3625	0	1550
3625	0	205
6753	0	1550
6753	0	3511
6754	0	3519
6420	0	6755
6756	0	3204
6757	0	1549
6757	0	3625
6758	0	6742
6758	0	498
6759	0	504
6759	0	367
6760	0	6761
3583	0	1569
3583	0	1586
6762	0	3607
6763	0	504
3623	0	3464
3623	0	3384
6764	0	1545
6764	0	3463
6764	0	3384
6765	0	4651
6765	0	6742
6766	0	355
6767	0	1134
6767	0	504
6742	0	1577
6768	0	1350
6769	0	6770
6769	0	6771
6772	0	6773
6774	0	1567
6774	0	1586
6775	0	1580
6775	0	6742
6776	0	355
6777	0	354
6778	0	3635
6779	0	502
6780	0	3508
6781	0	6773
6782	0	3464
6783	0	1557
6784	0	1555
6785	0	5662
6786	0	3208
6787	0	2455
6788	0	1549
6788	0	3209
6789	0	6746
6790	0	6791
6750	0	2522
6750	0	1556
6750	0	5838
6792	0	1549
6792	0	1581
6793	0	3604
6794	0	3561
6795	0	6796
6797	0	6798
6799	0	1581
6800	0	6733
6800	0	6739
6801	0	2522
6802	0	6798
6803	0	5662
6804	0	3627
6805	0	3204
6806	0	2637
6807	0	3322
6807	0	3384
6808	0	3417
6809	0	241
6810	0	241
6811	0	206
6812	0	1687
6812	0	847
6813	0	241
6814	0	241
6815	0	2761
6816	0	226
6817	0	6810
6818	0	6819
6820	0	771
6820	0	6821
6713	0	2677
3184	0	3182
3184	0	6713
6682	0	3182
6682	0	6822
6822	0	2677
6822	0	3334
5359	0	3334
5359	0	2830
6693	0	2830
6693	0	3104
6693	0	6713
6823	0	878
6824	0	878
6825	0	879
6825	0	6826
5453	0	502
6827	0	1060
6828	0	290
6828	0	5518
6829	0	386
6829	0	6828
400	0	263
400	0	6828
2724	0	2722
2724	0	4784
4784	0	306
4784	0	6828
865	0	1060
5518	0	6827
5518	0	865
5867	0	1071
5867	0	1141
353	0	3508
6798	0	353
504	0	6780
504	0	353
1557	0	367
1557	0	1341
1583	0	1577
1583	0	1557
5759	0	1545
5759	0	3209
3387	0	1350
3387	0	5758
6773	0	367
6266	0	1930
6266	0	4064
1588	0	1842
1588	0	5313
1571	0	1842
1571	0	1908
5061	0	1908
5061	0	2976
5061	0	1510
5313	0	1017
5313	0	1908
1562	0	1842
1562	0	5061
3594	0	3507
3594	0	5440
4019	0	1284
2971	0	865
2549	0	701
2549	0	1428
6830	0	3599
6830	0	6831
6830	0	6832
6833	0	3599
6833	0	6834
6833	0	6835
6836	0	3599
6836	0	6837
6836	0	6838
6839	0	3944
3963	0	1293
3963	0	5058
6840	0	6839
6840	0	3963
6840	0	6841
6842	0	6840
6842	0	6837
6842	0	6843
6844	0	6840
6844	0	3957
6844	0	6845
6846	0	6840
6846	0	3960
6846	0	6847
6848	0	6831
6849	0	6840
6849	0	6834
6849	0	6850
6851	0	6840
6851	0	3600
6851	0	6852
3953	0	3950
3953	0	6853
6854	0	3953
6854	0	6855
6854	0	6856
3976	0	1338
3976	0	1048
6857	0	3599
6857	0	6858
6857	0	6859
6860	0	3599
6860	0	6861
6860	0	6862
6863	0	3599
6863	0	6864
6863	0	6865
6866	0	3950
6866	0	6867
6866	0	6868
6869	0	3950
6869	0	6870
6869	0	6871
6872	0	3948
6872	0	3950
6872	0	6873
6874	0	5055
6874	0	6875
3938	0	3936
3938	0	3945
6876	0	3946
6876	0	3950
6876	0	6877
6878	0	3936
6878	0	5058
6879	0	3950
6879	0	6880
6879	0	6881
6879	0	6882
6883	0	5169
6883	0	6884
6883	0	6885
6884	0	3949
6884	0	3950
6884	0	6886
3942	0	3923
3942	0	1293
6887	0	3942
6887	0	5172
5054	0	3950
5054	0	6888
5054	0	6889
6890	0	1293
6890	0	1343
6891	0	6890
6891	0	6892
6893	0	6890
6893	0	1336
6894	0	6890
6895	0	3599
6895	0	6896
6895	0	6897
6898	0	3599
6898	0	6899
6898	0	6900
6901	0	3695
6901	0	5055
6902	0	3697
6902	0	5055
6903	0	5055
6903	0	6904
6903	0	1590
6905	0	6839
6905	0	6853
5192	0	4031
5192	0	5055
6906	0	5055
6906	0	3701
6907	0	5055
6907	0	3767
6907	0	3910
6908	0	5055
6908	0	4479
6909	0	6840
6909	0	6896
6909	0	6910
3599	0	3965
3599	0	3963
3599	0	6911
6912	0	6840
6912	0	6864
6912	0	6913
6914	0	6840
6914	0	6899
6914	0	6915
6916	0	6840
6916	0	6858
6916	0	6917
6918	0	6840
6918	0	6861
6918	0	6919
6920	0	3962
6920	0	3600
6920	0	6921
6922	0	3962
6922	0	6896
6922	0	6923
6924	0	3962
6924	0	3957
6924	0	6925
6926	0	3962
6926	0	6831
6926	0	6927
6928	0	3962
6928	0	6861
6928	0	6929
6930	0	3962
6930	0	6864
6930	0	6931
6932	0	3962
6932	0	3960
6932	0	6933
6934	0	3962
6934	0	6899
6934	0	6935
6936	0	3962
6936	0	6834
6936	0	6937
6938	0	3962
6938	0	6858
6938	0	6939
6940	0	3962
6940	0	6837
6940	0	6941
6942	0	6943
6942	0	6944
6942	0	6921
6945	0	6943
6945	0	6946
6945	0	6923
6947	0	6943
6947	0	6948
6947	0	6925
6949	0	6943
6949	0	6950
6949	0	6927
6951	0	6943
6951	0	6952
6951	0	6929
6953	0	6943
6953	0	6954
6953	0	6931
6955	0	6943
6955	0	6956
6955	0	6933
6957	0	6943
6957	0	6958
6957	0	6935
6959	0	6943
6959	0	6960
6959	0	6937
6961	0	6943
6961	0	6962
6961	0	6939
6963	0	6943
6963	0	6964
6963	0	6941
6965	0	6905
6965	0	6855
6965	0	6966
6967	0	6905
6967	0	3954
6967	0	5163
6968	0	6839
6968	0	6870
6968	0	6969
6970	0	6839
6970	0	6867
6970	0	6971
6972	0	3946
6972	0	6839
6972	0	6973
6974	0	3948
6974	0	6839
6974	0	6975
6976	0	6839
6976	0	6880
6976	0	6977
6976	0	6978
6885	0	3949
6885	0	6839
6885	0	6979
6980	0	6839
6980	0	6888
6980	0	6981
6982	0	5034
6982	0	6885
6982	0	5023
6983	0	6980
3954	0	5214
3954	0	4995
6855	0	5214
6855	0	3917
3969	0	3965
3969	0	6853
6984	0	3965
6984	0	6870
6984	0	6985
6986	0	3965
6986	0	6867
6986	0	6987
6988	0	3948
6988	0	3965
6988	0	6989
6990	0	3965
6990	0	6880
6990	0	6991
6990	0	6992
6993	0	1327
6993	0	3965
6993	0	6884
6994	0	3965
6994	0	6888
6994	0	6995
6996	0	6855
6996	0	3969
6996	0	6997
6943	0	6878
6943	0	6998
6943	0	3964
6999	0	6878
6999	0	7000
6999	0	6841
7001	0	6878
7001	0	7002
7001	0	6911
7003	0	7001
7003	0	6944
7003	0	3601
7004	0	7001
7004	0	6946
7004	0	6897
7005	0	7001
7005	0	6948
7005	0	3958
7006	0	7001
7006	0	6950
7006	0	6832
7007	0	7001
7007	0	6952
7007	0	6862
7008	0	7001
7008	0	6954
7008	0	6865
7009	0	7001
7009	0	6956
7009	0	3961
7010	0	7001
7010	0	6958
7010	0	6900
7011	0	7001
7011	0	6960
7011	0	6835
7012	0	7001
7012	0	6962
7012	0	6859
7013	0	7001
7013	0	6964
7013	0	6838
7014	0	6999
7014	0	6944
7014	0	6852
7015	0	6999
7015	0	6946
7015	0	6910
7016	0	6999
7016	0	6948
7016	0	6845
7017	0	6999
7017	0	6950
7017	0	7018
7019	0	6999
7019	0	6952
7019	0	6919
7020	0	6999
7020	0	6954
7020	0	6913
7021	0	6999
7021	0	6956
7021	0	6847
7022	0	6999
7022	0	6958
7022	0	6915
7023	0	6999
7023	0	6960
7023	0	6850
7024	0	6999
7024	0	6962
7024	0	6917
7025	0	6999
7025	0	6964
7025	0	6843
7026	0	3936
7026	0	5181
7027	0	3923
7027	0	3936
7028	0	3936
7028	0	1343
7029	0	7028
7029	0	6892
7030	0	7028
7030	0	1336
7031	0	7028
7032	0	7027
7032	0	5172
7033	0	7027
7033	0	1359
7034	0	7026
7034	0	4995
7035	0	7026
7035	0	3917
7002	0	3938
6998	0	3938
7000	0	3938
7036	0	3922
7036	0	3938
7036	0	3947
7037	0	7002
7037	0	7036
7037	0	3967
7038	0	6998
7038	0	7036
7038	0	6877
7039	0	7000
7039	0	7036
7039	0	6973
7040	0	7002
7040	0	7041
7042	0	7034
7042	0	7040
7042	0	3935
7043	0	7035
7043	0	7040
7043	0	6997
7044	0	7002
7044	0	7045
7044	0	6985
7046	0	6998
7046	0	7045
7046	0	6871
7047	0	7035
7047	0	7048
7047	0	6856
7049	0	3952
7049	0	7034
7049	0	7048
7050	0	6998
7050	0	7051
7050	0	6868
7052	0	3937
7052	0	6998
7052	0	6873
7053	0	7035
7053	0	7054
7053	0	6966
7048	0	6998
7048	0	7041
7054	0	7000
7054	0	7041
7055	0	7034
7055	0	7054
7055	0	5163
7056	0	7002
7056	0	7051
7056	0	6987
7057	0	3937
7057	0	7002
7057	0	6989
7058	0	7002
7058	0	7059
7058	0	6991
7058	0	7060
7061	0	1327
7061	0	7002
7061	0	7062
7063	0	7002
7063	0	7064
7063	0	6995
7065	0	6998
7065	0	7059
7065	0	6881
7065	0	7066
7062	0	3940
7062	0	6998
7062	0	6886
7067	0	6998
7067	0	7064
7067	0	6889
7068	0	7000
7068	0	7045
7068	0	6969
7069	0	7000
7069	0	7051
7069	0	6971
7070	0	3937
7070	0	7000
7070	0	6975
7071	0	7000
7071	0	7059
7071	0	6977
7071	0	7072
7073	0	3940
7073	0	7000
7073	0	6979
7074	0	7000
7074	0	7064
7074	0	6981
3931	0	3929
3931	0	3945
7075	0	3923
7075	0	3929
7076	0	3929
7076	0	5181
7077	0	3929
7077	0	1343
7078	0	3929
7078	0	5058
7079	0	7080
7079	0	7081
7079	0	6921
7082	0	7080
7082	0	7083
7082	0	6923
7084	0	7080
7084	0	7085
7084	0	6925
7086	0	7080
7086	0	7087
7086	0	6927
7088	0	7080
7088	0	7089
7088	0	6929
7090	0	7080
7090	0	7091
7090	0	6931
7092	0	7080
7092	0	7093
7092	0	6933
7094	0	7080
7094	0	7095
7094	0	6935
7096	0	7080
7096	0	7097
7096	0	6937
7098	0	7080
7098	0	7099
7098	0	6939
7100	0	7080
7100	0	7101
7100	0	6941
7102	0	7078
7102	0	7103
7102	0	6911
7104	0	7078
7104	0	7105
7104	0	6841
7080	0	3930
7080	0	7078
7080	0	3964
7106	0	7102
7106	0	7081
7106	0	3601
7107	0	7102
7107	0	7083
7107	0	6897
7108	0	7102
7108	0	7085
7108	0	3958
7109	0	7102
7109	0	7087
7109	0	6832
7110	0	7102
7110	0	7089
7110	0	6862
7111	0	7102
7111	0	7091
7111	0	6865
7112	0	7102
7112	0	7093
7112	0	3961
7113	0	7102
7113	0	7095
7113	0	6900
7114	0	7102
7114	0	7097
7114	0	6835
7115	0	7102
7115	0	7099
7115	0	6859
7116	0	7102
7116	0	7101
7116	0	6838
7117	0	7104
7117	0	7081
7117	0	6852
7118	0	7104
7118	0	7083
7118	0	6910
7119	0	7104
7119	0	7085
7119	0	6845
7120	0	7104
7120	0	7087
7120	0	7018
7121	0	7104
7121	0	7089
7121	0	6919
7122	0	7104
7122	0	7091
7122	0	6913
7123	0	7104
7123	0	7093
7123	0	6847
7124	0	7104
7124	0	7095
7124	0	6915
7125	0	7104
7125	0	7097
7125	0	6850
7126	0	7104
7126	0	7099
7126	0	6917
7127	0	7104
7127	0	7101
7127	0	6843
7103	0	3931
7105	0	3931
3955	0	1285
7128	0	3955
7129	0	3955
7130	0	1285
6870	0	3944
6870	0	5150
6867	0	3944
6867	0	7131
6853	0	3944
6853	0	5040
6880	0	7132
6880	0	7133
6888	0	3944
6888	0	7134
7135	0	6994
3917	0	5181
4995	0	5181
4995	0	1286
3600	0	3963
3600	0	7136
6896	0	3963
6896	0	7137
3957	0	3963
3957	0	5116
6831	0	3963
6831	0	7138
6861	0	3963
6861	0	7139
6864	0	3963
6864	0	7140
3960	0	3963
3960	0	7141
3960	0	7133
6899	0	3963
6899	0	7142
6834	0	3963
6834	0	7143
6858	0	3963
6858	0	7144
6837	0	3963
6837	0	7145
6944	0	6878
6944	0	7136
6946	0	6878
6946	0	7137
6948	0	6878
6948	0	5116
6950	0	6878
6950	0	7138
6952	0	6878
6952	0	7139
6954	0	6878
6954	0	7140
6956	0	6878
6956	0	7141
6956	0	7146
6958	0	6878
6958	0	7142
6960	0	6878
6960	0	7143
6962	0	6878
6962	0	7144
6964	0	6878
6964	0	7145
7045	0	3938
7045	0	5150
7051	0	3938
7051	0	7131
7059	0	7132
7059	0	7146
7064	0	3938
7064	0	7134
7041	0	3938
7041	0	5040
7081	0	7078
7081	0	7136
7083	0	7078
7083	0	7137
7085	0	7078
7085	0	5116
7087	0	7078
7087	0	7138
7089	0	7078
7089	0	7139
7091	0	7078
7091	0	7140
7093	0	7078
7093	0	7141
7093	0	7147
7095	0	7078
7095	0	7142
7097	0	7078
7097	0	7143
7099	0	7078
7099	0	7144
7101	0	7078
7101	0	7145
3933	0	7103
3933	0	7148
7149	0	7103
7149	0	7150
7149	0	6985
7151	0	7103
7151	0	7152
7151	0	6987
7153	0	7103
7153	0	7154
7153	0	6989
7155	0	7103
7155	0	7156
7155	0	6991
7155	0	7157
7158	0	1327
7158	0	7103
7158	0	7159
7160	0	7103
7160	0	7161
7160	0	6995
7162	0	7103
7162	0	7163
7162	0	3967
7164	0	3933
7164	0	7165
7164	0	6997
7166	0	3930
7166	0	7150
7166	0	6871
7167	0	3930
7167	0	7152
7167	0	6868
7168	0	3930
7168	0	7163
7168	0	6877
7169	0	3930
7169	0	7154
7169	0	6873
7170	0	3930
7170	0	7156
7170	0	6881
7170	0	7171
7159	0	3930
7159	0	7172
7159	0	6886
7173	0	3930
7173	0	7161
7173	0	6889
7174	0	3930
7174	0	7148
7175	0	7174
7175	0	7165
7175	0	6856
7176	0	3952
7176	0	7174
7176	0	3934
7150	0	3931
7150	0	5150
7152	0	3931
7152	0	7131
7163	0	3922
7163	0	3931
7163	0	3947
7154	0	3931
7154	0	3939
7156	0	7132
7156	0	7147
7172	0	3931
7172	0	1328
7172	0	1329
7161	0	3931
7161	0	7134
7148	0	3931
7148	0	5040
7177	0	7105
7177	0	7150
7177	0	6969
7178	0	7105
7178	0	7152
7178	0	6971
7179	0	7105
7179	0	7163
7179	0	6973
7180	0	7105
7180	0	7154
7180	0	6975
7181	0	7105
7181	0	7156
7181	0	6977
7181	0	7182
7183	0	7105
7183	0	7172
7183	0	6979
7184	0	7105
7184	0	7161
7184	0	6981
7185	0	7105
7185	0	7148
7186	0	7185
7186	0	7165
7186	0	6966
7187	0	7185
7187	0	3934
7187	0	5163
7165	0	7076
7165	0	3917
3934	0	7076
3934	0	4995
7188	0	7075
7188	0	1359
7189	0	7075
7189	0	5172
7190	0	5172
7190	0	7191
5172	0	1316
5172	0	3923
1359	0	3923
1359	0	7192
7193	0	1359
7193	0	7191
7191	0	3923
7191	0	3925
7194	0	7077
7194	0	6892
7195	0	7077
7196	0	7077
7196	0	1336
4928	0	1283
4928	0	3033
4928	0	1363
7197	0	5169
7197	0	7062
7197	0	7073
7198	0	5034
7198	0	7073
7198	0	5022
7199	0	5169
7199	0	7159
7199	0	7183
7200	0	5034
7200	0	7183
7200	0	7201
1317	0	1302
7192	0	1317
3920	0	7192
5125	0	1316
7202	0	5235
7202	0	7136
7203	0	5235
7203	0	7137
7204	0	5235
7204	0	5116
7205	0	5235
7205	0	7138
7206	0	5235
7206	0	7139
7207	0	5235
7207	0	7140
7208	0	5235
7208	0	7141
7208	0	7209
7210	0	5235
7210	0	7142
7211	0	5235
7211	0	7143
7212	0	5235
7212	0	7144
7213	0	5235
7213	0	7145
7214	0	5235
7214	0	7215
7214	0	6911
7216	0	5235
7216	0	7217
7216	0	3964
7218	0	5235
7218	0	5210
7218	0	6841
7219	0	7202
7219	0	7214
7219	0	3601
7220	0	7203
7220	0	7214
7220	0	6897
7221	0	7204
7221	0	7214
7221	0	3958
7222	0	7205
7222	0	7214
7222	0	6832
7223	0	7206
7223	0	7214
7223	0	6862
7224	0	7207
7224	0	7214
7224	0	6865
7225	0	7208
7225	0	7214
7225	0	3961
7226	0	7210
7226	0	7214
7226	0	6900
7227	0	7211
7227	0	7214
7227	0	6835
7228	0	7212
7228	0	7214
7228	0	6859
7229	0	7213
7229	0	7214
7229	0	6838
7230	0	7202
7230	0	7216
7230	0	6921
7231	0	7203
7231	0	7216
7231	0	6923
7232	0	7204
7232	0	7216
7232	0	6925
7233	0	7205
7233	0	7216
7233	0	6927
7234	0	7206
7234	0	7216
7234	0	6929
7235	0	7207
7235	0	7216
7235	0	6931
7236	0	7208
7236	0	7216
7236	0	6933
7237	0	7210
7237	0	7216
7237	0	6935
7238	0	7211
7238	0	7216
7238	0	6937
7239	0	7212
7239	0	7216
7239	0	6939
7240	0	7213
7240	0	7216
7240	0	6941
7241	0	7202
7241	0	7218
7241	0	6852
7242	0	7203
7242	0	7218
7242	0	6910
7243	0	7204
7243	0	7218
7243	0	6845
7244	0	7205
7244	0	7218
7244	0	7018
7245	0	7206
7245	0	7218
7245	0	6919
7246	0	7207
7246	0	7218
7246	0	6913
7247	0	7208
7247	0	7218
7247	0	6847
7248	0	7210
7248	0	7218
7248	0	6915
7249	0	7211
7249	0	7218
7249	0	6850
7250	0	7212
7250	0	7218
7250	0	6917
7251	0	7213
7251	0	7218
7251	0	6843
7252	0	5236
7252	0	3917
7253	0	5236
7253	0	4995
7254	0	3925
7254	0	1343
7255	0	7254
7255	0	6892
7256	0	7254
7257	0	7254
7257	0	1336
7258	0	3925
7215	0	7258
7217	0	7258
5210	0	7258
7259	0	7258
7259	0	1328
7259	0	1329
7260	0	7258
7261	0	7258
7261	0	5150
7262	0	7131
7263	0	3922
7263	0	7258
7263	0	3947
7264	0	7258
7264	0	3939
7265	0	7132
7265	0	7209
7266	0	7258
7266	0	5040
669	0	4187
669	0	2327
7267	0	669
7268	0	1826
7269	0	4958
7269	0	7270
7271	0	7215
7271	0	7266
7272	0	7215
7272	0	7261
7272	0	6985
7273	0	7215
7273	0	7262
7273	0	6987
7274	0	7215
7274	0	7263
7274	0	3967
7275	0	7215
7275	0	7264
7275	0	6989
7276	0	7215
7276	0	7265
7276	0	6991
7276	0	7277
7278	0	1327
7278	0	7215
7278	0	7279
7280	0	7215
7280	0	7260
7280	0	6995
7281	0	7252
7281	0	7271
7281	0	6997
7282	0	7253
7282	0	7271
7282	0	3935
7283	0	7217
7283	0	7266
7284	0	7217
7284	0	7261
7284	0	6871
7285	0	7217
7285	0	7262
7285	0	6868
7286	0	7217
7286	0	7263
7286	0	6877
7287	0	7217
7287	0	7264
7287	0	6873
7288	0	7217
7288	0	7265
7288	0	6881
7288	0	7289
7279	0	7217
7279	0	7259
7279	0	6886
7290	0	7217
7290	0	7260
7290	0	6889
7291	0	7252
7291	0	7283
7291	0	6856
7292	0	3952
7292	0	7253
7292	0	7283
7293	0	5169
7293	0	7279
7293	0	7294
7295	0	5210
7295	0	7266
7296	0	5210
7296	0	7261
7296	0	6969
7297	0	5210
7297	0	7262
7297	0	6971
7298	0	5210
7298	0	7263
7298	0	6973
7299	0	5210
7299	0	7264
7299	0	6975
7300	0	5210
7300	0	7265
7300	0	6977
7300	0	7301
7294	0	5210
7294	0	7259
7294	0	6979
7302	0	5210
7302	0	7260
7302	0	6981
7303	0	7304
7303	0	7305
7303	0	7306
7307	0	7303
7308	0	7303
7304	0	1425
7309	0	2905
7309	0	2514
7310	0	1166
7310	0	7306
7311	0	520
7311	0	7312
7313	0	7252
7313	0	7295
7313	0	6966
7314	0	7253
7314	0	7295
7314	0	5163
7315	0	5034
7315	0	7294
7315	0	4039
7316	0	1304
7316	0	5058
7317	0	1304
7318	0	1304
7318	0	5181
1326	0	1304
1360	0	1304
1360	0	3923
7319	0	7320
7319	0	7321
7319	0	7322
7323	0	7324
7323	0	7321
7323	0	7325
7326	0	7327
7326	0	7328
7329	0	7320
7329	0	7330
7329	0	7331
7320	0	1361
7320	0	7332
7320	0	7333
7324	0	7334
7324	0	7333
7324	0	7335
7336	0	7324
7336	0	7330
7336	0	7337
7338	0	7326
7338	0	7339
7340	0	7326
7340	0	7341
1361	0	1326
7334	0	1326
7342	0	1360
7343	0	1360
7344	0	7317
7345	0	7317
7346	0	1342
7346	0	7317
7347	0	7334
7347	0	7348
7349	0	7334
7349	0	6871
7349	0	6969
7349	0	1345
7350	0	7334
7350	0	7351
7350	0	6868
7352	0	7334
7352	0	7353
7352	0	6877
7352	0	6973
7354	0	7334
7354	0	7355
7354	0	6873
7356	0	7334
7356	0	7357
7356	0	6881
7356	0	7358
7359	0	7334
7359	0	6886
7360	0	7334
7360	0	7361
7360	0	6889
7360	0	6981
7362	0	7347
7362	0	7363
7362	0	6856
7364	0	3952
7364	0	1361
7364	0	7347
7364	0	7365
7366	0	5034
7366	0	5169
7366	0	7359
7366	0	7367
7368	0	1361
7369	0	1361
7369	0	6985
7369	0	1345
7370	0	1361
7370	0	7351
7370	0	6987
7371	0	1361
7371	0	7353
7371	0	3967
7372	0	1361
7372	0	7355
7372	0	6989
7373	0	1361
7373	0	7357
7373	0	6991
7373	0	7374
7375	0	1361
7375	0	7361
7375	0	6995
7376	0	7368
7376	0	7363
7376	0	6997
7377	0	7368
7377	0	7365
7377	0	3935
7351	0	1326
7351	0	7131
7353	0	3922
7353	0	1326
7353	0	3947
7355	0	1326
7355	0	3939
7357	0	7132
7357	0	7378
7379	0	1327
7379	0	1361
7379	0	7359
7361	0	1326
7348	0	1326
7348	0	5040
7363	0	7318
7363	0	7348
7365	0	7348
7365	0	4955
7380	0	7316
7380	0	1361
7380	0	6911
7381	0	7316
7381	0	7334
7381	0	3964
7382	0	7381
7382	0	7383
7382	0	6921
7384	0	7381
7384	0	7385
7384	0	6923
7386	0	7381
7386	0	7387
7386	0	6925
7388	0	7381
7388	0	7389
7388	0	6927
7390	0	7381
7390	0	7391
7390	0	6929
7392	0	7381
7392	0	7393
7392	0	6931
7394	0	7381
7394	0	7395
7394	0	6933
7396	0	7381
7396	0	7397
7396	0	6935
7398	0	7381
7398	0	7399
7398	0	6937
7400	0	7381
7400	0	7401
7400	0	6939
7402	0	7381
7402	0	7403
7402	0	6941
7404	0	7380
7404	0	7383
7404	0	3601
7405	0	7380
7405	0	7385
7405	0	6897
7406	0	7380
7406	0	7387
7406	0	3958
7407	0	7380
7407	0	7389
7407	0	6832
7408	0	7380
7408	0	7391
7408	0	6862
7409	0	7380
7409	0	7393
7409	0	6865
7410	0	7380
7410	0	7395
7410	0	3961
7411	0	7380
7411	0	7397
7411	0	6900
7412	0	7380
7412	0	7399
7412	0	6835
7413	0	7380
7413	0	7401
7413	0	6859
7414	0	7380
7414	0	7403
7414	0	6838
7383	0	7316
7383	0	7136
7385	0	7316
7385	0	7137
7387	0	7316
7387	0	5116
7389	0	7316
7389	0	7138
7391	0	7316
7391	0	7139
7393	0	7316
7393	0	7140
7395	0	7316
7395	0	7141
7395	0	7378
7397	0	7316
7397	0	7142
7399	0	7316
7399	0	7143
7401	0	7316
7401	0	7144
7403	0	7316
7403	0	7145
6892	0	1342
5206	0	1302
5206	0	1608
1328	0	4022
1328	0	7415
5035	0	4022
5035	0	1352
5035	0	1563
1367	0	1314
1367	0	4022
1367	0	6453
7367	0	5035
7367	0	7328
7416	0	7417
4039	0	5035
4039	0	7418
7201	0	5035
7201	0	7419
5022	0	5035
5022	0	7420
5023	0	5035
5023	0	5051
7421	0	7422
7423	0	1088
7424	0	389
7424	0	7311
7424	0	5620
7425	0	7426
7425	0	5620
51	0	31
7427	0	51
7427	0	7428
7429	0	295
7429	0	2510
7430	0	2221
7430	0	2510
7431	0	7309
7432	0	1141
7432	0	5902
7433	0	1166
7433	0	7434
7433	0	344
7435	0	7436
7437	0	764
6461	0	1354
7438	0	6461
7438	0	220
2879	0	7439
4874	0	109
4874	0	7439
7440	0	6047
2873	0	3029
2873	0	4078
7441	0	7442
7441	0	7443
7442	0	2873
2510	0	4094
2510	0	2871
7444	0	1208
2905	0	7445
2905	0	2283
2905	0	2902
7446	0	2905
5604	0	5548
7447	0	3001
7447	0	5019
7448	0	7312
7448	0	7449
442	0	408
7450	0	442
7451	0	251
7452	0	106
7453	0	1512
7453	0	5374
7454	0	6238
7455	0	7456
7455	0	7457
7458	0	7456
7458	0	7459
7460	0	466
7461	0	7462
7463	0	415
7464	0	4651
7464	0	3560
7465	0	1040
7466	0	263
7466	0	241
7467	0	347
7468	0	1177
7469	0	1177
7470	0	1354
7471	0	1177
7472	0	1177
7473	0	3316
7474	0	675
7475	0	1038
7475	0	2121
7476	0	2094
5040	0	3945
5150	0	1611
5150	0	3945
5150	0	5108
5150	0	5057
7131	0	3945
3947	0	3945
3939	0	3945
3939	0	5206
7132	0	4029
7132	0	4934
7132	0	7477
1329	0	3945
7134	0	3945
7478	0	7479
7480	0	3917
7480	0	1928
7480	0	7481
7482	0	3917
7482	0	7318
4955	0	4995
4955	0	7318
7483	0	1576
7484	0	3667
7485	0	1240
6770	0	1584
7486	0	6770
7486	0	3560
7487	0	1584
7488	0	7487
7488	0	3560
7489	0	1564
7489	0	1583
7490	0	7489
7491	0	7490
7491	0	3560
7492	0	7493
7492	0	2116
7494	0	6517
7495	0	6517
7496	0	2900
7496	0	194
7497	0	7498
7499	0	498
7500	0	7499
7501	0	7499
7502	0	436
7502	0	7503
976	0	962
1836	0	1832
7504	0	2720
7505	0	5040
7505	0	7506
4996	0	5040
747	0	5379
7507	0	1711
7508	0	973
3715	0	1056
3715	0	1284
3704	0	1061
3704	0	1284
3033	0	1047
3033	0	1284
2989	0	3033
7509	0	5060
7509	0	3063
7509	0	3908
7510	0	5060
7510	0	7511
7512	0	5060
7512	0	7513
7514	0	6827
7514	0	1341
5320	0	4897
5320	0	3003
7270	0	4897
7270	0	7515
7516	0	4897
7516	0	3063
7516	0	7517
7518	0	4897
7518	0	7511
7519	0	1856
7519	0	7513
3006	0	1370
3006	0	3815
3006	0	7520
3834	0	3815
7506	0	5060
7506	0	7515
7520	0	5060
7520	0	3003
7515	0	5381
3003	0	7514
3063	0	7514
7513	0	7514
7511	0	7514
7511	0	1051
862	0	280
7521	0	862
1330	0	3945
5010	0	3945
5128	0	3945
4993	0	5040
4993	0	1330
6985	0	5150
6985	0	1330
6987	0	7131
6987	0	1330
3967	0	3947
3967	0	1330
6989	0	3939
6989	0	1330
6991	0	7132
6991	0	7522
4997	0	5040
4997	0	5010
6871	0	5150
6871	0	5010
6868	0	7131
6868	0	5010
6877	0	3947
6877	0	5010
6873	0	3939
6873	0	5010
6881	0	7132
6881	0	7523
6886	0	1329
6886	0	5010
6889	0	7134
6889	0	5010
7524	0	5040
7524	0	5128
6969	0	5150
6969	0	5128
6971	0	7131
6971	0	5128
6973	0	3947
6973	0	5128
6975	0	3939
6975	0	5128
6977	0	7132
6977	0	7525
6979	0	1329
6979	0	5128
6981	0	7134
6981	0	5128
6995	0	7134
6995	0	1330
7526	0	1374
7526	0	1422
7527	0	1471
7528	0	6985
6997	0	3917
6997	0	7505
6997	0	4993
3935	0	4995
3935	0	4996
3935	0	4993
7332	0	1330
7332	0	1290
5220	0	1330
7529	0	2357
2336	0	553
7530	0	553
7462	0	1137
403	0	359
7531	0	392
7532	0	6557
7533	0	408
7533	0	5146
7534	0	408
7535	0	439
7535	0	7536
6574	0	408
7537	0	7535
7538	0	7535
7539	0	7535
7540	0	417
7541	0	408
6553	0	439
7542	0	555
7543	0	439
7544	0	439
434	0	415
7545	0	415
7546	0	415
7547	0	415
7548	0	4147
7549	0	290
7550	0	408
7551	0	7550
7552	0	377
7553	0	527
7554	0	617
7555	0	617
7556	0	617
7557	0	2900
7557	0	7558
7557	0	7445
7559	0	1125
7560	0	7561
7562	0	6213
474	0	462
7563	0	706
7564	0	474
7565	0	471
2094	0	472
7566	0	495
7567	0	495
7568	0	495
7569	0	495
7570	0	495
4530	0	466
4530	0	474
7571	0	466
7572	0	7462
7573	0	357
7574	0	400
7575	0	263
7576	0	248
7333	0	1326
7333	0	1290
7321	0	7333
7321	0	7577
7330	0	7333
7330	0	7578
7579	0	7258
7579	0	7580
7580	0	3925
7580	0	5174
7581	0	5210
7581	0	7579
7581	0	7327
7582	0	7215
7582	0	7332
7582	0	7579
7583	0	7217
7583	0	7579
7583	0	7335
7584	0	7582
7584	0	7585
7584	0	7322
7586	0	7582
7586	0	7587
7586	0	7331
7588	0	7583
7588	0	7585
7588	0	7325
7589	0	7583
7589	0	7587
7589	0	7337
7590	0	7581
7590	0	7585
7590	0	7339
7591	0	7581
7591	0	7587
7591	0	7341
7587	0	7579
7587	0	7578
7585	0	7579
7585	0	7577
7592	0	3929
7592	0	5174
7593	0	3931
7593	0	7592
7594	0	7593
7594	0	7577
7595	0	7593
7595	0	7578
7596	0	7103
7596	0	7332
7596	0	7593
7597	0	3930
7597	0	7593
7597	0	7335
7598	0	7105
7598	0	7593
7598	0	7327
7599	0	7594
7599	0	7596
7599	0	7322
7600	0	7594
7600	0	7597
7600	0	7325
7601	0	7594
7601	0	7598
7601	0	7339
7602	0	7595
7602	0	7596
7602	0	7331
7603	0	7595
7603	0	7597
7603	0	7337
7604	0	7595
7604	0	7598
7604	0	7341
7605	0	3936
7605	0	5174
7606	0	3938
7606	0	7605
7607	0	7606
7607	0	7577
7608	0	7606
7608	0	7578
7609	0	7002
7609	0	7332
7609	0	7606
7610	0	6998
7610	0	7606
7610	0	7335
7611	0	7000
7611	0	7606
7611	0	7327
7612	0	7607
7612	0	7609
7612	0	7322
7613	0	7607
7613	0	7610
7613	0	7325
7614	0	7607
7614	0	7611
7614	0	7339
7615	0	7608
7615	0	7609
7615	0	7331
7616	0	7608
7616	0	7610
7616	0	7337
7617	0	7608
7617	0	7611
7617	0	7341
7618	0	3944
7618	0	1290
7619	0	7618
7619	0	7577
7620	0	7618
7620	0	7578
7621	0	3965
7621	0	7332
7621	0	7618
7622	0	3950
7622	0	7618
7622	0	7335
7623	0	6839
7623	0	7618
7623	0	7327
7624	0	7619
7624	0	7621
7624	0	7322
7625	0	7619
7625	0	7622
7625	0	7325
7626	0	7619
7626	0	7623
7626	0	7339
7627	0	7620
7627	0	7621
7627	0	7331
7628	0	7620
7628	0	7622
7628	0	7337
7629	0	7620
7629	0	7623
7629	0	7341
1290	0	3973
1290	0	3945
7577	0	1290
7578	0	1290
7339	0	7577
7339	0	7327
7322	0	7332
7322	0	7577
7325	0	7577
7325	0	7335
7341	0	7578
7341	0	7327
7331	0	7332
7331	0	7578
7337	0	7578
7337	0	7335
7327	0	1290
7335	0	5010
7335	0	5128
7335	0	1290
7328	0	1352
7418	0	1352
7419	0	1352
7420	0	1352
5051	0	1352
7630	0	5055
7630	0	7328
7630	0	6841
7631	0	6908
7631	0	7630
7631	0	6852
7632	0	7630
7632	0	6910
7632	0	7633
7634	0	5126
7634	0	7630
7634	0	6845
7635	0	5158
7635	0	7630
7635	0	7018
7636	0	6901
7636	0	7630
7636	0	6919
7637	0	6902
7637	0	7630
7637	0	6913
7638	0	6903
7638	0	7630
7638	0	6847
7639	0	5192
7639	0	7630
7639	0	6915
7640	0	6906
7640	0	7630
7640	0	6850
7641	0	6907
7641	0	7630
7641	0	6917
7642	0	6874
7642	0	7403
7642	0	7630
7643	0	5056
7643	0	7348
7643	0	7328
7644	0	1351
7644	0	6969
7644	0	7328
7645	0	7328
7646	0	7328
7647	0	1614
7647	0	7328
7648	0	7328
7648	0	7649
7650	0	7328
7651	0	7365
7651	0	7643
7651	0	4950
7652	0	7363
7652	0	7643
7652	0	7653
7652	0	6966
5118	0	5056
5118	0	7418
7654	0	5118
7654	0	7653
7655	0	5118
7655	0	4950
7656	0	5056
7656	0	7419
7657	0	7656
7657	0	7653
7658	0	7656
7658	0	4950
7659	0	5056
7659	0	7420
7660	0	7659
7660	0	7653
7661	0	7659
7661	0	4950
7662	0	5056
7662	0	5051
7663	0	7662
7663	0	7653
7664	0	7662
7664	0	4950
7653	0	5056
4950	0	1370
4950	0	5056
1901	0	1918
1901	0	1943
7665	0	7666
7665	0	3666
7667	0	7666
7667	0	7668
7669	0	1561
6289	0	1913
6289	0	1918
7670	0	1918
7670	0	7671
7666	0	1918
7666	0	4495
7672	0	6451
7672	0	7666
7672	0	7673
7674	0	7666
7674	0	7675
7676	0	7666
7676	0	7677
7678	0	7666
7678	0	7679
7680	0	7666
7680	0	1920
7681	0	7666
7681	0	7682
7681	0	7683
7684	0	7666
7684	0	1939
7684	0	1940
7685	0	7666
7685	0	7686
7687	0	7666
7687	0	7688
7689	0	7669
7690	0	1861
7690	0	7669
7691	0	7669
7692	0	7669
7693	0	1587
7693	0	7669
7693	0	7680
7694	0	7669
7694	0	7681
7694	0	7695
7694	0	7696
7697	0	7669
7698	0	7669
7698	0	7685
7699	0	1570
7699	0	7669
7700	0	7667
7700	0	7672
7700	0	1937
7701	0	7667
7701	0	7674
7701	0	7702
7703	0	7667
7703	0	7676
7703	0	7704
7705	0	7667
7705	0	7678
7705	0	7706
7707	0	7667
7707	0	7680
7707	0	1950
7708	0	7681
7708	0	7709
7708	0	7710
7711	0	1938
7711	0	7667
7711	0	7712
7711	0	7713
7714	0	7667
7714	0	7685
7714	0	7715
7716	0	7667
7716	0	7687
7716	0	7717
7718	0	7665
7718	0	7672
7718	0	7719
7720	0	7665
7720	0	7674
7720	0	7721
7722	0	7665
7722	0	7676
7722	0	7723
7724	0	7665
7724	0	7678
7724	0	7725
7726	0	7665
7726	0	7680
7726	0	7727
7728	0	7665
7728	0	7681
7728	0	7729
7728	0	7730
7712	0	7665
7712	0	7684
7712	0	7731
7732	0	7665
7732	0	7685
7732	0	7733
7734	0	7665
7734	0	7687
7734	0	7735
7736	0	7734
7736	0	7737
7738	0	7734
7738	0	7739
7740	0	7716
7740	0	7737
7741	0	7716
7741	0	7739
7742	0	7699
7743	0	7699
7743	0	7739
7737	0	7687
7739	0	7687
7744	0	7700
7744	0	7745
7744	0	7746
7747	0	7700
7747	0	7748
7749	0	7689
7749	0	6269
7750	0	7669
7750	0	4268
7751	0	7718
7751	0	7745
7751	0	7752
7753	0	7718
7753	0	7748
7754	0	1906
7754	0	6451
7745	0	7672
7745	0	7755
7748	0	7672
7748	0	7754
7748	0	7756
7757	0	1903
7757	0	5175
7758	0	7670
7758	0	7759
7760	0	7670
7760	0	7761
7762	0	7670
7762	0	7763
7764	0	7670
7764	0	7765
7766	0	7670
7766	0	7767
7768	0	7670
7768	0	7769
7770	0	7670
7770	0	7771
7772	0	7670
7772	0	7773
7774	0	7670
7774	0	7775
7776	0	7670
7776	0	7777
7778	0	7670
7778	0	7779
7780	0	7670
7781	0	7670
7782	0	7670
7783	0	7758
7783	0	7782
7784	0	7760
7784	0	7782
7785	0	7762
7785	0	7782
7786	0	7764
7786	0	7782
7787	0	7766
7787	0	7782
7788	0	7768
7788	0	7782
7789	0	7770
7789	0	7782
7790	0	7772
7790	0	7782
7791	0	7774
7791	0	7782
7792	0	7776
7792	0	7782
7793	0	7778
7793	0	7782
7794	0	7758
7794	0	7780
7795	0	7760
7795	0	7780
7796	0	7762
7796	0	7780
7797	0	7764
7797	0	7780
7798	0	7766
7798	0	7780
7799	0	7768
7799	0	7780
7800	0	7770
7800	0	7780
7801	0	7772
7801	0	7780
7802	0	7774
7802	0	7780
7803	0	7776
7803	0	7780
7804	0	7778
7804	0	7780
7805	0	7781
7806	0	7781
7807	0	7669
7807	0	7781
7807	0	7808
7809	0	7764
7809	0	7781
7810	0	7766
7810	0	7781
7811	0	7768
7811	0	7781
7812	0	7770
7812	0	7781
7813	0	7781
7814	0	7781
7815	0	7781
7816	0	7781
7671	0	1850
7671	0	7817
4495	0	1850
7759	0	7671
7759	0	4479
7761	0	7671
7761	0	7818
7763	0	7671
7763	0	7819
7765	0	7671
7765	0	3031
7767	0	7671
7767	0	3696
7769	0	7671
7769	0	3698
7771	0	7671
7771	0	6904
7773	0	7671
7773	0	4033
7775	0	7671
7775	0	3701
7777	0	7671
7777	0	3767
7779	0	7671
7779	0	6875
7673	0	1856
7673	0	4495
7675	0	5108
7675	0	4495
7675	0	1908
7677	0	4495
7679	0	4495
1920	0	1588
1920	0	4495
7682	0	4934
7682	0	7820
1939	0	4495
7686	0	4495
7688	0	4495
7668	0	4495
3666	0	4495
7821	0	4495
1937	0	7673
1937	0	7668
1937	0	1928
7702	0	7675
7702	0	7668
7704	0	7677
7704	0	7668
7706	0	7679
7706	0	7668
1950	0	1920
1950	0	7668
7709	0	7682
7709	0	7822
7713	0	1939
7713	0	7668
7715	0	7686
7715	0	7668
7717	0	7668
7719	0	7673
7719	0	3666
7823	0	7675
7823	0	3666
7824	0	7677
7824	0	3666
7825	0	7679
7825	0	3666
7727	0	1920
7727	0	3666
7729	0	7682
7729	0	7826
7731	0	1939
7731	0	3666
7733	0	7686
7733	0	3666
7735	0	3666
7827	0	7673
7827	0	7821
7721	0	7675
7721	0	7821
7723	0	7677
7723	0	7821
7725	0	7679
7725	0	7821
7828	0	1920
7828	0	7821
7695	0	7682
7695	0	7829
7830	0	1939
7830	0	7821
7831	0	7686
7831	0	7821
7832	0	7821
7833	0	1918
7833	0	1911
7834	0	7833
7835	0	7833
7836	0	7833
7837	0	1842
5193	0	7418
7838	0	7419
7839	0	5192
7839	0	7838
7840	0	7420
7841	0	5192
7841	0	7840
7842	0	5051
7843	0	5192
7843	0	7842
7136	0	5058
7136	0	4479
7137	0	5058
7137	0	7818
5116	0	5058
5116	0	7819
7138	0	5058
7138	0	3031
7139	0	3695
7139	0	5058
7140	0	3697
7140	0	5058
7141	0	5058
7141	0	6904
7141	0	7477
7142	0	4031
7142	0	5058
7143	0	5058
7143	0	3701
7144	0	5058
7144	0	3767
7144	0	3910
7145	0	5058
7145	0	6875
6856	0	3917
6856	0	7505
6856	0	4997
5163	0	4995
5163	0	4996
5163	0	7524
6966	0	3917
6966	0	7505
6966	0	7524
6911	0	5058
6911	0	1330
3964	0	5058
3964	0	5010
6841	0	5058
6841	0	5128
3601	0	7136
3601	0	6911
6897	0	7137
6897	0	6911
3958	0	5116
3958	0	6911
6832	0	7138
6832	0	6911
6862	0	7139
6862	0	6911
6865	0	7140
6865	0	6911
3961	0	7141
3961	0	6911
3961	0	7522
6900	0	7142
6900	0	6911
6835	0	7143
6835	0	6911
6859	0	7144
6859	0	6911
6838	0	7145
6838	0	6911
6921	0	7136
6921	0	3964
6923	0	7137
6923	0	3964
6925	0	5116
6925	0	3964
6927	0	7138
6927	0	3964
6929	0	7139
6929	0	3964
6931	0	7140
6931	0	3964
6933	0	7141
6933	0	3964
6933	0	7523
6935	0	7142
6935	0	3964
6937	0	7143
6937	0	3964
6939	0	7144
6939	0	3964
6941	0	7145
6941	0	3964
6852	0	7136
6852	0	6841
6910	0	7137
6910	0	6841
6845	0	5116
6845	0	6841
7018	0	7138
7018	0	6841
6919	0	7139
6919	0	6841
6913	0	7140
6913	0	6841
6847	0	7141
6847	0	6841
6847	0	7525
6915	0	7142
6915	0	6841
6850	0	7143
6850	0	6841
6917	0	7144
6917	0	6841
6843	0	7145
6843	0	6841
7844	0	218
7844	0	37
7845	0	232
7845	0	258
7846	0	232
7846	0	274
7847	0	7848
7849	0	218
252	0	208
7850	0	252
7851	0	252
7852	0	227
7853	0	7854
7855	0	225
7856	0	7857
7857	0	223
7858	0	225
222	0	206
7859	0	244
7859	0	206
7860	0	206
7861	0	206
785	0	749
7862	0	1695
2494	0	2246
2494	0	7863
7426	0	2246
7426	0	7864
7456	0	2246
7456	0	2505
7865	0	7456
7866	0	4215
7867	0	864
4717	0	7868
7869	0	991
7870	0	866
7871	0	2315
3197	0	871
7872	0	871
7873	0	871
7874	0	929
6761	0	878
7875	0	1794
7876	0	993
4593	0	1638
7877	0	1850
7878	0	1850
7879	0	1850
1905	0	1850
7880	0	7671
7880	0	7877
7881	0	4495
7881	0	7877
7882	0	7877
7882	0	1928
5000	0	7877
5000	0	1943
7883	0	1911
7883	0	7877
7884	0	7757
7884	0	7877
7885	0	7671
7885	0	7878
7886	0	4495
7886	0	7878
7887	0	7878
7887	0	1928
6295	0	7878
6295	0	1943
7888	0	1911
7888	0	7878
7889	0	7757
7889	0	7878
7890	0	7671
7890	0	7879
7891	0	4495
7891	0	7879
7892	0	7879
7892	0	1928
7893	0	7879
7893	0	1943
7894	0	1911
7894	0	7879
7895	0	7757
7895	0	7879
7896	0	7671
7896	0	1905
7897	0	4495
7897	0	1905
7898	0	1905
7898	0	1928
1945	0	1905
1945	0	1943
7899	0	1911
7899	0	1905
7900	0	7673
7900	0	7881
7901	0	7675
7901	0	7881
7902	0	7677
7902	0	7881
7903	0	7679
7903	0	7881
7904	0	1920
7904	0	7881
7905	0	7682
7905	0	7881
7905	0	7906
7907	0	1939
7907	0	7881
7907	0	1940
7908	0	7686
7908	0	7881
7909	0	7688
7909	0	7881
7910	0	7668
7910	0	7881
7911	0	3666
7911	0	7881
7912	0	7821
7912	0	7881
7913	0	7673
7913	0	7886
7914	0	7675
7914	0	7886
7915	0	7677
7915	0	7886
7916	0	7679
7916	0	7886
7917	0	1920
7917	0	7886
7918	0	7682
7918	0	7886
7918	0	7919
7920	0	1939
7920	0	7886
7920	0	1940
7921	0	7686
7921	0	7886
7922	0	7688
7922	0	7886
7923	0	7668
7923	0	7886
7924	0	3666
7924	0	7886
7925	0	7821
7925	0	7886
7926	0	7673
7926	0	7891
7927	0	7675
7927	0	7891
7928	0	7677
7928	0	7891
7929	0	7679
7929	0	7891
7930	0	1920
7930	0	7891
7931	0	7682
7931	0	7891
7931	0	7932
7933	0	1939
7933	0	7891
7933	0	1940
7934	0	7686
7934	0	7891
7935	0	7688
7935	0	7891
7936	0	7668
7936	0	7891
7937	0	3666
7938	0	7821
7938	0	7891
7939	0	7673
7939	0	7897
7940	0	7675
7940	0	7897
7941	0	7677
7941	0	7897
7942	0	7679
7942	0	7897
7943	0	1920
7943	0	7897
7944	0	7682
7944	0	7897
7944	0	7945
7946	0	1939
7946	0	7897
7946	0	1940
7947	0	7686
7947	0	7897
7948	0	7688
7948	0	7897
7949	0	7668
7950	0	3666
7950	0	7897
7951	0	7821
7951	0	7897
7952	0	7827
7952	0	7882
7952	0	7900
7952	0	7912
7953	0	7721
7953	0	7901
7953	0	7912
7954	0	7723
7954	0	7902
7954	0	7912
7955	0	7725
7955	0	7903
7955	0	7912
7956	0	7904
7956	0	7912
7957	0	7695
7957	0	7905
7957	0	7912
7957	0	7958
7959	0	7907
7959	0	7912
7960	0	7908
7960	0	7912
7961	0	7909
7961	0	7912
7962	0	7719
7962	0	7882
7962	0	7900
7962	0	7911
7963	0	7823
7963	0	7901
7963	0	7911
7964	0	7902
7964	0	7911
7965	0	7825
7965	0	7903
7965	0	7911
7966	0	7904
7966	0	7911
7967	0	7729
7967	0	7905
7967	0	7911
7967	0	7968
7969	0	7907
7969	0	7911
7970	0	7908
7970	0	7911
7971	0	7909
7971	0	7911
7972	0	1937
7972	0	7882
7972	0	7900
7972	0	7910
7973	0	7702
7973	0	7901
7973	0	7910
7974	0	7902
7974	0	7910
7975	0	7706
7975	0	7903
7975	0	7910
7976	0	7904
7976	0	7910
7977	0	7709
7977	0	7905
7977	0	7978
7979	0	1938
7979	0	7910
7979	0	7969
7980	0	7908
7980	0	7910
7981	0	7717
7981	0	7909
7981	0	7910
7982	0	7961
7982	0	7983
7984	0	7961
7984	0	7985
7986	0	7981
7986	0	7983
7987	0	7981
7987	0	7985
7988	0	7971
7988	0	7983
7989	0	7971
7989	0	7985
7985	0	7909
7983	0	7909
7990	0	7882
7990	0	7900
7990	0	7755
7991	0	7882
7991	0	7900
7991	0	7756
7992	0	7972
7992	0	7990
7992	0	7746
7993	0	7972
7993	0	7991
7994	0	7962
7994	0	7990
7994	0	7752
7995	0	7962
7995	0	7991
7996	0	7952
7996	0	7990
7997	0	7952
7997	0	7991
1704	0	1758
1704	0	1800
7998	0	1903
7999	0	1289
1291	0	1288
8000	0	2831
8001	0	1721
8002	0	1705
8002	0	1760
8003	0	4574
4612	0	2116
4612	0	8004
8005	0	2130
8005	0	2367
2143	0	2123
1834	0	1832
8006	0	1832
8007	0	2835
8008	0	3181
8009	0	3181
3194	0	2677
8010	0	79
8011	0	55
11	0	908
32	0	908
6641	0	177
8012	0	6641
8013	0	6640
8014	0	929
6648	0	76
8015	0	6648
8016	0	45
8017	0	8018
8019	0	3125
8020	0	2933
8021	0	23
8022	0	8023
8022	0	2847
4714	0	23
8024	0	4714
8025	0	23
8026	0	8025
6634	0	94
6634	0	4046
8027	0	896
8028	0	8029
8030	0	1284
8030	0	7478
8031	0	1284
8032	0	4516
8033	0	1350
8034	0	8033
5196	0	1074
8035	0	5196
1074	0	1150
8036	0	7478
5141	0	5143
8037	0	1352
8038	0	4897
8038	0	8029
8039	0	1556
8039	0	7478
8040	0	1556
8041	0	1556
8042	0	3016
8043	0	3016
2824	0	4466
3068	0	1503
3068	0	4466
8044	0	2868
8044	0	3014
8045	0	3014
8046	0	3001
8047	0	1503
8047	0	5366
8048	0	1151
8048	0	1948
8049	0	1842
8050	0	1561
8051	0	6452
8052	0	1850
1923	0	1850
8053	0	1048
8053	0	940
8054	0	6367
8054	0	2561
943	0	6367
885	0	881
8055	0	881
8056	0	881
8057	0	963
8058	0	1651
8059	0	1422
8059	0	736
8060	0	1461
8061	0	846
8062	0	8063
8064	0	8062
8065	0	846
8066	0	8067
8068	0	8062
8069	0	8070
8071	0	1467
8072	0	1467
8073	0	2424
8074	0	6123
8075	0	2451
2889	0	8076
8077	0	2889
4179	0	329
8078	0	2715
8079	0	302
8080	0	306
8081	0	1182
8081	0	1199
8082	0	712
8082	0	5589
8083	0	713
8083	0	8084
8085	0	712
8086	0	8085
1444	0	837
3637	0	502
3614	0	2536
4076	0	1381
1384	0	2475
2475	0	4076
8087	0	1436
1357	0	5143
1357	0	8088
8089	0	3923
8090	0	1042
8091	0	8090
8092	0	1000
8093	0	872
8094	0	1116
8095	0	4801
4719	0	4801
4094	0	2877
8096	0	1561
7312	0	8097
7312	0	6064
8098	0	8099
8100	0	6263
8101	0	8102
3369	0	3367
3369	0	5302
8103	0	3367
2448	0	8104
4479	0	2689
7818	0	2689
3858	0	2689
3031	0	2689
3698	0	2689
6904	0	2689
4033	0	2689
3701	0	2689
6875	0	2689
8105	0	2689
5331	0	5302
5363	0	5383
8106	0	5383
8107	0	5382
8108	0	8107
8109	0	8107
4523	0	3807
4523	0	3856
4481	0	3856
8110	0	3754
8111	0	3754
8111	0	3807
5309	0	3893
8112	0	3807
8112	0	3893
8113	0	3672
8114	0	8115
8116	0	1252
8116	0	8117
8118	0	8116
8119	0	1252
8120	0	8119
8121	0	8119
432	0	1117
8122	0	1152
8122	0	8123
8124	0	8123
8124	0	1948
220	0	8125
220	0	2874
7434	0	220
8126	0	220
8126	0	8127
8128	0	220
8128	0	7443
8129	0	220
8129	0	193
8130	0	220
8130	0	3019
8131	0	331
4946	0	1576
4946	0	8088
2704	0	4078
2704	0	1060
1877	0	1872
1877	0	1889
8132	0	6367
8133	0	8132
8134	0	8132
1484	0	502
1484	0	5588
1484	0	8135
1484	0	5788
3728	0	2787
3728	0	3050
7808	0	1561
7808	0	7817
7817	0	5382
8136	0	491
8137	0	491
8138	0	4108
8139	0	4108
8140	0	1489
8141	0	555
8141	0	2011
8142	0	8143
8144	0	8143
8145	0	462
8146	0	8145
8147	0	8148
8148	0	8146
7746	0	1937
7746	0	7755
8149	0	506
1110	0	1080
8150	0	1080
8151	0	471
8152	0	2729
8152	0	8153
2505	0	2103
7457	0	2505
4790	0	7457
8154	0	4790
3767	0	2689
3767	0	2695
3767	0	1048
2695	0	3334
8155	0	1017
8155	0	1054
8155	0	4935
4935	0	4064
8156	0	1054
8156	0	4935
3910	0	3334
3910	0	1302
8157	0	5728
8158	0	2160
8159	0	8158
8160	0	8159
8161	0	2709
8162	0	387
8163	0	386
8163	0	8164
331	0	373
331	0	308
4776	0	2729
4776	0	331
4267	0	1561
2682	0	1034
6454	0	1842
6454	0	3334
4102	0	2623
8165	0	904
8166	0	904
8143	0	3161
8167	0	8143
8167	0	117
8168	0	3161
8169	0	3161
8170	0	3293
8171	0	3293
8172	0	3293
8172	0	117
8173	0	3293
8174	0	3293
8175	0	3293
8176	0	1291
8177	0	1289
8177	0	8176
8178	0	1903
8178	0	8176
6106	0	6024
8179	0	6214
6248	0	6025
1254	0	573
8180	0	1266
8181	0	6106
8181	0	8182
8183	0	6034
4043	0	4710
4043	0	2857
3221	0	4043
8184	0	1357
8185	0	1357
8186	0	1357
8187	0	1357
8188	0	1357
8189	0	1357
8190	0	5141
8191	0	1576
8192	0	1576
8193	0	1576
8194	0	1576
8195	0	1576
8196	0	1576
8197	0	1576
2325	0	553
8198	0	553
2359	0	4187
8199	0	407
8200	0	408
8201	0	322
8202	0	6084
8203	0	614
8204	0	6093
8205	0	699
8206	0	597
8207	0	6195
1252	0	347
1252	0	1596
8208	0	1191
8209	0	2814
8210	0	8209
8211	0	8209
8212	0	1590
8213	0	8214
8215	0	343
8215	0	1556
8216	0	343
8216	0	1284
4268	0	2057
4268	0	1370
6269	0	2057
7755	0	7270
7755	0	7673
7756	0	7673
8217	0	597
8218	0	1231
8219	0	8220
8221	0	347
8222	0	369
8223	0	3656
3656	0	263
8224	0	263
8225	0	386
8153	0	8226
8227	0	8153
8227	0	8164
8226	0	386
8228	0	8226
1928	0	1907
8229	0	2094
8230	0	2704
8231	0	2094
8232	0	552
1104	0	278
1104	0	1152
1048	0	1032
1082	0	3428
8233	0	1082
8234	0	1082
8235	0	1082
8235	0	7493
4558	0	4682
8236	0	4558
8237	0	1706
8238	0	8239
8240	0	8241
8240	0	8242
8241	0	2216
8242	0	2607
8243	0	2835
8244	0	2295
1083	0	1117
8245	0	1083
1179	0	1090
165	0	174
165	0	8246
8247	0	8248
7439	0	5553
8248	0	110
8248	0	5553
49	0	45
49	0	8247
49	0	8249
8250	0	45
8251	0	8250
8252	0	8250
8253	0	1677
8254	0	1461
8255	0	2905
8256	0	2905
5620	0	2871
8257	0	207
8258	0	7445
8258	0	8259
8260	0	268
8261	0	4658
8262	0	1072
8263	0	268
8263	0	287
8264	0	268
8265	0	248
8266	0	268
6821	0	756
8267	0	206
8268	0	223
8269	0	223
8270	0	223
8271	0	7857
8272	0	2359
8273	0	2359
8274	0	8275
8275	0	1125
8276	0	8274
8277	0	2226
8277	0	8278
8279	0	8280
8281	0	8282
8283	0	8282
8284	0	644
8285	0	329
8286	0	1425
8287	0	1425
8288	0	8289
8135	0	5589
8290	0	3629
8291	0	3396
5651	0	3396
2487	0	2959
2693	0	3396
8292	0	2693
3099	0	2693
8293	0	2959
8294	0	6400
8295	0	8296
8297	0	8294
8298	0	8299
8300	0	8301
8302	0	8303
8304	0	8303
8305	0	8303
8306	0	8307
8308	0	1457
8309	0	1457
8310	0	1457
1457	0	2569
8311	0	2569
8312	0	2450
8313	0	8314
8315	0	8316
8317	0	8316
8318	0	8319
8319	0	8320
8321	0	8322
8323	0	1698
8324	0	1698
8325	0	1698
8326	0	1401
8327	0	845
8328	0	1371
8329	0	805
1641	0	1648
8330	0	1374
8331	0	8330
8332	0	8330
8333	0	2487
3143	0	4540
8334	0	5592
8335	0	1121
8335	0	4531
8336	0	3466
2258	0	3116
8337	0	533
8338	0	518
8338	0	516
8339	0	518
8340	0	343
8340	0	516
1324	0	1318
8341	0	1718
8342	0	1728
8029	0	7514
8343	0	1038
8344	0	8345
8346	0	4961
8346	0	8347
8348	0	3992
8348	0	4961
8349	0	3001
8349	0	4961
6528	0	2980
6528	0	4961
4068	0	4056
3552	0	4055
8350	0	4056
2262	0	8350
8351	0	8352
8353	0	2951
8352	0	8350
8354	0	4056
3354	0	8354
3250	0	4057
3250	0	8354
8355	0	4056
3228	0	8355
8356	0	4056
8357	0	8356
3274	0	8355
2272	0	8354
5083	0	8355
8358	0	8359
8360	0	4067
8361	0	4068
8362	0	8361
8359	0	4068
8363	0	3295
3348	0	8363
3242	0	4055
8364	0	4057
2270	0	4057
6025	0	573
8365	0	6025
8366	0	573
8367	0	579
6207	0	6114
8182	0	6024
8182	0	6034
8368	0	6034
4071	0	8369
8369	0	3115
8370	0	8369
2918	0	8370
2253	0	2043
8371	0	4073
8372	0	2933
96	0	112
21	0	112
8373	0	462
8373	0	1060
472	0	462
8374	0	8373
4256	0	8374
8375	0	4256
8376	0	1321
8376	0	515
8377	0	515
8377	0	1870
4870	0	106
8378	0	4870
8378	0	515
8378	0	8379
158	0	4870
8380	0	8381
1321	0	1702
1321	0	1867
8382	0	8383
2312	0	295
5728	0	295
8384	0	2219
8384	0	515
8384	0	8385
8386	0	294
8387	0	2054
8387	0	1811
30	0	23
8388	0	30
8389	0	8027
8389	0	8390
8391	0	141
8392	0	5073
8392	0	8393
8394	0	515
8394	0	1870
3444	0	4069
8102	0	3444
8395	0	4069
8395	0	3503
3248	0	8395
8396	0	6325
4062	0	6325
8397	0	1961
8398	0	8397
1986	0	1998
2005	0	1968
4752	0	2855
4752	0	1978
4732	0	1977
4732	0	4752
2755	0	2752
2752	0	2742
8399	0	3110
3145	0	8399
3245	0	8399
8400	0	1547
8401	0	1547
8402	0	1547
1969	0	8403
2069	0	3269
2023	0	3269
6426	0	3269
1638	0	1648
1638	0	367
8404	0	27
2235	0	1489
2437	0	2234
2930	0	3118
3503	0	3118
8405	0	3234
8406	0	3232
8407	0	5733
5733	0	678
1590	0	4064
8408	0	1590
8409	0	607
701	0	2651
8410	0	1515
511	0	367
511	0	498
3541	0	3584
8411	0	3541
8412	0	3541
8413	0	3541
8414	0	8415
8415	0	3125
950	0	3148
2033	0	950
2937	0	2028
2937	0	8416
3225	0	2937
3438	0	2937
3575	0	4075
3331	0	2258
8417	0	4069
3527	0	8418
5852	0	1559
1413	0	1700
3265	0	182
6599	0	9
1784	0	1413
2281	0	168
2281	0	1784
6400	0	8369
8419	0	6400
1097	0	3148
5089	0	4054
2011	0	2028
144	0	106
4291	0	117
8420	0	140
2088	0	150
439	0	408
1523	0	1535
6487	0	2798
6487	0	4198
2260	0	8370
2943	0	3123
5294	0	5379
8421	0	5259
8422	0	5259
8423	0	5298
8424	0	5298
8425	0	772
8426	0	772
8427	0	1672
8427	0	8428
8429	0	8427
8430	0	8427
8431	0	1672
8431	0	8432
8433	0	8431
8434	0	8433
8435	0	8433
8436	0	216
8437	0	216
8438	0	778
749	0	214
5275	0	753
5275	0	756
1674	0	753
1674	0	776
5267	0	753
5267	0	5379
5287	0	782
5287	0	1674
8439	0	5277
8440	0	4094
8440	0	8115
5277	0	5379
5290	0	776
5290	0	8432
760	0	5290
8441	0	759
767	0	749
8442	0	5251
8443	0	767
8428	0	214
8432	0	214
8444	0	214
1661	0	787
5285	0	776
5285	0	8428
752	0	1662
752	0	1674
8445	0	5287
8446	0	5287
8447	0	5253
8448	0	5253
8449	0	778
8450	0	8451
8452	0	1674
8453	0	776
8454	0	8453
8455	0	8453
8456	0	5290
8456	0	8451
8457	0	5285
8458	0	756
8459	0	756
3461	0	3133
8460	0	8280
8461	0	736
8462	0	1399
8462	0	1392
8462	0	2558
2367	0	2362
2367	0	2126
8463	0	1646
8463	0	2367
1773	0	1803
8464	0	1784
8465	0	8464
8466	0	8464
8467	0	7844
8467	0	202
8468	0	309
8468	0	2808
8469	0	309
8470	0	15
8470	0	8471
8472	0	2752
8473	0	8472
8474	0	8472
8475	0	8474
8476	0	8473
8477	0	8473
8478	0	8473
8479	0	8474
465	0	472
8480	0	465
1080	0	1066
1120	0	1066
1088	0	1120
1088	0	37
8481	0	1080
1139	0	1072
8482	0	119
8483	0	1087
8484	0	2123
8485	0	8378
8486	0	106
8487	0	2116
8488	0	1133
8489	0	2937
8490	0	2035
5857	0	1100
8491	0	5857
8492	0	1090
1101	0	1067
8493	0	2134
8493	0	8494
8494	0	2124
8495	0	573
8496	0	8495
8497	0	8495
8498	0	8495
2286	0	1373
2224	0	1373
8499	0	2222
8500	0	2222
8500	0	8501
8502	0	2222
8503	0	8504
8505	0	8499
2383	0	2447
2383	0	8280
8506	0	8507
8508	0	8509
8510	0	8508
8511	0	8506
8512	0	8508
8513	0	8508
8513	0	8514
8515	0	8508
8516	0	8508
8517	0	2383
8517	0	2227
8518	0	2383
8518	0	8278
8519	0	8517
8520	0	2384
8520	0	2226
8521	0	2226
8522	0	2467
8523	0	2467
8524	0	8507
8525	0	2383
8526	0	2383
8307	0	2450
8527	0	8307
8528	0	8307
8529	0	8307
8529	0	8530
8531	0	8529
8532	0	8307
8322	0	2466
8533	0	8321
8534	0	8321
8301	0	8322
8314	0	8301
8535	0	8301
8536	0	8301
8537	0	8300
8538	0	8300
8539	0	8300
8540	0	8301
8541	0	8301
8542	0	8541
8543	0	8301
8544	0	8301
8545	0	8301
2569	0	8322
8546	0	2569
8320	0	2569
8316	0	2450
8530	0	2450
8303	0	2450
8547	0	8305
8548	0	8305
8549	0	8305
8550	0	8305
8551	0	8305
8552	0	8305
8553	0	8302
8554	0	8312
8555	0	8312
8556	0	8312
8557	0	8312
8558	0	8301
327	0	8559
2099	0	8560
8561	0	334
8562	0	352
8563	0	352
8564	0	2155
8565	0	4804
8566	0	695
8567	0	347
695	0	347
8568	0	8569
8568	0	3291
8570	0	597
6195	0	597
8571	0	597
8572	0	552
8573	0	673
8574	0	442
8575	0	442
8576	0	442
8577	0	442
8578	0	8579
8580	0	8579
8581	0	8579
8582	0	8583
8584	0	8583
8585	0	8583
8579	0	442
8583	0	442
8586	0	442
8587	0	8586
8588	0	8586
8589	0	6574
8590	0	6574
8591	0	6574
8592	0	6574
8593	0	408
8594	0	8593
8595	0	8593
8596	0	7535
8597	0	7535
8598	0	7535
8599	0	7535
8600	0	7535
8601	0	6553
8602	0	439
8603	0	439
8604	0	415
8605	0	439
8606	0	415
8607	0	6556
8608	0	6556
8609	0	7551
8610	0	7550
8611	0	7550
8612	0	7550
8613	0	7551
8614	0	1961
8615	0	2746
8616	0	8615
1090	0	2634
1090	0	1096
16	0	112
8617	0	5414
3570	0	3080
2255	0	160
8618	0	2933
8619	0	1478
1450	0	8619
8620	0	2371
8621	0	2371
8622	0	2371
8623	0	8543
8623	0	8624
8625	0	8543
8625	0	8626
8627	0	8543
8627	0	8628
8629	0	8543
8629	0	8630
8631	0	8543
8631	0	8632
8633	0	8544
8633	0	8624
8634	0	8544
8634	0	8632
8635	0	8544
8635	0	8630
8636	0	8544
8636	0	8626
8637	0	8544
8637	0	8628
1288	0	1057
1334	0	1199
8638	0	3945
8639	0	1332
8640	0	1856
8640	0	7517
8641	0	1300
8642	0	1948
1345	0	1326
1345	0	5150
8643	0	1928
8644	0	1850
8645	0	1850
8646	0	1850
8647	0	1074
8648	0	1074
8649	0	1677
8650	0	1677
1051	0	2678
8651	0	4137
8652	0	8651
8653	0	8651
8654	0	4137
8655	0	4139
8656	0	4139
8657	0	8656
8658	0	8656
8659	0	369
8660	0	1494
8661	0	8660
8662	0	1490
8663	0	1490
292	0	289
329	0	289
8664	0	4804
8665	0	384
8666	0	384
8667	0	384
2101	0	335
8668	0	352
8668	0	7572
8669	0	673
200	0	208
248	0	208
268	0	231
8670	0	211
8671	0	231
8672	0	1390
8673	0	1390
8674	0	1390
8675	0	2530
8676	0	2530
550	0	547
8677	0	1425
8678	0	8327
8679	0	8327
8680	0	8327
8681	0	701
1096	0	1080
1117	0	1080
1199	0	1080
2340	0	1155
8682	0	2325
2354	0	8198
4187	0	8198
1131	0	553
2338	0	8683
8684	0	2340
2329	0	1155
8685	0	1898
1076	0	1213
8686	0	1078
2762	0	1666
2762	0	2757
8687	0	1666
8687	0	2775
8688	0	6676
427	0	6558
8689	0	427
8690	0	6568
8691	0	425
8692	0	8691
8693	0	8691
8694	0	8691
8695	0	8691
8696	0	8695
8697	0	8695
8698	0	8695
4151	0	425
8699	0	4151
8700	0	4151
8701	0	8691
8702	0	424
453	0	416
425	0	410
8703	0	425
8704	0	8703
8705	0	8704
8706	0	8704
6568	0	424
6568	0	6676
8707	0	8703
5591	0	2246
8708	0	6736
2300	0	2103
2300	0	3134
8709	0	3133
8709	0	2301
8710	0	5742
1322	0	1324
8711	0	3482
8712	0	6716
8713	0	3482
8714	0	135
8715	0	1617
7479	0	1318
8716	0	1699
8717	0	1699
8718	0	1699
8719	0	1699
8720	0	5239
8721	0	8722
8723	0	8722
8724	0	1324
8725	0	1324
8726	0	8722
1624	0	8727
8728	0	1624
3120	0	3115
8729	0	3120
8730	0	6399
515	0	1867
8731	0	515
8731	0	8385
8732	0	515
8732	0	8385
8733	0	515
8733	0	8734
8735	0	515
8735	0	8734
8736	0	515
8736	0	8734
8737	0	515
8737	0	8734
8738	0	6263
8739	0	6263
8740	0	6263
8741	0	6263
6263	0	2720
8742	0	2720
8743	0	8744
8745	0	3208
8746	0	3208
6414	0	2458
6414	0	8619
512	0	280
1375	0	512
8747	0	2162
8748	0	1431
8748	0	2558
790	0	280
8749	0	4352
8750	0	2280
8750	0	5366
8751	0	2280
1421	0	2103
1421	0	8752
8753	0	312
451	0	420
8754	0	4147
8755	0	4147
8756	0	8755
8757	0	414
8758	0	552
2107	0	2118
8759	0	8760
8761	0	8762
8763	0	8762
8764	0	3538
8765	0	3543
8766	0	2372
8767	0	8766
4627	0	1221
8768	0	4627
8769	0	333
8770	0	2128
8771	0	2128
8771	0	8772
8773	0	2128
8773	0	8772
8774	0	8775
8776	0	8774
446	0	452
8777	0	436
8778	0	452
8778	0	8779
8780	0	8085
8781	0	586
1231	0	683
8782	0	638
633	0	683
6075	0	683
8783	0	6139
8784	0	6139
8785	0	665
8786	0	524
8787	0	8786
8788	0	524
6184	0	8788
8789	0	8788
6185	0	8788
6084	0	524
657	0	592
6135	0	592
538	0	524
8790	0	524
8791	0	6175
6193	0	685
8792	0	617
8793	0	1274
8794	0	1274
8795	0	6081
8796	0	6112
8797	0	8798
8799	0	542
8799	0	6158
8800	0	6044
8801	0	542
8801	0	8802
8803	0	6112
8804	0	1278
8805	0	8806
6027	0	6169
8807	0	6115
728	0	558
8808	0	728
8809	0	6119
6199	0	6119
8810	0	717
613	0	717
8811	0	716
8811	0	613
8812	0	716
8812	0	8810
8813	0	716
8813	0	8810
8814	0	581
8815	0	581
8815	0	6063
8816	0	581
1275	0	572
8817	0	1275
8818	0	6026
8819	0	6026
8820	0	8802
8821	0	1601
8822	0	1277
8823	0	6039
8823	0	6094
1787	0	1701
8824	0	1706
8824	0	1787
8825	0	8824
8825	0	8826
8827	0	8824
8827	0	8828
8829	0	8824
8830	0	8824
8831	0	1787
8831	0	1723
8832	0	1787
8833	0	8832
8834	0	1787
8835	0	1787
8836	0	1701
8837	0	8836
8838	0	8837
8839	0	8837
8840	0	8838
8841	0	8838
8842	0	8838
8843	0	8837
8844	0	8837
8845	0	8837
8846	0	1838
8846	0	8845
8847	0	1838
8847	0	8845
8848	0	1838
8848	0	8845
8849	0	8848
8850	0	8848
8851	0	1708
8851	0	8837
8852	0	8837
8853	0	8837
1756	0	8836
8854	0	1708
8855	0	1706
8856	0	8237
8857	0	1705
8858	0	1708
8859	0	8860
8861	0	1809
8862	0	8863
8864	0	1708
8865	0	1794
8866	0	1709
8867	0	1794
8867	0	8866
8868	0	1760
8869	0	1760
8870	0	1760
8871	0	1760
8872	0	8863
8873	0	1803
8874	0	1774
8875	0	1774
8876	0	1774
8877	0	1774
8878	0	1774
8239	0	4673
8879	0	8239
8880	0	8239
8881	0	8239
8882	0	8883
8884	0	8883
8885	0	8883
8886	0	2660
8887	0	8883
8888	0	8883
8889	0	2660
8890	0	2660
8891	0	1738
8892	0	1738
8893	0	8892
8894	0	8892
1723	0	1769
8895	0	1723
8896	0	8831
8897	0	1748
8898	0	1748
8899	0	1748
8900	0	4673
8901	0	8900
8902	0	8900
8903	0	8900
8904	0	2207
8905	0	8904
8906	0	8904
8907	0	8906
8908	0	8906
3365	0	1514
3365	0	8909
8910	0	1703
8911	0	1703
8912	0	1703
8913	0	8912
8914	0	8912
8915	0	8236
8916	0	1768
8917	0	1788
8918	0	8917
8919	0	8917
8920	0	8917
8921	0	8917
8922	0	8917
8923	0	8917
8924	0	8917
8925	0	1763
8926	0	8925
8927	0	8926
8928	0	8926
8929	0	8925
8930	0	8931
8932	0	1706
8933	0	8932
8934	0	8932
8935	0	4460
8936	0	4551
8937	0	4551
8938	0	1722
8939	0	1722
8940	0	1722
8941	0	1810
8942	0	1810
8943	0	1810
8944	0	1810
8945	0	1810
8946	0	1810
8947	0	1810
8948	0	1810
8949	0	1712
8949	0	4539
4543	0	4113
8950	0	4543
8951	0	1794
8952	0	1715
8952	0	1732
8953	0	8954
8955	0	1715
8956	0	4676
8957	0	8958
8959	0	8958
8960	0	8958
8961	0	8958
8962	0	8963
8964	0	7443
8965	0	8966
8967	0	7496
8967	0	7443
1734	0	3122
8968	0	1712
8969	0	1712
8970	0	8971
8972	0	1712
8973	0	1838
8974	0	1703
8975	0	1703
8976	0	1703
8977	0	1703
8978	0	4677
8931	0	1763
8979	0	4304
8980	0	4304
8981	0	8980
8982	0	8981
8983	0	8981
8984	0	8981
8985	0	8981
8986	0	8980
8987	0	1476
8988	0	8986
8989	0	8986
8990	0	8986
8991	0	1781
8992	0	1781
8993	0	1781
1779	0	1734
8994	0	1779
8995	0	1779
8995	0	1767
8996	0	1765
8997	0	1765
8998	0	8997
8999	0	8997
4301	0	1766
9000	0	1767
9001	0	4568
9002	0	9000
4568	0	9000
9003	0	5506
9004	0	9000
9005	0	8979
9006	0	8979
9007	0	4111
9008	0	4557
9009	0	4557
9010	0	4557
9011	0	4557
1811	0	1701
9012	0	1811
9013	0	1781
9014	0	8381
9015	0	6750
9016	0	2280
1504	0	9017
9018	0	280
3124	0	9019
940	0	938
940	0	9020
956	0	938
6388	0	955
9021	0	6388
9022	0	968
9023	0	6388
9024	0	6388
9025	0	9022
9026	0	9022
9027	0	968
9028	0	940
9029	0	6359
9030	0	1664
9031	0	6385
9032	0	6385
6367	0	9033
9034	0	925
9035	0	943
2909	0	6367
2909	0	9036
9037	0	9033
9038	0	9037
9039	0	9037
9040	0	9038
9041	0	9039
9042	0	9039
9043	0	9039
9044	0	2908
9045	0	2908
9046	0	2908
9047	0	2908
9048	0	2908
9049	0	2909
9050	0	2909
6353	0	931
933	0	931
971	0	6353
9051	0	971
9052	0	952
9053	0	932
963	0	917
9054	0	5097
9055	0	964
9056	0	9055
9057	0	9055
9058	0	964
9059	0	964
9060	0	2883
9061	0	5101
9062	0	6364
9063	0	941
9064	0	941
9065	0	941
9066	0	941
9067	0	941
6376	0	918
9068	0	9069
9070	0	919
9071	0	9070
9072	0	9070
2877	0	2696
4078	0	2696
2701	0	2900
2701	0	4874
9073	0	6592
9074	0	6592
9075	0	5534
9076	0	4874
344	0	198
9077	0	373
9078	0	251
9079	0	9080
9081	0	3927
1415	0	3029
367	0	3029
9082	0	3513
9083	0	2637
9084	0	2536
9085	0	9018
9086	0	9018
9087	0	9018
2171	0	2292
9088	0	9089
2182	0	290
9090	0	2181
9091	0	2181
9092	0	5747
9093	0	239
9093	0	230
9094	0	486
308	0	290
9095	0	369
9096	0	369
9097	0	369
9098	0	350
9099	0	350
9100	0	350
9101	0	350
9102	0	350
218	0	208
9103	0	460
9104	0	460
9105	0	460
9106	0	2549
9107	0	3971
9108	0	1858
9108	0	6284
9109	0	2748
9110	0	1213
4750	0	2854
4750	0	1978
2986	0	4736
9111	0	4299
1060	0	1032
1038	0	1033
2678	0	1060
9112	0	4268
9112	0	9113
9114	0	2704
9115	0	2704
9116	0	2120
3335	0	2814
9117	0	251
9118	0	1789
9119	0	1789
9120	0	1789
9121	0	2617
9122	0	343
9122	0	1826
9123	0	2625
9124	0	2004
9125	0	9126
9127	0	537
9128	0	4468
9129	0	2206
3659	0	2814
5465	0	866
5465	0	3334
9130	0	2251
2885	0	1063
9131	0	3410
6444	0	1952
9132	0	3499
9133	0	3499
9133	0	6432
9134	0	3499
1954	0	9135
9136	0	1953
9135	0	1952
4842	0	9135
1997	0	4842
2067	0	6444
9137	0	2067
9138	0	4828
9139	0	2067
9140	0	2067
9141	0	9135
9142	0	168
641	0	2281
641	0	548
9143	0	641
9144	0	641
9145	0	168
9146	0	168
4370	0	168
9147	0	4370
9148	0	9149
1971	0	1968
9150	0	3499
1963	0	1998
9151	0	641
9152	0	1958
9153	0	6426
9154	0	9153
9155	0	9153
9156	0	9153
4814	0	1961
9157	0	4814
9158	0	4814
9159	0	4814
9160	0	4853
9161	0	4853
9162	0	3833
9163	0	1352
9164	0	4996
4042	0	1352
1021	0	886
1021	0	3054
9165	0	1130
9166	0	1130
4434	0	1048
4434	0	1702
9167	0	1555
9168	0	1906
9169	0	1941
9169	0	7893
9170	0	2315
9171	0	2315
9172	0	2315
6755	0	2953
9173	0	6420
9174	0	6420
9175	0	6420
9176	0	1901
1286	0	1288
9177	0	1906
9177	0	7821
9178	0	7105
9179	0	5882
9180	0	1404
9180	0	9181
2489	0	5618
2489	0	9180
9182	0	2489
9183	0	2666
9184	0	3156
9185	0	3247
9186	0	1876
9187	0	1357
9188	0	4207
9189	0	4207
9190	0	2933
9191	0	2933
9192	0	4688
9193	0	2322
9194	0	2322
2191	0	2187
9195	0	2320
9196	0	2190
9197	0	9195
2205	0	2190
9198	0	2205
9199	0	2697
9199	0	8127
9200	0	1516
9201	0	2981
9201	0	1516
9202	0	2362
4649	0	6773
8802	0	520
9203	0	4649
9204	0	2282
9204	0	9205
9206	0	42
9207	0	42
9208	0	42
9209	0	3388
3532	0	9210
9211	0	3532
9212	0	8294
6724	0	2107
9213	0	942
9213	0	9214
9215	0	2011
9216	0	9217
9218	0	9219
9220	0	1377
9221	0	1960
9222	0	417
3345	0	8618
9223	0	3169
9224	0	3169
9225	0	3345
9226	0	1220
9227	0	1220
9228	0	9227
9229	0	9227
9230	0	4627
9231	0	1070
9231	0	9232
3691	0	3335
9233	0	3691
9234	0	3691
9235	0	3691
4747	0	1955
1958	0	1955
1958	0	2008
4352	0	1955
3211	0	4747
1707	0	1758
9236	0	1707
9237	0	3238
9238	0	2256
9239	0	3077
9240	0	9241
9242	0	2569
9243	0	2569
9244	0	9245
9246	0	9245
9247	0	9244
9247	0	9248
9249	0	9247
9250	0	9247
9251	0	9248
9251	0	9252
9253	0	9248
9253	0	9252
9254	0	8545
9254	0	8632
9255	0	8545
9255	0	8630
9256	0	8545
9256	0	8624
9257	0	8545
9257	0	8626
9258	0	8545
9258	0	8628
9259	0	8541
9259	0	8632
9260	0	8541
9260	0	8630
9261	0	8541
9261	0	8624
9262	0	8541
9262	0	8626
9263	0	8541
9263	0	8628
9264	0	1224
2660	0	8239
9265	0	8381
9266	0	8381
9267	0	8018
9268	0	8415
9269	0	9210
9270	0	9269
9271	0	343
9271	0	1680
9272	0	1525
3471	0	882
9273	0	3471
1143	0	9274
5965	0	1143
9275	0	9276
9277	0	1143
9278	0	1166
9279	0	3209
9280	0	3209
9280	0	4649
9281	0	8789
9282	0	8789
9283	0	343
9283	0	6084
3267	0	186
9284	0	2202
6123	0	712
9285	0	6123
9286	0	1278
9287	0	1417
9287	0	1284
9288	0	558
9289	0	513
9290	0	1693
9290	0	2453
9291	0	5886
9292	0	2032
9293	0	9294
9295	0	9294
9296	0	6063
9297	0	6063
9297	0	6097
9298	0	2876
9298	0	1166
9299	0	9298
9300	0	9298
9301	0	9298
9302	0	9298
9303	0	8017
2841	0	2814
9304	0	2841
9305	0	2841
9306	0	2841
9307	0	8017
3451	0	2933
9308	0	3451
9309	0	2268
9310	0	2268
9311	0	8395
2086	0	9312
9313	0	3178
9314	0	685
9315	0	798
9316	0	9315
9317	0	9315
9318	0	859
9318	0	3420
9319	0	512
9320	0	1403
9321	0	1404
9322	0	1403
9323	0	2297
3516	0	3207
9324	0	891
9325	0	9326
9327	0	6427
9328	0	9326
5498	0	701
1820	0	1816
1818	0	1816
1824	0	1818
5378	0	882
5378	0	1818
5246	0	1820
9329	0	1499
9330	0	2448
9331	0	2448
9332	0	8215
3333	0	3123
3272	0	2043
9333	0	3272
9334	0	6427
3296	0	2937
9335	0	2220
9336	0	2220
9337	0	4474
9338	0	3014
9338	0	3748
9339	0	554
9340	0	554
5602	0	678
5602	0	5618
9019	0	3123
9341	0	9019
9342	0	3125
9343	0	165
9343	0	9344
4321	0	37
4321	0	1516
3076	0	2258
9345	0	3076
9346	0	9347
9348	0	4814
9349	0	3158
9350	0	615
1234	0	615
9351	0	615
9352	0	615
9353	0	9354
9355	0	4097
9356	0	9357
9358	0	2234
9359	0	4854
4359	0	4854
9360	0	1961
9361	0	9360
9362	0	9360
9363	0	1961
9364	0	4854
9365	0	9364
9366	0	9364
9367	0	9366
9368	0	9366
9369	0	2910
4822	0	4854
9370	0	2005
1960	0	4854
6432	0	3269
9371	0	6432
9372	0	2880
9373	0	2880
4360	0	2880
9374	0	2209
9375	0	541
9375	0	9376
9377	0	9378
9379	0	9380
9381	0	548
9382	0	2074
5754	0	2159
9383	0	4679
4445	0	9383
9384	0	4445
9385	0	9383
9386	0	9383
9387	0	4679
9388	0	837
1929	0	1288
9389	0	835
9390	0	835
9391	0	835
9391	0	1598
9392	0	835
9393	0	811
9393	0	9392
9394	0	9395
9396	0	9397
9398	0	1411
9399	0	2905
9400	0	4377
9401	0	2016
9402	0	4736
9403	0	9402
513	0	2453
9404	0	701
9405	0	862
9406	0	2875
9407	0	4620
9408	0	3145
9408	0	3246
9409	0	9405
9410	0	9405
9411	0	9412
9413	0	2720
9414	0	2697
4824	0	9415
9416	0	9415
9417	0	4824
9418	0	4824
9419	0	2407
9420	0	2199
9421	0	2199
9422	0	6342
9423	0	4092
9423	0	4620
9424	0	2174
3337	0	3269
9425	0	9426
9427	0	2757
9428	0	2761
9429	0	9430
9431	0	9432
9433	0	9431
9434	0	9433
9435	0	4350
106	0	109
117	0	109
117	0	16
9436	0	117
9437	0	9436
9438	0	9436
9439	0	45
9440	0	9405
9441	0	3158
9442	0	2874
9443	0	1088
9444	0	2981
9445	0	5898
9446	0	389
9447	0	1832
9448	0	4710
9449	0	754
9450	0	7496
9450	0	193
9451	0	6603
9452	0	2174
9453	0	296
9454	0	602
9455	0	602
9456	0	1744
9457	0	367
4846	0	2007
9458	0	4846
9459	0	9460
9461	0	3169
9462	0	3145
9462	0	9463
9464	0	9465
9466	0	6795
9467	0	9468
9469	0	1603
908	0	110
9470	0	908
9471	0	9470
9472	0	667
9472	0	5588
9473	0	491
9474	0	4563
9475	0	3121
9476	0	9475
9477	0	9475
2186	0	2197
5064	0	2186
9478	0	2705
9479	0	5063
9480	0	9481
9482	0	9481
9483	0	5063
9484	0	9480
9484	0	9482
9485	0	5063
9486	0	2197
9487	0	9486
9488	0	9487
9489	0	5063
9490	0	9487
9491	0	4540
9492	0	5063
9493	0	9277
6791	0	6796
9494	0	6791
9495	0	2803
9496	0	3121
9497	0	4679
9498	0	9499
9500	0	9499
9501	0	4531
9502	0	2262
9503	0	8350
9504	0	9503
9505	0	2011
9505	0	1516
9506	0	1639
9507	0	9508
9509	0	5331
9510	0	3701
9510	0	5363
3173	0	974
3173	0	8158
3173	0	280
2511	0	8158
9511	0	3173
9512	0	4078
9513	0	9512
9514	0	217
9515	0	53
8559	0	302
9516	0	5010
9517	0	1330
9518	0	5128
9519	0	5010
9520	0	1330
9521	0	98
9522	0	3166
9523	0	9524
4673	0	1768
9525	0	4673
4551	0	1770
4551	0	4673
5455	0	872
5455	0	3334
9526	0	996
9527	0	4132
9528	0	2011
9529	0	1971
9529	0	9370
9530	0	9529
9531	0	9529
9532	0	5198
9533	0	5198
9534	0	8125
8125	0	2877
9535	0	2790
9535	0	9536
9537	0	2174
9537	0	9538
9539	0	9540
9541	0	9540
9542	0	9543
9544	0	1088
9545	0	1467
4350	0	2003
9546	0	4350
9547	0	701
9548	0	9547
9549	0	8115
9550	0	389
9551	0	137
9552	0	2388
1411	0	2388
9553	0	1411
9554	0	1070
9555	0	4058
3148	0	2028
9556	0	3148
9557	0	9556
9558	0	9556
9559	0	5558
9560	0	5558
9561	0	3292
9562	0	1213
9563	0	4054
9564	0	9563
3167	0	9564
9565	0	3167
9566	0	3167
9567	0	9566
9568	0	9566
9569	0	3167
9570	0	9569
9571	0	9569
9572	0	3167
9573	0	9572
9574	0	9572
9575	0	9564
9576	0	9575
9577	0	9576
9578	0	9576
9579	0	9575
9580	0	9579
9581	0	162
9582	0	152
9583	0	1042
9584	0	292
9585	0	335
9586	0	331
9587	0	373
614	0	519
548	0	519
9588	0	555
9589	0	6058
9590	0	645
9591	0	1790
912	0	9592
9593	0	9594
9595	0	6724
9596	0	1783
9597	0	1783
2379	0	418
1912	0	5004
9598	0	6451
2849	0	2191
9599	0	2849
9600	0	363
9601	0	2116
9602	0	1393
9602	0	1284
9603	0	1393
9603	0	9604
3201	0	2203
9605	0	3201
9606	0	3201
9607	0	9608
9609	0	1768
9609	0	1762
9610	0	343
9611	0	1160
9612	0	912
9613	0	2933
9614	0	9613
9615	0	9613
9616	0	2933
9617	0	9616
9618	0	9616
9619	0	9620
9621	0	154
9622	0	154
9623	0	9360
9624	0	929
9625	0	930
9626	0	1674
9627	0	2365
9628	0	2197
9629	0	9630
9631	0	9630
9632	0	9633
9634	0	9633
9635	0	1654
9636	0	1828
9637	0	2303
9638	0	2641
9639	0	593
9640	0	2130
9640	0	2621
9641	0	8804
9641	0	600
9642	0	6688
9643	0	1926
9644	0	1406
9645	0	9644
9646	0	9591
9647	0	9591
9648	0	789
9649	0	848
9649	0	9650
9651	0	1828
9652	0	1761
1221	0	4654
1223	0	4654
9608	0	1218
1535	0	1218
9653	0	9607
9654	0	9607
1478	0	2103
2396	0	2292
2396	0	1478
9655	0	9555
9655	0	7422
3134	0	858
2301	0	3134
9656	0	9536
9657	0	2111
9658	0	2111
9659	0	9660
9659	0	9661
9662	0	1362
9663	0	1362
4457	0	1808
9664	0	4457
9665	0	4457
9666	0	2174
9667	0	2309
9668	0	3114
9669	0	1467
9670	0	9671
9672	0	9671
9673	0	9674
9675	0	5087
9675	0	2091
9676	0	5087
2091	0	2029
9677	0	8460
9678	0	667
234	0	207
287	0	207
9679	0	206
9680	0	4679
2859	0	2749
2859	0	9681
9682	0	2859
9683	0	2288
9684	0	8224
9685	0	8224
9686	0	1428
9687	0	9686
9688	0	9687
9689	0	9141
9690	0	9141
9691	0	9135
9692	0	2246
9692	0	9693
9694	0	1045
9694	0	7459
9695	0	2448
9695	0	7459
9696	0	2448
9696	0	7459
9697	0	353
9697	0	37
9698	0	9135
9699	0	2549
9700	0	9699
9701	0	9699
9702	0	9699
9703	0	2317
9704	0	2317
9705	0	1699
9706	0	2680
9707	0	5889
9181	0	2458
9708	0	1406
9033	0	974
9033	0	1478
9709	0	9033
9710	0	9709
9711	0	9709
9712	0	502
9712	0	5788
9713	0	558
9714	0	2258
9715	0	296
9716	0	604
9717	0	604
9718	0	7475
9719	0	7475
9720	0	3634
8971	0	1712
9721	0	912
9722	0	2549
9723	0	9724
9725	0	1428
9726	0	679
9727	0	5146
9728	0	2625
9729	0	9135
9730	0	9689
9731	0	9732
9733	0	9689
9732	0	9689
9734	0	9690
9735	0	9690
2121	0	1790
9736	0	2121
9737	0	2121
9738	0	2693
9739	0	280
9740	0	8742
2078	0	3148
9741	0	2077
9415	0	2697
9742	0	8117
9743	0	1699
9743	0	168
9744	0	1882
9745	0	2933
9746	0	9612
9747	0	9612
9748	0	2720
713	0	547
9749	0	367
9750	0	555
9751	0	2130
9752	0	4352
9753	0	4352
9754	0	1881
9755	0	1894
9756	0	1878
9757	0	9210
9758	0	8545
9758	0	9759
9760	0	9761
9762	0	9760
9763	0	9760
9764	0	1730
9765	0	8105
9766	0	8105
9767	0	8105
9768	0	8105
9769	0	8105
9770	0	8105
9771	0	8220
9772	0	167
9772	0	922
9773	0	2874
9774	0	102
9775	0	102
9776	0	149
9777	0	9778
126	0	106
9779	0	895
9780	0	4286
9781	0	136
9782	0	136
9783	0	4287
9784	0	3
9785	0	145
9786	0	121
9787	0	121
2150	0	106
9788	0	2150
9789	0	890
9790	0	138
9791	0	138
140	0	4291
160	0	3114
9792	0	130
9793	0	129
9794	0	9792
9795	0	129
9796	0	129
9797	0	129
162	0	160
152	0	160
2935	0	160
9798	0	2935
9799	0	2935
9800	0	160
9801	0	9800
9802	0	9800
9803	0	9800
4861	0	160
9804	0	4861
9805	0	4861
3156	0	3080
3359	0	2933
9806	0	3359
891	0	3114
9807	0	891
9808	0	9809
9810	0	9809
9811	0	8025
9812	0	22
8023	0	111
8023	0	1641
9813	0	8023
3651	0	116
9814	0	3651
9815	0	3651
9816	0	3651
9817	0	3651
9818	0	525
9819	0	525
9820	0	572
9821	0	665
9822	0	9821
9823	0	548
6178	0	9823
9824	0	709
9825	0	6175
9826	0	700
9827	0	2255
280	0	788
858	0	788
2564	0	280
9828	0	2564
9829	0	1454
9830	0	6234
9831	0	2436
9832	0	857
9833	0	45
9834	0	2752
9835	0	9834
37	0	9834
9836	0	2228
9837	0	2164
9838	0	2202
9839	0	2202
9840	0	7422
9841	0	9840
9842	0	9840
9843	0	9844
9845	0	9843
9846	0	9845
9847	0	9845
9848	0	9845
9849	0	9845
9850	0	9851
9851	0	9852
9851	0	9853
9854	0	9851
9855	0	9851
9856	0	4559
9857	0	1412
9858	0	1412
9859	0	1412
9860	0	802
9861	0	802
9862	0	3264
9863	0	3264
2520	0	1478
9864	0	1478
9864	0	6325
9865	0	2520
9865	0	9205
9866	0	4234
9867	0	882
9868	0	1478
9868	0	9867
9869	0	9868
9870	0	2448
9870	0	9868
9871	0	9868
9872	0	9871
9873	0	9871
9874	0	678
9874	0	9868
9875	0	280
9875	0	9867
9876	0	9875
9877	0	9878
9879	0	9878
9880	0	9878
9881	0	8159
9882	0	9881
9883	0	9881
9878	0	8159
9884	0	2234
9885	0	1404
9885	0	2282
9886	0	1056
2641	0	2118
9887	0	2641
9888	0	2641
2240	0	2103
9889	0	2240
9890	0	9844
9891	0	9892
9893	0	9894
9895	0	9896
9897	0	9890
9898	0	1354
9899	0	4220
6570	0	417
6542	0	417
6585	0	417
8779	0	417
9900	0	450
9900	0	6570
9900	0	6542
9901	0	450
9901	0	6570
9901	0	6585
2124	0	5852
2124	0	9902
2361	0	5852
2361	0	2118
9903	0	9513
9903	0	9904
9905	0	1147
1767	0	4549
9906	0	1779
9906	0	1767
9907	0	8220
8088	0	1287
9908	0	2915
2649	0	4440
9909	0	4450
9910	0	4450
9911	0	222
9912	0	6367
2131	0	2124
1172	0	1117
9913	0	2032
9914	0	2197
9915	0	1390
9916	0	4093
9916	0	5526
9917	0	1672
9917	0	8444
9918	0	1647
9919	0	1166
9920	0	44
9921	0	1353
9921	0	1893
9922	0	1618
9923	0	3104
9924	0	653
9925	0	1893
9925	0	1889
9926	0	2458
9927	0	9926
9928	0	9926
9929	0	9926
5772	0	2234
9930	0	5772
9931	0	5772
9932	0	2300
9933	0	2458
9934	0	9453
2516	0	858
848	0	1372
1372	0	280
820	0	9650
9935	0	322
5851	0	1406
9936	0	2198
9937	0	2198
9938	0	9889
9939	0	9889
5238	0	8722
9940	0	2676
9941	0	1284
9942	0	9941
9943	0	9941
9944	0	0
9945	0	9944
9946	0	9944
9947	0	709
6097	0	582
7558	0	520
7558	0	6064
9948	0	7311
9949	0	417
9950	0	4078
9950	0	406
9951	0	417
9952	0	9953
9954	0	9953
9955	0	137
1343	0	9956
9957	0	14
9958	0	14
9958	0	9551
9959	0	7848
9960	0	6452
9960	0	1926
9961	0	3335
3756	0	3334
3756	0	3050
9962	0	4221
9963	0	2458
9964	0	5738
600	0	660
9965	0	600
9966	0	1162
9966	0	3642
9967	0	9966
9967	0	8127
9968	0	1484
9969	0	329
9970	0	263
9971	0	263
9972	0	529
6125	0	538
9973	0	709
9974	0	462
9975	0	2094
9976	0	462
9977	0	9976
9978	0	9976
9979	0	465
4107	0	462
9980	0	3196
9981	0	3196
86	0	79
86	0	71
9982	0	8954
8954	0	1715
9983	0	8954
9984	0	1714
9985	0	1683
9986	0	1682
9987	0	1682
3678	0	5
9988	0	3678
9989	0	9988
9990	0	9988
9991	0	9988
9992	0	9988
9993	0	9988
9994	0	3678
9995	0	9994
9996	0	9995
9997	0	9995
9998	0	9995
9999	0	9995
10000	0	9994
10001	0	10000
10002	0	10000
10003	0	10000
10004	0	10000
705	0	700
10005	0	1166
10005	0	1101
10006	0	10005
10007	0	10006
10008	0	10007
10009	0	10007
10010	0	10011
10012	0	1647
10013	0	1647
10013	0	2616
10014	0	2610
10015	0	2130
10016	0	1517
10017	0	68
10018	0	68
10019	0	65
10020	0	65
10021	0	10020
10022	0	10020
10023	0	2123
10024	0	45
10025	0	55
10026	0	908
10027	0	10026
10028	0	10027
9430	0	10028
10029	0	10028
10030	0	10028
10031	0	10028
10032	0	9430
10033	0	45
10034	0	65
10035	0	31
10036	0	10035
39	0	113
10037	0	39
10038	0	10037
10039	0	10037
10040	0	10037
10041	0	10037
90	0	81
84	0	81
10042	0	84
10043	0	6599
10044	0	6599
10045	0	6599
10046	0	176
10047	0	176
10048	0	163
10049	0	10048
10049	0	10050
10051	0	1644
10052	0	2274
10053	0	362
10053	0	205
10054	0	205
10054	0	511
10055	0	205
10056	0	205
10057	0	724
10058	0	10057
10059	0	10057
10060	0	2536
10061	0	2536
10062	0	2536
10063	0	2536
10064	0	2536
10065	0	2536
10066	0	347
10067	0	523
10068	0	10000
10069	0	2490
10070	0	2490
10071	0	837
10072	0	10073
10074	0	7561
10075	0	7561
10076	0	7561
10077	0	7561
635	0	533
10078	0	634
10079	0	4854
10080	0	4854
648	0	533
10081	0	2947
4356	0	1951
10082	0	1961
10083	0	10082
10084	0	10082
1995	0	1961
10085	0	1995
1967	0	1964
1967	0	2008
10086	0	10087
10088	0	10089
5902	0	1172
3485	0	3114
10090	0	3485
10091	0	1315
10092	0	3230
10093	0	2951
10094	0	3085
10095	0	1961
10096	0	10095
10097	0	10095
10098	0	10099
10100	0	10099
10101	0	2747
10102	0	10101
10103	0	10101
10104	0	10101
10105	0	10101
10106	0	10101
10107	0	10101
10108	0	6723
10109	0	6723
4734	0	2746
10110	0	10111
10112	0	6723
2852	0	2747
10113	0	2852
10114	0	10115
10116	0	10113
10117	0	2747
10118	0	10117
10119	0	10117
10120	0	2747
10121	0	2747
3823	0	1060
10122	0	2866
10123	0	10122
10124	0	10122
10125	0	6723
10126	0	10127
10128	0	10129
6187	0	520
10130	0	6187
10131	0	2721
10132	0	2020
10133	0	436
10134	0	555
10135	0	36
10136	0	1047
10137	0	2160
130	0	2933
10138	0	130
4872	0	125
10139	0	4872
10140	0	10141
10142	0	9324
10143	0	5551
10144	0	3553
10145	0	3553
10146	0	10147
10148	0	10147
10149	0	10148
10150	0	2647
10151	0	2647
10152	0	2607
10153	0	3485
10154	0	3485
10155	0	3485
10156	0	3178
10157	0	3443
10158	0	2930
10159	0	10160
10161	0	3472
10162	0	4516
10163	0	10164
10165	0	8275
10166	0	10167
10168	0	10166
10169	0	10168
10170	0	4069
10171	0	10172
10173	0	3474
10174	0	10175
10176	0	10175
10177	0	10175
10178	0	9826
10179	0	9826
10180	0	9826
10181	0	2028
10182	0	10181
10183	0	10181
10184	0	10181
10185	0	10181
10186	0	10181
10187	0	912
10188	0	3485
10189	0	10190
10191	0	1971
10192	0	2258
10193	0	10192
10194	0	10192
10195	0	10196
10197	0	10195
10198	0	10195
10199	0	5703
10200	0	1832
10201	0	1433
10202	0	10203
10204	0	10201
10205	0	10201
10206	0	10201
10203	0	1433
10207	0	2021
10208	0	10209
10210	0	10209
10211	0	10209
10212	0	3444
10213	0	9341
10214	0	10213
10215	0	10213
10216	0	3207
10217	0	10216
10218	0	10217
10219	0	10220
10221	0	10220
10222	0	408
10223	0	1373
10224	0	10223
10225	0	10223
10226	0	10223
10227	0	10223
10228	0	10223
10229	0	10223
10230	0	10223
10231	0	10223
1460	0	10223
10232	0	2446
10232	0	2383
10233	0	10232
10233	0	10234
8280	0	1373
10234	0	8279
10234	0	2383
2384	0	8280
10235	0	2270
10236	0	2311
10237	0	871
10238	0	4618
10238	0	871
10239	0	2121
10240	0	1221
10241	0	5
10242	0	10241
10243	0	10242
10244	0	10242
10245	0	10242
10246	0	10243
10247	0	10246
10248	0	10246
10249	0	10243
10250	0	10243
10251	0	10244
10252	0	10251
10253	0	10251
10254	0	10243
10255	0	10254
10256	0	10254
10257	0	10254
10258	0	10254
10259	0	10260
10261	0	10260
10262	0	10254
10263	0	10262
10264	0	10262
10265	0	10264
10266	0	10260
10260	0	10254
10267	0	10264
10268	0	10263
10269	0	10254
10270	0	10260
10271	0	10260
10272	0	10260
10273	0	10264
10274	0	10243
10275	0	10254
10276	0	10243
10277	0	10243
10278	0	10244
10279	0	10244
10280	0	10244
10281	0	10244
10282	0	10244
10283	0	10244
10284	0	10244
10285	0	10244
10286	0	10244
10287	0	10286
10288	0	10244
10289	0	10290
10290	0	10286
10291	0	10290
10292	0	10244
10293	0	10292
10294	0	10292
10295	0	10296
10296	0	10245
10297	0	10296
10298	0	10299
10300	0	10297
10301	0	10297
10302	0	10295
10303	0	10295
10304	0	10299
10305	0	10245
10306	0	1918
10307	0	10308
10308	0	131
10309	0	541
10310	0	2197
10311	0	5275
10312	0	541
10313	0	462
10314	0	2234
10315	0	2162
10316	0	1595
3580	0	2634
3580	0	1702
10317	0	2651
10318	0	10319
10319	0	10320
10321	0	4116
10322	0	2258
3525	0	2028
10323	0	3525
10324	0	2129
10324	0	2367
10325	0	2129
10326	0	185
10327	0	10326
10328	0	1596
4070	0	2362
4070	0	9552
10329	0	4070
10330	0	10329
1559	0	153
2118	0	1559
9902	0	1559
10331	0	4359
10332	0	4359
10333	0	2282
10334	0	45
10334	0	4618
10335	0	2234
10336	0	8159
10337	0	8159
10338	0	2744
10339	0	10338
10340	0	2191
10340	0	4618
9894	0	9890
10341	0	9894
9892	0	9890
10342	0	9892
10343	0	9890
10344	0	10343
10345	0	10343
9896	0	9890
10346	0	9896
1474	0	2160
10347	0	2511
10348	0	1832
10349	0	10348
10350	0	10348
10351	0	9123
10352	0	2107
10353	0	8159
4826	0	1961
10354	0	4826
7561	0	533
10355	0	533
10356	0	3121
10357	0	10356
10358	0	10356
10359	0	10357
5496	0	3121
10360	0	10361
10361	0	5496
10362	0	10361
10363	0	10361
10364	0	1820
10364	0	4618
10365	0	278
10366	0	1158
10367	0	1080
10368	0	10369
10099	0	1088
2370	0	2106
10370	0	2370
10371	0	1106
10372	0	1883
10373	0	2104
10374	0	2130
10375	0	8481
10376	0	1277
10377	0	10378
10379	0	1790
10380	0	10379
10381	0	1467
10382	0	2511
10383	0	8159
10384	0	5840
10385	0	10384
10386	0	2234
10387	0	1596
1192	0	1117
10388	0	1192
10389	0	1192
10390	0	1192
10391	0	1192
10392	0	10393
10394	0	6044
10395	0	682
10396	0	2295
10397	0	1076
10398	0	8481
10399	0	1652
10400	0	10401
10402	0	10403
10404	0	10402
10405	0	10375
10406	0	767
10407	0	776
2777	0	218
10408	0	2777
10409	0	1166
10410	0	3640
8775	0	1647
10411	0	912
10411	0	8775
10412	0	1298
10413	0	10414
6358	0	10413
10415	0	6358
10416	0	10413
10417	0	10416
10418	0	10416
10419	0	10413
10420	0	10419
10421	0	10419
10422	0	217
10422	0	1048
1790	0	153
10423	0	1790
10424	0	1790
10425	0	10423
10425	0	10424
10426	0	541
10426	0	676
10427	0	6112
10428	0	594
10429	0	10430
10431	0	2372
10432	0	2372
10433	0	558
10434	0	3541
10435	0	1535
1538	0	2118
10436	0	2118
10437	0	8018
10438	0	10439
10440	0	10439
10441	0	812
10442	0	10441
10443	0	10441
10444	0	660
10445	0	10367
10446	0	10367
10447	0	10367
10448	0	10367
10449	0	4559
9852	0	4559
10450	0	7445
10450	0	7864
10451	0	10450
10452	0	10453
10454	0	10453
10455	0	10453
10456	0	5073
10456	0	2322
10457	0	2322
10458	0	2322
10459	0	10460
10461	0	10462
10463	0	10461
10464	0	1558
10465	0	1106
10466	0	547
6246	0	700
5785	0	2167
5785	0	2226
10467	0	10468
10469	0	879
10470	0	879
10471	0	879
10472	0	10473
10474	0	8125
10475	0	4093
10476	0	10477
10478	0	2258
10479	0	10480
10481	0	10482
10483	0	3678
10484	0	10485
10486	0	10483
10487	0	10483
10488	0	10485
10489	0	10488
10490	0	10488
10491	0	10485
10492	0	10483
10493	0	10488
10494	0	10483
10495	0	10483
10496	0	10485
10497	0	10485
10498	0	10483
10499	0	10483
10500	0	10483
10501	0	10483
10502	0	10483
10503	0	10483
10504	0	10485
10505	0	10483
10506	0	10483
10507	0	10483
10508	0	10483
10509	0	10483
10510	0	4531
10511	0	1060
10512	0	10511
10513	0	10514
10513	0	10515
10513	0	9661
10516	0	1389
10517	0	10516
10518	0	10517
10518	0	9661
10519	0	5632
10520	0	9719
10521	0	10522
10522	0	642
10523	0	10524
10525	0	10524
10526	0	640
10527	0	640
10528	0	1117
10529	0	10528
10530	0	10528
10531	0	10528
10532	0	1117
10533	0	10532
10534	0	10532
10535	0	206
10536	0	853
10537	0	3678
10538	0	10537
10539	0	10537
10540	0	10537
10541	0	1512
10541	0	500
10542	0	1512
10543	0	1512
10544	0	1512
10545	0	1512
10546	0	1512
10547	0	1512
10548	0	1512
10549	0	8076
10550	0	846
10551	0	830
2109	0	2361
10552	0	2109
10553	0	1071
10554	0	10510
10555	0	176
10555	0	9450
10556	0	10000
1099	0	1067
10557	0	1099
10558	0	1099
10559	0	3541
10560	0	3678
10561	0	10560
10562	0	10560
10563	0	10560
10564	0	10560
10565	0	3678
10566	0	10565
10567	0	10000
10568	0	2743
10569	0	10002
10570	0	10002
10571	0	10000
10572	0	10000
10573	0	10000
10574	0	10000
10575	0	10000
10576	0	3541
10577	0	1118
10578	0	3541
10579	0	3541
10580	0	10581
10582	0	10581
10583	0	10582
10584	0	8411
10585	0	8411
10586	0	8411
10587	0	617
10588	0	10587
10589	0	665
10590	0	635
10590	0	10591
10592	0	648
10592	0	10591
10593	0	594
10594	0	10565
10595	0	2989
10596	0	193
10597	0	10598
10599	0	10600
10601	0	2671
4116	0	10320
10602	0	4116
10603	0	4709
10175	0	699
10604	0	106
10605	0	2281
10606	0	2947
10607	0	566
10608	0	566
10609	0	2787
10610	0	10609
10611	0	10483
10612	0	2307
10613	0	2307
563	0	6176
10614	0	10615
10616	0	663
10616	0	563
10617	0	663
10617	0	563
10618	0	8788
10619	0	10175
10619	0	10620
10621	0	2947
10622	0	1523
10623	0	10624
10625	0	10623
10626	0	10623
10627	0	524
10628	0	10627
10629	0	10630
10631	0	2757
10632	0	1566
10633	0	3472
8416	0	153
10634	0	699
10635	0	1467
10636	0	581
10637	0	8486
10638	0	8486
10639	0	124
10640	0	10639
10641	0	10308
10642	0	131
10643	0	10006
10644	0	1060
10645	0	10644
10646	0	3428
10647	0	10646
10648	0	10549
2466	0	2450
10649	0	3313
10650	0	4923
10651	0	3281
10652	0	10483
10653	0	10654
10655	0	10656
10655	0	10657
10658	0	2947
10659	0	2051
10660	0	1134
10661	0	353
10662	0	10661
10663	0	673
10664	0	2425
10665	0	963
10666	0	2322
10666	0	2218
10667	0	10666
10668	0	10666
10669	0	10666
10670	0	10666
10671	0	10666
10672	0	10462
10673	0	10666
10674	0	10666
10675	0	10669
10676	0	10669
10677	0	10669
10678	0	548
10679	0	10680
10681	0	837
10682	0	547
10683	0	10682
10684	0	1790
10685	0	6634
10685	0	185
1832	0	1830
2064	0	1830
10686	0	10
10686	0	1832
10687	0	9451
10688	0	9451
10689	0	9451
10690	0	182
10691	0	94
10692	0	144
10692	0	6617
10693	0	5074
10694	0	5409
10695	0	10696
10697	0	2209
1680	0	1678
5387	0	1678
10698	0	5387
2216	0	2800
10699	0	2197
1691	0	1687
10700	0	1691
10701	0	1691
10702	0	1166
10703	0	912
10704	0	10705
10706	0	10707
10708	0	1664
10709	0	9430
10710	0	1826
10711	0	10712
10713	0	1852
4565	0	1413
10714	0	10715
10716	0	1803
10717	0	10716
10718	0	10716
10719	0	10718
10720	0	10718
10721	0	49
10722	0	1160
10723	0	922
7422	0	2028
7422	0	296
10724	0	7422
2945	0	2028
2945	0	296
10725	0	2945
10726	0	10727
10728	0	10729
10730	0	9890
10167	0	8416
10731	0	2937
10732	0	10731
10624	0	10733
10734	0	130
10735	0	1131
10736	0	1131
10737	0	1125
10738	0	2757
10739	0	5889
10740	0	10741
10742	0	1172
10743	0	45
10743	0	1142
10744	0	1048
10745	0	1782
10746	0	802
10747	0	2311
10748	0	2960
10749	0	919
10750	0	2258
10751	0	10750
10752	0	182
10753	0	84
23	0	13
10754	0	12
10755	0	23
10756	0	8931
10757	0	1147
10758	0	617
10758	0	575
10759	0	1179
10760	0	1768
10761	0	10762
10763	0	4116
10764	0	10763
10765	0	2258
10766	0	1618
10767	0	1618
10768	0	1618
10769	0	1619
10770	0	8925
10771	0	8925
10772	0	10770
10773	0	5889
10774	0	5889
10775	0	5889
10776	0	1125
10777	0	1125
10778	0	5889
10779	0	663
10780	0	660
10781	0	922
10782	0	8930
10783	0	10384
10784	0	547
10785	0	10786
10787	0	1048
10788	0	1
10789	0	8863
8863	0	1708
10790	0	10791
10792	0	10791
10793	0	10791
10794	0	1117
10795	0	1117
10796	0	1596
10797	0	1121
10798	0	1120
10799	0	1120
10800	0	343
10801	0	663
10802	0	1179
10803	0	1179
10804	0	1948
10805	0	1152
10806	0	4752
2866	0	4750
10807	0	1961
10808	0	10807
10809	0	10807
10810	0	10682
10811	0	8415
10812	0	660
10813	0	673
10814	0	673
10815	0	1596
10816	0	5146
10817	0	6214
10818	0	6025
10819	0	665
10820	0	10819
10821	0	10819
10822	0	10819
10823	0	10819
10824	0	10819
10825	0	10819
10826	0	593
6158	0	594
10827	0	6158
10828	0	6158
10829	0	573
10830	0	1231
10831	0	607
10832	0	640
10832	0	542
4677	0	4715
8963	0	4715
10833	0	1728
4555	0	1706
10834	0	1706
10835	0	10832
10836	0	10526
10836	0	10832
10837	0	521
10838	0	10839
10838	0	636
10840	0	10841
10840	0	10591
10842	0	10841
10842	0	636
10841	0	533
10839	0	533
10843	0	533
10844	0	548
10845	0	10846
10847	0	10845
10848	0	10847
10849	0	10845
10850	0	10847
10851	0	10846
10852	0	10853
10853	0	10851
10854	0	10851
10855	0	10856
10857	0	10855
10858	0	10857
10859	0	10856
10860	0	6064
10861	0	10862
10863	0	10864
10865	0	691
10866	0	734
10867	0	551
10868	0	551
10869	0	346
10870	0	528
8282	0	8507
4618	0	8403
10871	0	4618
10872	0	2855
10873	0	10872
10874	0	10872
10875	0	10876
10877	0	10878
10879	0	10877
10879	0	4755
10880	0	10877
10880	0	10881
10882	0	3443
10883	0	3443
10884	0	3443
10885	0	2947
10886	0	3178
10887	0	3169
10888	0	10731
98	0	95
108	0	95
10889	0	10890
10891	0	9344
10892	0	4116
10893	0	3169
10894	0	10895
10895	0	3114
10896	0	3503
10897	0	8104
10898	0	8322
10899	0	2228
10900	0	138
10901	0	10900
10902	0	10900
10903	0	138
10904	0	8722
10905	0	10904
10906	0	10904
10907	0	10904
10908	0	1870
8383	0	1324
8383	0	1652
10909	0	3252
10910	0	2412
10911	0	2412
8734	0	1060
8734	0	1867
10912	0	8734
10913	0	1697
10914	0	1697
10915	0	1697
516	0	498
516	0	1867
498	0	496
5095	0	496
10916	0	1491
10917	0	1321
10918	0	343
10918	0	5972
10919	0	1639
10920	0	1870
10921	0	1652
10922	0	8393
10923	0	10922
10924	0	10922
10925	0	2969
10926	0	5726
10927	0	5482
10928	0	1422
10929	0	10930
10931	0	10929
10932	0	10929
10933	0	10930
10934	0	10933
10930	0	2945
10935	0	10936
10937	0	10936
10938	0	3077
10939	0	313
10940	0	2908
10941	0	2908
10942	0	2187
10943	0	2216
10944	0	10943
10945	0	10943
10946	0	280
10947	0	1654
10948	0	516
10949	0	8140
10950	0	8140
10951	0	8140
10952	0	8734
10953	0	10952
10954	0	10952
10955	0	8764
10956	0	8764
10957	0	8764
10958	0	712
10959	0	7479
10960	0	2516
10961	0	2221
10962	0	8383
10963	0	1652
10964	0	3207
10965	0	367
10966	0	8722
10967	0	6200
10968	0	6200
2244	0	1489
5972	0	1080
5972	0	1867
10969	0	5972
10970	0	8392
10971	0	8392
10972	0	8392
10973	0	2565
10974	0	8722
10975	0	1321
10976	0	2947
9650	0	9648
10977	0	169
10978	0	3169
10979	0	1425
3090	0	1051
3090	0	3823
10980	0	8158
10981	0	1489
10982	0	660
10983	0	9890
10984	0	2458
10985	0	8018
10986	0	2933
10987	0	2085
3355	0	2933
10988	0	3355
10989	0	236
10990	0	236
10991	0	2647
10992	0	10991
10993	0	10994
10995	0	10994
10996	0	3085
10997	0	912
10998	0	1354
1884	0	1354
1880	0	1354
10999	0	3678
11000	0	10999
11001	0	10999
11002	0	10999
11003	0	11004
11005	0	9312
11006	0	5747
11007	0	10999
11008	0	790
11009	0	799
11010	0	11009
11011	0	11012
11013	0	5141
11014	0	11015
11016	0	2278
11017	0	11016
11018	0	11017
11019	0	11017
11020	0	11021
11022	0	11021
11023	0	11021
841	0	11012
839	0	11008
11024	0	11011
11025	0	11016
821	0	789
11026	0	847
11015	0	841
11027	0	5965
11028	0	6672
11029	0	3678
11030	0	11029
11031	0	11029
11032	0	840
11012	0	790
11033	0	6672
11033	0	839
11034	0	3432
11035	0	347
11036	0	11035
11037	0	11035
11038	0	11035
11039	0	10319
11040	0	3432
11041	0	3462
11042	0	11043
11044	0	10048
11045	0	182
11046	0	182
180	0	113
11047	0	180
11048	0	11047
11048	0	11049
11050	0	11047
11051	0	11047
11052	0	11047
11052	0	11053
11054	0	11047
11054	0	11055
11056	0	408
11057	0	408
11058	0	408
11059	0	430
11060	0	408
11061	0	439
11062	0	472
11063	0	11062
11064	0	1298
11065	0	1057
11066	0	1907
11067	0	1856
11068	0	5181
11069	0	4286
11070	0	888
11071	0	117
11072	0	102
4943	0	2704
11073	0	2975
11074	0	2975
11075	0	2980
11076	0	6682
11077	0	1508
5004	0	1497
11078	0	3014
11079	0	11080
5660	0	295
11081	0	5660
11082	0	1421
11082	0	4618
11083	0	5780
11084	0	1422
11085	0	1129
11086	0	1080
11087	0	5918
11088	0	1873
11089	0	2325
2947	0	983
11090	0	2020
5440	0	2953
11091	0	2877
11092	0	11091
11093	0	11092
7445	0	11092
11094	0	7445
11095	0	7445
11096	0	11097
3026	0	11095
11098	0	3024
11099	0	9415
11097	0	11095
11100	0	11097
11101	0	306
11101	0	9903
11102	0	2702
11103	0	3019
11104	0	3019
11105	0	2216
11105	0	5396
11106	0	11107
11108	0	11109
11110	0	9415
11111	0	10468
2051	0	2139
11112	0	2625
1942	0	1288
2540	0	7422
11113	0	2540
11114	0	11115
11116	0	11114
11116	0	10656
11117	0	3207
11118	0	11117
11119	0	11118
11120	0	11118
11121	0	11117
11122	0	11121
11123	0	11117
11124	0	11117
11125	0	11124
11126	0	11124
11127	0	11080
11128	0	11117
11129	0	11128
11130	0	11128
11131	0	11117
11132	0	11117
11133	0	11117
11134	0	11131
11135	0	11131
11136	0	11132
11137	0	11132
11138	0	11133
11139	0	11133
11080	0	11117
11140	0	11117
11141	0	11140
11142	0	11140
11143	0	11117
11144	0	11143
11145	0	11143
11146	0	11117
11147	0	11146
11148	0	11146
11149	0	11117
11150	0	11117
11151	0	11150
11152	0	2975
9344	0	174
10050	0	180
10050	0	9344
11153	0	6432
11154	0	6432
11155	0	6432
11156	0	11155
11157	0	11155
11158	0	11155
11159	0	11155
11160	0	6432
11161	0	4370
11162	0	168
11163	0	168
11164	0	168
11164	0	4610
2274	0	669
11165	0	2107
11166	0	11165
11167	0	11165
11168	0	11165
11169	0	1516
11170	0	2636
11171	0	11172
11173	0	11174
11175	0	2016
11176	0	1535
11176	0	37
11177	0	10786
11178	0	1221
11179	0	65
11179	0	2121
11180	0	130
11181	0	2121
11182	0	10048
11183	0	10048
11184	0	10048
11185	0	182
11185	0	1119
11186	0	131
10320	0	2634
10320	0	1413
11187	0	4116
11188	0	704
11188	0	11189
11190	0	1790
11191	0	2947
10482	0	1146
11192	0	2134
11193	0	1221
11194	0	106
11195	0	3133
4052	0	3133
11196	0	4052
11197	0	4052
11198	0	3461
3137	0	1446
3137	0	11199
1487	0	1446
5726	0	3136
11200	0	3466
11201	0	3466
2390	0	4076
11202	0	6041
11203	0	2288
2179	0	2288
2636	0	2288
2445	0	1469
11204	0	363
3393	0	9739
11205	0	3459
11206	0	11205
11207	0	11205
11208	0	11205
11209	0	3459
11210	0	3459
11211	0	11210
11212	0	11210
11213	0	11210
11214	0	3393
11215	0	11214
11216	0	11214
11217	0	11040
11218	0	3399
11219	0	2199
11220	0	11004
11221	0	2947
11222	0	2947
11223	0	6052
11224	0	811
11225	0	799
11226	0	11227
11228	0	802
11229	0	736
11230	0	824
11231	0	2249
11232	0	807
11233	0	2625
11234	0	8062
11235	0	11011
11236	0	11117
11237	0	11236
11238	0	11117
11239	0	11238
11240	0	11117
11241	0	11240
11242	0	3207
11243	0	6790
11244	0	6790
11245	0	4928
11246	0	3251
11247	0	3251
1578	0	367
3417	0	1350
6771	0	6775
11248	0	6741
11249	0	11250
11249	0	4596
11251	0	11250
11252	0	2720
11253	0	11252
11254	0	11252
11250	0	2657
11255	0	11250
11256	0	218
11257	0	2322
11258	0	4732
11259	0	4732
11260	0	4773
11260	0	11261
11262	0	1354
4620	0	4633
4316	0	4633
11263	0	9515
11264	0	9515
11265	0	9515
11266	0	78
11267	0	57
11268	0	57
11269	0	57
11270	0	57
11271	0	11270
11272	0	2993
11273	0	1060
11274	0	11275
11276	0	11277
11278	0	11279
10393	0	1961
10393	0	9592
11280	0	11277
11281	0	65
11282	0	65
4241	0	4234
11283	0	4241
11284	0	11283
11285	0	872
11286	0	2977
11287	0	11285
11288	0	1463
11289	0	204
11290	0	2489
11291	0	2489
3370	0	3073
11292	0	10646
3405	0	3039
11293	0	3405
11294	0	3405
11295	0	5024
11296	0	5024
11297	0	5024
11298	0	5024
11299	0	5024
5324	0	2843
11300	0	989
11301	0	1406
11302	0	11301
11303	0	11301
2972	0	2980
11304	0	2972
11305	0	11304
2844	0	3032
11306	0	2844
11307	0	2844
3053	0	1499
2836	0	1499
11308	0	302
5123	0	1060
3739	0	5123
11309	0	11310
5788	0	362
11311	0	2969
10073	0	701
11312	0	10073
11313	0	11312
11314	0	11312
11315	0	2246
11316	0	2074
11317	0	2814
11318	0	11317
11319	0	520
11320	0	2689
11320	0	11321
11322	0	1120
11323	0	2854
11324	0	11323
11325	0	11324
11326	0	11325
11327	0	11325
944	0	3123
11328	0	944
11329	0	11328
11329	0	6371
11330	0	11328
11330	0	9214
9214	0	944
6371	0	944
11115	0	10414
10656	0	11115
11331	0	11115
11332	0	5889
11333	0	10741
11275	0	3123
11334	0	11275
11335	0	8477
11336	0	11335
11337	0	8127
11107	0	8127
11338	0	11107
11339	0	11107
8418	0	8417
11340	0	6796
11341	0	8716
11342	0	8716
11343	0	1699
11344	0	1699
11345	0	3945
11346	0	11345
11347	0	1699
11348	0	10806
11349	0	11348
11350	0	11348
11351	0	10806
11352	0	11351
11353	0	11351
11354	0	10806
11355	0	11354
11356	0	11354
11357	0	10806
11358	0	11357
11359	0	11357
11360	0	11351
11361	0	11360
11362	0	11360
11363	0	11351
11364	0	11353
11364	0	11363
11365	0	11352
11365	0	11363
11366	0	8418
11367	0	8418
11368	0	847
11369	0	2303
11369	0	2902
11370	0	7305
11371	0	8246
11372	0	6444
11373	0	11372
11374	0	11373
11375	0	11372
11376	0	11372
11377	0	9690
3500	0	6444
11378	0	3500
11379	0	6389
6389	0	2699
11380	0	2145
11381	0	11382
11383	0	11382
11384	0	4874
11385	0	10005
11386	0	5563
11387	0	5563
11388	0	9080
11389	0	11388
11390	0	11388
11391	0	8246
11392	0	11391
11393	0	11391
11394	0	11391
11395	0	11391
7428	0	8247
11396	0	1832
11397	0	51
11398	0	176
11399	0	220
11400	0	11399
11400	0	11401
11402	0	1166
11403	0	9512
11404	0	1209
11405	0	2704
11406	0	2704
11407	0	11408
11409	0	10005
11410	0	1166
5556	0	4606
5556	0	5521
11411	0	5556
11412	0	5556
11412	0	11413
11414	0	2145
11415	0	11414
11416	0	11414
11417	0	11414
11418	0	11414
11419	0	5525
11420	0	11419
11421	0	1166
11421	0	11422
2874	0	2705
11423	0	1699
3023	0	1209
11424	0	11425
11426	0	11424
569	0	548
6330	0	569
11427	0	723
11428	0	11427
11429	0	11428
11430	0	11428
11431	0	726
11432	0	6190
6255	0	6190
11433	0	6190
11434	0	726
11435	0	6397
6398	0	568
11436	0	568
11437	0	568
11438	0	6398
11439	0	11438
11440	0	11438
11441	0	6397
11442	0	6397
11443	0	11438
11444	0	11440
11445	0	11440
11446	0	11439
6221	0	11439
11447	0	11442
11448	0	11442
11449	0	11441
11450	0	11441
11451	0	6221
11452	0	6221
11453	0	11436
11454	0	11436
11455	0	11436
11456	0	11437
11457	0	11437
11458	0	6094
11459	0	595
6234	0	541
6234	0	6112
11460	0	11461
11460	0	6240
11461	0	542
11462	0	11461
11463	0	6044
11463	0	11464
8806	0	542
11465	0	8804
11465	0	6044
6044	0	542
6044	0	1278
11466	0	6044
9376	0	520
11467	0	6088
11467	0	11461
11468	0	6026
11469	0	650
1278	0	520
11470	0	1278
11471	0	7311
11472	0	7311
11473	0	558
11474	0	558
11475	0	11474
11476	0	11474
11477	0	688
11478	0	9590
11479	0	9590
11480	0	11478
11481	0	11479
11482	0	11479
11483	0	11479
11484	0	1265
11485	0	1265
11486	0	1265
11487	0	1265
11488	0	644
11489	0	644
11490	0	644
11491	0	645
11492	0	688
11493	0	11492
11494	0	11492
11495	0	11492
11496	0	11493
11497	0	11493
11498	0	11493
11499	0	11493
11500	0	11493
11501	0	11493
11502	0	11493
11503	0	11493
11504	0	11493
11505	0	11493
11506	0	11493
11507	0	11493
11508	0	11493
11509	0	11493
11510	0	11493
11511	0	11492
11512	0	11492
11513	0	11492
11514	0	11494
11515	0	11494
11516	0	11494
11517	0	11494
11518	0	11494
11519	0	11494
11520	0	11494
11521	0	11494
11522	0	11494
11523	0	11494
11524	0	11494
11525	0	11494
11526	0	11494
11527	0	11494
11528	0	11494
11529	0	11495
11530	0	11495
11531	0	11495
11532	0	11495
11533	0	11495
11534	0	11495
11535	0	11495
11536	0	11495
11537	0	11495
11538	0	11495
11539	0	11495
11540	0	11495
11541	0	11495
11542	0	11495
11543	0	11495
11544	0	611
11545	0	11544
11546	0	11544
11547	0	11544
11548	0	645
11549	0	11548
11550	0	11548
11551	0	11548
11552	0	11548
11553	0	11551
11554	0	11551
11555	0	11552
11556	0	11555
11557	0	11555
11558	0	11555
11559	0	11555
11560	0	1238
10439	0	11560
11561	0	11560
10598	0	11560
11562	0	11560
11563	0	11564
11565	0	11563
11566	0	11563
11567	0	11564
11568	0	11564
11569	0	11564
11564	0	11561
11570	0	11564
11571	0	11570
11572	0	11570
11573	0	11570
11574	0	11570
11575	0	11574
11576	0	11574
11577	0	11564
11578	0	11570
11579	0	11570
11580	0	11581
11582	0	11581
11581	0	11564
11583	0	11584
11584	0	11570
11585	0	11584
11586	0	10439
11587	0	10439
11588	0	10438
11589	0	10440
11590	0	11586
11591	0	11586
11592	0	565
11593	0	6082
11594	0	548
11595	0	6019
11596	0	6019
11597	0	11595
11598	0	11595
11599	0	9286
11599	0	11596
11600	0	1278
11601	0	645
11602	0	10000
11603	0	10000
11604	0	10000
11605	0	10000
11606	0	10000
11607	0	10000
11608	0	10000
11609	0	8821
11610	0	1324
11611	0	1324
10936	0	1324
11612	0	1324
11613	0	8725
11614	0	8725
11615	0	8725
11616	0	8821
11617	0	8821
11618	0	1601
11619	0	6779
11620	0	1469
6102	0	700
11621	0	6102
11622	0	1276
540	0	11623
8097	0	375
8097	0	4094
11624	0	540
11625	0	1601
11626	0	6094
8762	0	3537
11627	0	1335
11628	0	408
11629	0	408
11630	0	7432
1702	0	1700
11631	0	1714
11632	0	11633
11634	0	182
11634	0	37
11635	0	3123
11636	0	11635
11637	0	11635
11638	0	3123
11639	0	11638
11640	0	11638
11641	0	217
11642	0	712
11643	0	1478
11643	0	7864
8259	0	11643
11382	0	8258
11644	0	252
11645	0	2189
11646	0	2494
11646	0	2183
11647	0	2310
11648	0	2504
11649	0	182
11650	0	174
11651	0	9686
11652	0	8722
11653	0	2216
11654	0	302
11655	0	2618
11656	0	10834
11657	0	8951
11658	0	8722
11659	0	7511
11660	0	1516
11661	0	94
8104	0	2103
11662	0	8104
11663	0	11662
11664	0	11662
11665	0	3003
11666	0	2504
11667	0	2504
11668	0	11669
11670	0	1794
11671	0	8025
11672	0	100
7498	0	3428
7498	0	7496
11673	0	7498
11674	0	7498
11675	0	7498
11676	0	1732
11677	0	7496
11678	0	6213
11679	0	6213
11680	0	6213
11681	0	2650
11681	0	1723
11682	0	1476
11683	0	11682
11684	0	11683
11685	0	11683
11686	0	11683
11687	0	11683
11688	0	649
11689	0	1652
11690	0	8025
11691	0	7496
11692	0	767
11693	0	749
11693	0	4618
11694	0	11693
11695	0	353
4867	0	106
11696	0	11697
11698	0	7479
11699	0	1080
11700	0	10517
11701	0	416
11701	0	11702
11703	0	7496
11703	0	11401
11704	0	2183
11705	0	2183
11706	0	1298
11707	0	3104
11708	0	606
11709	0	9327
11710	0	2980
11711	0	11710
11712	0	11710
11713	0	11710
11714	0	1491
4377	0	3269
11715	0	11716
11717	0	11718
11719	0	2472
11720	0	11721
11722	0	558
11723	0	423
11724	0	11723
11725	0	11723
11726	0	11723
339	0	308
11727	0	9513
11727	0	339
11728	0	339
11729	0	2258
11730	0	11729
11731	0	11729
11732	0	11733
11733	0	1406
11734	0	325
11735	0	548
11736	0	11735
11737	0	11738
11739	0	1677
11740	0	1677
11741	0	1354
11742	0	6457
6457	0	1354
11743	0	10998
206	0	203
206	0	208
237	0	203
237	0	4610
11744	0	237
11744	0	11702
11745	0	8471
11746	0	8471
11747	0	8471
11748	0	5965
11748	0	9080
11749	0	217
11750	0	10998
11751	0	1890
11752	0	10998
11753	0	347
11754	0	11753
11755	0	11753
11756	0	663
11757	0	521
11758	0	541
11759	0	10862
11760	0	7868
7868	0	2197
11761	0	7868
11762	0	7868
11763	0	11764
11765	0	11702
11766	0	2121
11767	0	9718
11768	0	9718
11769	0	11770
11771	0	2121
11772	0	9719
11773	0	9719
11774	0	9719
11775	0	2625
11776	0	1714
11776	0	2011
11777	0	11436
11778	0	347
11778	0	11779
2671	0	10320
11780	0	2671
11781	0	11780
11782	0	11780
11783	0	10320
11784	0	11783
11785	0	11783
8909	0	1
11786	0	663
11787	0	11786
11788	0	11786
11789	0	11790
11791	0	812
11792	0	11793
11794	0	2945
11795	0	11794
11796	0	11794
11797	0	2201
11798	0	2201
11799	0	2989
11800	0	2869
11801	0	377
11802	0	45
11803	0	45
6531	0	1036
11804	0	6531
4560	0	1413
11805	0	3472
11806	0	9632
2319	0	2197
2319	0	10320
11807	0	2319
11808	0	2804
11808	0	2193
2193	0	2197
10453	0	11809
11810	0	4116
11811	0	5374
11812	0	1763
11813	0	1508
11814	0	2128
11814	0	8772
11815	0	15
11815	0	10121
2766	0	4736
11816	0	2766
11817	0	2947
11818	0	1647
11819	0	1406
10468	0	2565
10468	0	11819
11820	0	11819
11821	0	2319
11822	0	11821
2611	0	2361
11823	0	2611
11824	0	11823
11825	0	1119
11826	0	1119
11827	0	1119
11828	0	1119
11829	0	2532
11830	0	2532
11831	0	2532
11832	0	2532
11833	0	2532
11834	0	2174
11835	0	2947
11836	0	2947
11837	0	80
11838	0	80
11839	0	84
11840	0	2610
11841	0	1404
11842	0	1319
11843	0	11842
11844	0	11842
11845	0	11844
11846	0	11844
11847	0	11844
11848	0	11844
11849	0	11844
11850	0	11844
11851	0	11844
11852	0	11843
11853	0	11843
11854	0	11843
11855	0	11843
11856	0	11843
11857	0	11843
11858	0	11843
11859	0	218
10430	0	2362
11860	0	10430
11861	0	10430
11862	0	10329
11863	0	347
11864	0	2121
10630	0	555
11865	0	555
11866	0	11867
895	0	131
11868	0	2319
11869	0	367
11870	0	594
10615	0	555
10615	0	563
11871	0	11872
3122	0	1413
11873	0	1704
11874	0	11873
11875	0	11873
11876	0	6058
11876	0	11877
1769	0	2651
11878	0	4116
11879	0	11878
4113	0	4110
4113	0	1769
4686	0	4110
4682	0	9007
4682	0	1769
11880	0	9007
11881	0	2671
2647	0	1413
11882	0	3504
11883	0	897
11884	0	5618
3129	0	2023
11885	0	3129
11886	0	10729
11887	0	6158
11888	0	11889
10729	0	296
11890	0	11891
9426	0	3503
11892	0	9426
11893	0	1535
11894	0	11176
11895	0	11176
11896	0	11176
11897	0	11176
11898	0	11176
11899	0	1820
11900	0	11899
11901	0	1820
11902	0	2365
11903	0	10035
11904	0	296
11905	0	8691
11906	0	11905
11907	0	857
11908	0	857
11909	0	11908
11910	0	1417
11911	0	3395
11912	0	513
11913	0	513
11914	0	1850
11915	0	11345
11916	0	1762
11917	0	1762
3072	0	1503
11918	0	11919
11920	0	4596
11921	0	1061
11922	0	1705
11923	0	1166
11924	0	4352
11925	0	1960
11926	0	9919
11927	0	11926
11928	0	11404
11929	0	10005
11930	0	4097
11931	0	1063
11932	0	3367
11933	0	2263
11934	0	2258
11935	0	2258
11936	0	2258
11937	0	11936
11938	0	117
11939	0	2258
11940	0	2747
11941	0	2258
11942	0	2258
11943	0	43
11944	0	11943
11945	0	11943
11946	0	4677
11947	0	206
11948	0	3955
11949	0	3955
11950	0	5898
11951	0	224
4817	0	3221
11952	0	4817
10209	0	4817
11953	0	4817
6303	0	6266
6303	0	6293
11954	0	3123
11955	0	1770
11956	0	1770
8883	0	8239
11957	0	4442
11958	0	1117
11959	0	1790
11960	0	11959
11961	0	11959
11962	0	11959
11963	0	11959
11964	0	11959
28	0	11959
177	0	175
171	0	180
11965	0	171
6688	0	2831
9020	0	882
11966	0	882
926	0	11966
11967	0	926
11968	0	926
11969	0	11968
11970	0	926
11971	0	11970
11972	0	11968
11973	0	926
11974	0	11973
11975	0	11973
11976	0	926
11977	0	11973
11978	0	11979
11980	0	177
11981	0	923
11982	0	182
11983	0	225
11984	0	1298
11985	0	1850
11986	0	1298
871	0	869
11987	0	869
3050	0	1051
3050	0	5057
11988	0	4220
2949	0	3123
11989	0	2949
11990	0	3123
11991	0	11992
11993	0	3123
11994	0	11993
11995	0	11993
11996	0	2947
174	0	163
11997	0	174
11998	0	3014
11999	0	6764
12000	0	11987
12001	0	1652
12002	0	4094
12003	0	1729
12004	0	1729
12005	0	12004
12006	0	12004
12007	0	12004
12008	0	1729
12009	0	4334
12010	0	2067
12011	0	2067
12012	0	6444
12013	0	3499
12014	0	3499
12015	0	3499
12016	0	3499
12017	0	6444
12018	0	12017
12019	0	12018
12020	0	8237
12021	0	10483
12022	0	9430
5423	0	10600
12023	0	10196
12024	0	363
12025	0	1516
12026	0	12027
12027	0	12025
12028	0	12027
12029	0	12025
12030	0	12025
12031	0	2108
12032	0	542
12033	0	542
12034	0	8801
12035	0	1601
12036	0	1601
12037	0	6330
12038	0	2067
12039	0	4679
12040	0	1215
12041	0	8789
12042	0	9364
12043	0	9890
12044	0	2108
12045	0	2831
12046	0	8214
12047	0	2447
12048	0	379
12049	0	10485
12050	0	1319
12051	0	8379
12052	0	2831
12053	0	564
12054	0	3001
12055	0	3016
12056	0	6514
12057	0	6514
12058	0	3417
12059	0	288
12060	0	500
12061	0	1179
12062	0	1179
12063	0	12023
12064	0	9341
12065	0	10414
12066	0	343
12067	0	3463
12068	0	1088
12069	0	1088
11633	0	11631
12070	0	11631
12071	0	11633
12072	0	11633
12073	0	11633
9809	0	9807
12074	0	9809
12075	0	9807
12076	0	12075
12077	0	12075
12078	0	12075
12079	0	12075
12080	0	9807
12081	0	912
12082	0	5771
12082	0	2437
12083	0	1525
12083	0	8966
12084	0	12085
12086	0	12087
12088	0	8414
12089	0	3110
6373	0	10414
12090	0	12091
12092	0	12093
12094	0	11115
12091	0	6373
12095	0	1790
12096	0	11966
12097	0	12098
12099	0	12098
12098	0	919
12100	0	12101
12102	0	4183
12103	0	4183
12104	0	2319
12105	0	106
12106	0	7496
12107	0	439
12108	0	12107
12109	0	12107
12110	0	12107
12111	0	12107
12112	0	886
12113	0	1088
12114	0	12113
12115	0	12113
12116	0	10216
12117	0	3207
12118	0	8799
12119	0	8799
12120	0	8799
12121	0	3245
12121	0	9463
12122	0	3245
12122	0	3363
12123	0	207
12124	0	9914
12125	0	9914
12126	0	9914
12127	0	11826
12128	0	279
12129	0	207
11919	0	701
12130	0	11919
12131	0	11919
12132	0	8159
12133	0	2511
12134	0	660
12135	0	386
12136	0	1423
12137	0	177
12138	0	3001
12139	0	23
132	0	144
132	0	126
12140	0	132
10141	0	12140
12141	0	10141
12142	0	4764
12143	0	12142
12144	0	4764
12145	0	12144
12146	0	12147
12148	0	4113
11174	0	1413
12149	0	11174
12150	0	11174
12151	0	11174
12152	0	3642
10172	0	926
12153	0	10172
12154	0	252
12155	0	1889
12156	0	2354
1170	0	1096
5918	0	1066
12157	0	5918
12158	0	1166
12159	0	278
12160	0	5889
12161	0	1121
12162	0	5861
7493	0	1088
7493	0	4618
12163	0	8123
12164	0	10834
12165	0	4555
12166	0	1706
12167	0	1705
12167	0	8932
12168	0	8932
12169	0	4565
12170	0	10624
12171	0	1808
12172	0	12171
12173	0	12172
12173	0	12174
12175	0	12172
12175	0	12176
12177	0	12172
2550	0	1808
12178	0	2550
12178	0	12179
12180	0	10073
12180	0	2550
12181	0	2550
12182	0	2550
12183	0	12181
12184	0	4454
12179	0	1808
12185	0	12179
12186	0	1714
12187	0	1714
12188	0	1714
12189	0	12190
12191	0	12190
12192	0	1714
12193	0	12192
12194	0	12192
12195	0	12192
12196	0	12192
12197	0	11776
12198	0	11776
12199	0	1776
12199	0	12200
12201	0	1776
12202	0	12192
12190	0	1701
12190	0	10167
12203	0	12190
12204	0	12190
12205	0	12190
12206	0	12190
12207	0	12206
12208	0	12190
12209	0	12190
12210	0	12190
12211	0	10167
12212	0	2661
12213	0	2661
12214	0	2661
12215	0	2478
12216	0	2661
12217	0	2661
12218	0	2478
12219	0	1755
12220	0	1755
12221	0	7443
12222	0	7443
12223	0	1790
12224	0	422
12225	0	12226
12227	0	12226
12228	0	12226
12229	0	389
12230	0	1386
12231	0	10741
12232	0	10741
12233	0	12211
12234	0	1113
12235	0	1094
1094	0	1113
12236	0	11401
8214	0	1061
12237	0	2362
12238	0	12237
12239	0	12237
12240	0	12237
12241	0	502
12242	0	206
12243	0	502
12244	0	3678
12245	0	2937
12246	0	12245
12246	0	4736
11261	0	2986
11261	0	12246
12247	0	12246
12248	0	12246
12249	0	12248
2076	0	2752
12250	0	2076
12251	0	4822
12252	0	4822
12253	0	4822
12254	0	4822
12255	0	2752
12256	0	12255
12257	0	12255
10878	0	2866
4761	0	2866
12258	0	2866
12259	0	2866
12260	0	12259
12261	0	12259
2864	0	2866
12262	0	2864
12263	0	11261
12263	0	9681
12264	0	9681
9681	0	2752
12265	0	10005
12266	0	8472
12267	0	12266
12268	0	12269
4736	0	2937
4736	0	12270
12271	0	12272
12273	0	10167
12274	0	12273
12275	0	12274
12276	0	9294
12277	0	9294
12278	0	2197
12279	0	12278
12280	0	12281
12282	0	2258
12283	0	6044
12284	0	2529
12285	0	1404
12286	0	12285
12287	0	2258
12288	0	12287
12289	0	12287
12290	0	3123
12291	0	12290
12292	0	12290
12293	0	2986
12294	0	2278
814	0	812
12295	0	820
12296	0	846
12297	0	12298
12299	0	12298
8744	0	2720
12300	0	10624
12301	0	10624
12302	0	1794
5510	0	1794
12303	0	1794
12304	0	12302
12305	0	218
202	0	218
12306	0	57
12307	0	12308
12309	0	389
12310	0	10000
12311	0	353
12312	0	1117
12313	0	218
12314	0	10005
12315	0	3022
12316	0	2720
10462	0	2218
12317	0	12318
5551	0	4078
12319	0	5551
12320	0	12319
12321	0	3508
12322	0	8760
12323	0	5898
12324	0	2651
798	0	789
9380	0	799
12325	0	830
12326	0	9241
12327	0	806
12328	0	9380
12329	0	8127
12330	0	2233
12331	0	10167
12332	0	1708
12333	0	1708
8860	0	1708
1740	0	12334
12335	0	4559
12336	0	12335
12337	0	1962
12338	0	5123
12339	0	207
12340	0	12339
12341	0	12339
12342	0	12339
12343	0	389
12343	0	12339
12344	0	2466
11669	0	2877
12345	0	11669
12346	0	12347
12347	0	12345
12348	0	12347
12349	0	12347
12350	0	12347
12351	0	12347
12352	0	1558
12353	0	1558
12354	0	194
12355	0	2199
12356	0	9326
12357	0	9761
12358	0	12357
12359	0	12357
9761	0	919
9761	0	3123
12360	0	2593
12361	0	415
12362	0	415
12363	0	1080
12364	0	12363
12365	0	12366
12367	0	12368
12369	0	12370
12371	0	1121
12372	0	2466
12373	0	12363
12374	0	2121
12375	0	12376
12377	0	12376
12378	0	12379
12380	0	2145
12381	0	1166
12382	0	520
12383	0	520
12384	0	520
12385	0	12384
12386	0	12384
12387	0	520
12388	0	12387
12389	0	12387
12390	0	1293
12391	0	2466
12392	0	8925
12393	0	10771
12394	0	1080
12395	0	12394
12396	0	12394
12397	0	12394
12398	0	3207
12399	0	12400
12401	0	4750
4549	0	3122
1744	0	3121
12402	0	10005
12403	0	1166
12404	0	8416
12405	0	12404
12406	0	12405
12407	0	12405
12408	0	12407
12409	0	12407
12410	0	12407
12411	0	12406
12412	0	12406
12413	0	12406
12414	0	8930
12415	0	12414
12416	0	8881
12417	0	8930
12418	0	12419
12420	0	3365
4577	0	1718
1730	0	1728
12421	0	1730
12422	0	1730
12423	0	12424
12425	0	2097
12426	0	12425
12427	0	12425
12428	0	2097
12429	0	12428
12430	0	12428
12431	0	12428
12432	0	12433
12434	0	12433
12435	0	12433
12436	0	12428
12437	0	12428
12438	0	12428
12439	0	12425
12440	0	12425
12441	0	12424
12442	0	12424
12443	0	11227
12444	0	11015
12445	0	548
12446	0	8963
12447	0	1787
4563	0	3121
12448	0	12449
12450	0	3121
12449	0	3121
12451	0	12449
12452	0	12450
12453	0	12450
12454	0	12450
12455	0	12450
12456	0	2197
12457	0	12456
12458	0	7549
6169	0	521
11464	0	1278
12459	0	1558
12460	0	1246
12461	0	3687
12461	0	4478
12462	0	640
12463	0	637
12464	0	522
12465	0	665
12466	0	665
12467	0	12466
12468	0	12466
12469	0	12466
12470	0	12466
12471	0	7561
12472	0	597
12473	0	607
12474	0	2650
12475	0	8925
12476	0	2518
12477	0	1726
12478	0	1422
10460	0	2187
12479	0	10460
12480	0	11919
12481	0	11919
12482	0	12483
12484	0	12483
12485	0	12483
12486	0	12475
12487	0	8926
12488	0	8925
10129	0	701
12489	0	4460
12490	0	4532
12491	0	4532
12492	0	4533
12493	0	4533
12494	0	1768
12495	0	1768
12334	0	12496
4574	0	12334
1736	0	12496
12496	0	1413
1721	0	12496
12497	0	1730
12498	0	1740
11172	0	1413
12499	0	12500
12501	0	12500
12502	0	11172
12503	0	11172
12504	0	12503
12505	0	12503
12506	0	11171
12507	0	12506
12508	0	12506
12509	0	12506
12510	0	11171
12511	0	12510
12512	0	11171
12513	0	4297
12514	0	4297
12515	0	9006
12516	0	9006
12517	0	4299
12518	0	4299
12519	0	4299
2665	0	1762
12520	0	2665
12521	0	2665
12522	0	2665
12523	0	2665
12524	0	2665
12525	0	2014
9232	0	2028
9232	0	9902
12526	0	9232
12527	0	12503
12528	0	4359
12529	0	4822
4744	0	2747
12530	0	6723
12531	0	12530
12532	0	12530
12533	0	12530
12534	0	12530
12535	0	12536
12537	0	12535
12538	0	10117
12538	0	4744
12539	0	10121
12539	0	4744
12540	0	665
12541	0	665
406	0	668
416	0	668
1594	0	547
12542	0	1594
12543	0	1594
12544	0	1594
12545	0	1594
12546	0	1594
12547	0	4532
12548	0	647
12549	0	647
12550	0	647
12551	0	647
12552	0	647
12553	0	647
12554	0	12549
12555	0	12549
12556	0	647
12557	0	12558
12559	0	634
12560	0	636
12561	0	10839
12561	0	10591
12562	0	12563
12564	0	12563
12565	0	601
12566	0	601
12567	0	607
12568	0	7563
12569	0	12568
12570	0	12568
12571	0	7563
12572	0	691
12573	0	691
12574	0	691
10846	0	10844
10864	0	12575
12576	0	10853
12577	0	10857
12578	0	10855
12579	0	10859
12580	0	10859
12581	0	12579
12582	0	12579
10856	0	12575
12583	0	10864
12584	0	12583
12585	0	12584
12586	0	12583
12587	0	10863
12588	0	10863
12575	0	10844
12589	0	12587
12590	0	12587
12591	0	12584
12592	0	12558
12558	0	634
12593	0	12558
12594	0	12558
12595	0	12558
12596	0	10078
12597	0	10078
12598	0	10078
12599	0	634
12600	0	10810
12601	0	10810
12602	0	346
12603	0	346
9724	0	9722
12604	0	9724
12605	0	9724
12606	0	533
12563	0	10843
12563	0	636
12607	0	10843
12607	0	10591
12608	0	12607
12609	0	12607
12610	0	1639
12610	0	12611
12612	0	12560
12613	0	12560
12614	0	8932
4433	0	1768
10862	0	719
12615	0	10862
12616	0	528
12617	0	528
12618	0	528
12619	0	528
12620	0	528
12621	0	528
12622	0	3299
12623	0	12624
12624	0	8415
10581	0	3541
3584	0	3678
12625	0	10480
12626	0	12627
12628	0	10480
1685	0	1687
642	0	521
12629	0	10522
10524	0	640
12630	0	2006
12630	0	2008
12631	0	12630
12632	0	12630
12633	0	1352
12634	0	2947
12635	0	2933
12636	0	2933
12637	0	2135
12637	0	12611
12638	0	8070
4610	0	197
213	0	197
12639	0	3176
12640	0	4047
12641	0	12640
12642	0	12640
12643	0	912
12644	0	12643
12645	0	12643
12646	0	12647
12648	0	1422
1449	0	837
12649	0	3467
3467	0	1449
12650	0	3467
12651	0	555
12652	0	6399
12653	0	5837
12654	0	639
12655	0	1768
12656	0	912
12657	0	12656
12658	0	12656
12659	0	2028
12660	0	12659
12661	0	12660
2630	0	3642
12662	0	11011
12663	0	11009
12664	0	113
12665	0	2831
12665	0	3090
12666	0	1422
12667	0	12668
12669	0	5672
1993	0	1961
12670	0	1993
12419	0	8909
8828	0	12419
8826	0	12419
12671	0	12668
2601	0	2109
2601	0	12672
12673	0	2123
12674	0	1734
12675	0	12674
12676	0	12674
10087	0	12677
12678	0	10087
1531	0	1513
12679	0	1392
12680	0	1380
12681	0	1374
4478	0	1499
12682	0	3178
12683	0	10167
12684	0	12683
12685	0	5672
12686	0	5672
12687	0	2258
12688	0	12687
12689	0	12687
12689	0	3291
12690	0	1057
719	0	12691
12692	0	719
12693	0	7563
12694	0	1434
12695	0	950
9219	0	7422
12696	0	9219
3146	0	8399
9463	0	8399
3246	0	8399
3363	0	8399
12697	0	12698
12699	0	1967
12700	0	1961
3238	0	6426
12701	0	912
12702	0	3125
10705	0	4127
12703	0	10705
12704	0	2947
12705	0	790
12706	0	174
5589	0	280
12707	0	5589
12708	0	12707
12709	0	1404
12710	0	3541
12711	0	3541
5154	0	1160
11891	0	193
12712	0	11891
12713	0	193
12714	0	3325
12715	0	2014
12716	0	182
12717	0	1117
12718	0	10167
12719	0	12718
12720	0	12718
12721	0	12718
12722	0	12718
12723	0	12718
12724	0	713
12724	0	8084
12725	0	8916
12726	0	8916
10762	0	1768
12727	0	4433
12728	0	2307
12729	0	12730
2248	0	2246
12731	0	2248
4596	0	1537
12732	0	4596
9660	0	795
9660	0	1468
12733	0	2209
12734	0	9210
12735	0	3085
12736	0	2445
12737	0	1405
12738	0	2808
12739	0	2322
12740	0	1373
12741	0	1422
12742	0	1422
12668	0	1422
12743	0	1422
12744	0	2926
12745	0	2163
9620	0	2163
12746	0	2517
12747	0	2517
12748	0	2030
12749	0	12748
12750	0	12748
12751	0	2926
12752	0	1961
12753	0	9326
12754	0	3140
3140	0	2043
12755	0	1773
12756	0	1413
12757	0	9965
12758	0	12757
12759	0	12757
12760	0	12757
12761	0	12757
12762	0	12757
8018	0	2933
3230	0	2933
12763	0	3230
12764	0	2437
2218	0	2186
12765	0	2123
12766	0	2123
12767	0	1467
12768	0	11011
12768	0	826
12769	0	3388
12770	0	1468
12771	0	2933
12772	0	1716
12773	0	3466
12774	0	7868
12775	0	11760
12776	0	11761
12777	0	12776
12778	0	12776
12779	0	11761
12780	0	7868
12781	0	9325
12782	0	9325
12783	0	9325
12784	0	1119
12785	0	1436
12786	0	2445
12787	0	1080
12788	0	2318
12789	0	12548
12790	0	12548
10591	0	533
636	0	533
12791	0	5837
12792	0	715
12793	0	715
2212	0	2186
12794	0	2212
12795	0	862
12796	0	367
12797	0	23
12798	0	11169
12798	0	12611
12799	0	1088
12800	0	1221
12800	0	12611
12801	0	1646
12801	0	2621
12802	0	2258
12803	0	1117
12804	0	1278
12805	0	6044
12806	0	12692
12807	0	12692
12808	0	12692
12809	0	12692
12810	0	12692
12811	0	12692
12812	0	12692
12813	0	558
12814	0	688
11623	0	375
12691	0	11623
12815	0	6664
12816	0	2361
12817	0	1386
12818	0	7549
12819	0	2578
12820	0	12819
12821	0	12820
12822	0	12820
12823	0	12822
12824	0	12819
12825	0	12824
12826	0	12824
12827	0	12819
12828	0	12827
12829	0	12827
12830	0	12827
12831	0	12827
12832	0	2578
12833	0	389
12834	0	1965
12835	0	2123
12836	0	1863
12611	0	2124
12837	0	2030
12838	0	12837
12839	0	12837
12840	0	9326
12841	0	10654
12842	0	2505
12843	0	2322
12844	0	2869
12845	0	6598
12846	0	1820
12846	0	1832
12847	0	57
12848	0	6603
12848	0	12847
12849	0	3945
12850	0	1768
12851	0	12852
12853	0	12852
12854	0	12850
12855	0	12850
12856	0	12850
12857	0	12850
12858	0	12850
12859	0	12850
12860	0	12850
12861	0	12860
12862	0	12860
12863	0	4559
12864	0	2258
12865	0	4071
12866	0	12865
12867	0	12865
12868	0	1117
12869	0	6041
2747	0	2752
12870	0	11772
8084	0	571
12871	0	8084
12872	0	555
12873	0	525
12874	0	12813
12875	0	12813
12876	0	12813
12877	0	12813
12878	0	12813
12879	0	7
10680	0	571
12880	0	10680
12881	0	520
11199	0	2389
12882	0	11199
12883	0	688
12884	0	688
12885	0	11351
12886	0	12885
12887	0	11352
12887	0	12885
12888	0	10806
12889	0	12888
12890	0	12888
12891	0	10111
12892	0	10048
12893	0	4044
12894	0	12893
12895	0	12893
6442	0	4044
12896	0	6442
12897	0	6442
12898	0	6442
12899	0	12900
12901	0	2859
12902	0	12903
12904	0	12905
12906	0	4610
12907	0	2360
12908	0	12909
12910	0	4814
12911	0	2121
2605	0	2121
12912	0	2605
12913	0	2605
12913	0	12914
12915	0	1965
12916	0	1080
3058	0	1047
12917	0	202
12918	0	2120
12919	0	1117
12920	0	4722
8752	0	2747
12921	0	1420
12922	0	12921
12923	0	12921
12924	0	1120
12924	0	8752
12925	0	12924
12926	0	12927
12928	0	8722
12929	0	2361
12930	0	12929
12931	0	12929
6723	0	2747
12932	0	12530
12933	0	2121
12934	0	12935
12936	0	2218
12937	0	12935
12938	0	12935
12939	0	2218
12940	0	10462
12941	0	1080
10733	0	2258
3116	0	2028
12942	0	1537
12943	0	2866
12944	0	12943
12945	0	12943
12946	0	12925
4606	0	4079
4606	0	2145
12947	0	4606
12948	0	3083
12949	0	3083
12950	0	2869
12951	0	12950
12952	0	1318
12953	0	3110
12954	0	9475
12955	0	12954
12956	0	12954
12957	0	6314
6314	0	3337
12200	0	2651
12958	0	3054
12958	0	4531
12959	0	11391
12960	0	2130
12961	0	11940
12962	0	2258
12963	0	12964
9069	0	9761
12965	0	9069
12966	0	891
12967	0	12966
12968	0	12966
12969	0	12966
12970	0	12971
12972	0	10374
12973	0	1596
4755	0	10878
10881	0	10878
12974	0	4321
12975	0	11169
12976	0	4633
12977	0	5
12978	0	12977
12979	0	1166
12980	0	1101
12981	0	12980
12982	0	10005
12983	0	3441
12984	0	3441
12985	0	1998
12986	0	3252
12987	0	3252
12988	0	3252
12989	0	11793
12990	0	1958
12991	0	12990
12992	0	12990
12993	0	12990
12994	0	2258
11109	0	5553
11109	0	10048
12995	0	11109
6325	0	2028
12996	0	11366
4054	0	2028
12997	0	12531
12997	0	10089
10089	0	10086
10089	0	6723
12998	0	10115
12999	0	10111
8403	0	2742
13000	0	8403
13001	0	13000
13002	0	8294
10115	0	2852
10115	0	4744
13003	0	10115
13004	0	13003
13005	0	13003
13006	0	11940
10111	0	4744
13007	0	10111
13008	0	10111
921	0	2647
13009	0	2947
13010	0	983
13011	0	13010
13012	0	7456
13013	0	7456
13014	0	8734
13015	0	660
13016	0	10111
13017	0	3295
13018	0	7422
13019	0	4722
13020	0	1842
13021	0	1633
9543	0	3158
13022	0	2030
13023	0	1087
13024	0	10111
13025	0	12884
13026	0	12884
13027	0	12884
13028	0	12884
13029	0	3253
13030	0	3253
13031	0	3253
13032	0	13031
13033	0	13031
13034	0	13031
13035	0	13033
13036	0	13033
13037	0	3253
13038	0	13037
13039	0	13037
13040	0	13037
13041	0	13037
13042	0	12971
13043	0	11180
13044	0	11180
13045	0	2258
13046	0	13045
13047	0	13045
13048	0	3176
2008	0	1956
2008	0	1971
13049	0	2008
4759	0	10733
13050	0	10733
13051	0	743
13052	0	871
13053	0	13052
13054	0	2721
13055	0	13054
13056	0	13054
13057	0	13054
13058	0	13057
13059	0	13057
13060	0	13057
13061	0	2046
13062	0	2046
13063	0	2242
13064	0	10111
13065	0	2240
13066	0	8224
13067	0	3471
13068	0	3471
13069	0	3471
13070	0	3448
13071	0	3275
13072	0	3275
13073	0	3275
13074	0	4043
13075	0	3220
13076	0	3220
13077	0	3220
13078	0	2193
13079	0	2193
13080	0	1889
13081	0	8415
13082	0	9528
13083	0	9528
13084	0	9528
13085	0	3112
13086	0	2951
13087	0	3361
13088	0	2266
13089	0	13090
13091	0	2193
13092	0	13078
13093	0	13078
13094	0	13079
13095	0	2193
13096	0	13095
13097	0	13095
13098	0	9341
13099	0	9341
13100	0	13101
13102	0	10712
954	0	3123
2931	0	2030
13103	0	2030
13104	0	12978
13105	0	13090
13106	0	1971
13107	0	12977
13108	0	13107
13109	0	13107
13110	0	2947
13111	0	130
13112	0	2203
13113	0	1122
13114	0	1122
13115	0	1566
13116	0	13115
13117	0	13115
9465	0	10624
13118	0	9465
13119	0	9465
13120	0	5766
13121	0	5766
13122	0	5766
13123	0	2394
13124	0	13123
13125	0	13123
13126	0	13123
13127	0	13123
13128	0	13123
13129	0	3085
13130	0	1471
13131	0	13130
13132	0	5627
13132	0	13130
13133	0	3301
13134	0	3301
13135	0	45
13136	0	3178
13137	0	5644
13137	0	9836
13138	0	9836
13138	0	10899
13139	0	871
13140	0	1434
13140	0	13123
13141	0	10899
13142	0	13140
13143	0	13140
13144	0	13140
13145	0	3085
13146	0	2228
6240	0	700
13147	0	12140
13148	0	3246
13149	0	13148
13150	0	13149
13151	0	13149
13152	0	13148
13153	0	13152
13154	0	13152
13155	0	13148
13156	0	13148
13157	0	13148
13158	0	13155
13159	0	13155
13160	0	13156
13161	0	13156
13162	0	13157
13163	0	13157
13164	0	1324
13165	0	1324
8569	0	2258
13166	0	8569
13167	0	9135
13168	0	2203
13169	0	12978
13170	0	12978
13171	0	12978
2721	0	5
13172	0	13173
5074	0	2187
13174	0	2200
13175	0	2200
13176	0	2361
10127	0	12394
13177	0	10164
13178	0	7848
13179	0	7848
10403	0	207
13180	0	10403
13181	0	12407
13182	0	1434
13183	0	1434
13184	0	1060
3258	0	912
13185	0	3258
13186	0	3443
13187	0	2258
13188	0	98
13189	0	23
13190	0	13191
13192	0	2721
13193	0	13192
13194	0	2947
13195	0	2357
13196	0	2228
12698	0	3080
13197	0	12698
13198	0	1434
6429	0	4058
13199	0	6429
13200	0	2504
13201	0	13202
13203	0	3085
12085	0	3123
13204	0	12085
13205	0	9232
13206	0	9232
13207	0	13206
13208	0	13206
13209	0	9232
13210	0	13209
13211	0	13209
13212	0	9210
13213	0	2947
13214	0	2258
13215	0	8198
13216	0	13215
13217	0	13215
13218	0	4352
13219	0	10565
13220	0	13101
13221	0	13101
13222	0	10537
13223	0	280
13224	0	2108
13225	0	1468
13226	0	5731
13227	0	794
13228	0	9393
13228	0	794
13229	0	2121
13230	0	1633
13231	0	1322
13232	0	1231
13233	0	13234
13234	0	12924
13235	0	13234
13236	0	13234
13237	0	1961
13238	0	4610
13239	0	13240
13239	0	9397
13241	0	13242
13243	0	4531
13244	0	1304
13245	0	13101
13246	0	13242
13247	0	1633
13248	0	13249
13250	0	9594
13251	0	13252
13253	0	13252
13254	0	13255
13256	0	10565
13257	0	10002
13258	0	2744
13259	0	1038
13260	0	1083
13261	0	10000
13262	0	10000
13263	0	1199
13264	0	10565
13265	0	2212
13266	0	10000
13267	0	2120
13268	0	2120
13269	0	9823
13270	0	5238
13271	0	2532
13272	0	10095
13273	0	2129
13274	0	4116
13275	0	13274
12147	0	13274
13276	0	13274
13277	0	13278
13279	0	13173
13280	0	10031
13281	0	10031
13282	0	10031
13283	0	9430
13284	0	9430
13285	0	2020
13286	0	1646
13287	0	182
13288	0	2020
13289	0	2933
13290	0	891
13291	0	7549
13292	0	5618
13292	0	13063
13293	0	2937
13294	0	2933
13295	0	9357
13296	0	9357
13297	0	8417
13298	0	2937
13299	0	2866
13300	0	2448
13300	0	5728
13301	0	4094
13302	0	1701
2061	0	106
13303	0	3548
13303	0	2061
13304	0	131
13304	0	3548
13305	0	2061
13306	0	2061
13307	0	2061
13308	0	2061
13309	0	736
13310	0	125
13311	0	125
13312	0	13313
13314	0	879
13314	0	13315
13316	0	12075
13317	0	4872
13318	0	128
13319	0	128
13320	0	128
13321	0	128
128	0	125
13322	0	128
13323	0	128
13324	0	128
13325	0	128
13326	0	128
13327	0	128
13328	0	128
13329	0	128
13330	0	127
13331	0	127
13332	0	10220
13333	0	128
13334	0	7666
13335	0	2010
13335	0	13313
13336	0	2010
13337	0	1489
13338	0	13313
13339	0	2061
6617	0	106
13340	0	106
13341	0	106
13342	0	128
13343	0	13344
13345	0	125
13346	0	13345
13347	0	13345
13348	0	13345
13349	0	13345
13350	0	125
13351	0	13350
13352	0	13345
13353	0	13345
13354	0	6617
13355	0	13345
13356	0	13345
10220	0	2060
13357	0	2060
13358	0	2061
13359	0	3169
13360	0	3357
13361	0	2258
13362	0	2061
13363	0	13362
13364	0	13362
13313	0	2061
13365	0	2061
13366	0	2061
13367	0	128
13368	0	12140
13369	0	1846
13370	0	2945
13371	0	2945
13372	0	2945
13373	0	2030
13374	0	4116
13375	0	6325
13376	0	2233
13376	0	8523
13377	0	3081
13378	0	2233
13379	0	12330
13380	0	2167
13380	0	13378
13381	0	5785
13381	0	13380
13382	0	5835
13382	0	13380
10011	0	13378
13383	0	10011
13384	0	10011
13385	0	13378
13386	0	13378
13387	0	13386
13388	0	13386
13389	0	13378
13390	0	12330
13391	0	13390
13392	0	13390
13393	0	1080
13394	0	13393
13395	0	13393
2226	0	2223
2226	0	8280
8501	0	1459
8507	0	2447
8507	0	2225
9248	0	8507
13396	0	9248
13396	0	13397
13397	0	2446
13397	0	8507
13398	0	13396
13398	0	13399
13399	0	9248
13400	0	13396
13400	0	13401
13401	0	9248
13402	0	13396
13402	0	13403
13403	0	9248
13404	0	13396
13404	0	13405
13405	0	9248
13406	0	9248
13406	0	9252
13407	0	9248
13408	0	9248
13409	0	9248
13410	0	9248
13411	0	9248
13412	0	9248
13413	0	9248
13414	0	9248
13415	0	9253
13415	0	13396
13416	0	13396
13416	0	13406
13417	0	13396
13417	0	13412
13418	0	13396
13418	0	13408
13419	0	13396
13419	0	13413
13420	0	13396
13420	0	13411
13421	0	13396
13421	0	13409
13422	0	2382
13422	0	10232
13423	0	2474
13423	0	2383
13424	0	8526
13424	0	13423
13425	0	13423
13425	0	13426
13426	0	2383
13427	0	2474
13427	0	8507
13428	0	13423
13428	0	13429
13429	0	2383
13430	0	13423
13430	0	13431
13431	0	2383
13432	0	2383
13433	0	8518
13433	0	10232
13434	0	10232
13434	0	13429
13435	0	8518
13435	0	13423
13436	0	2382
13436	0	13423
13437	0	8525
13437	0	13423
13438	0	8282
13439	0	10234
13439	0	13423
13440	0	8282
13441	0	8517
13441	0	13423
13442	0	8525
13442	0	10232
13443	0	10232
13443	0	13432
13444	0	10232
13444	0	13431
13445	0	8282
13445	0	13397
13446	0	13445
13446	0	13447
13447	0	8282
13448	0	8282
13449	0	13445
13449	0	13450
13450	0	8282
13451	0	8506
13451	0	13397
13452	0	13445
13452	0	13448
13453	0	13440
13453	0	13445
13454	0	8281
13454	0	13445
13455	0	13438
13455	0	13445
13456	0	8283
13456	0	13445
13457	0	8282
13457	0	13427
13458	0	13440
13458	0	13457
13459	0	13447
13459	0	13457
13460	0	13448
13460	0	13457
13461	0	8283
13461	0	13457
13462	0	8281
13462	0	13457
13463	0	13450
13463	0	13457
13464	0	13438
13464	0	13457
13465	0	8508
13465	0	13397
13466	0	8506
13466	0	13427
13467	0	9248
13467	0	13427
13468	0	5585
13468	0	13422
13469	0	8517
13469	0	10232
13470	0	8508
13471	0	8508
13472	0	13451
13472	0	13473
13473	0	8506
13474	0	8506
13475	0	8506
13476	0	8506
13477	0	8506
13478	0	8506
13479	0	13451
13479	0	13474
13480	0	13451
13480	0	13477
13481	0	13451
13481	0	13475
13482	0	8506
13483	0	13466
13483	0	13478
13484	0	8506
13485	0	13466
13485	0	13476
13486	0	13466
13486	0	13477
13487	0	13451
13487	0	13482
13488	0	13466
13488	0	13473
13489	0	8511
13489	0	13466
13490	0	13466
13490	0	13474
13491	0	13466
13491	0	13475
13492	0	13451
13492	0	13476
13493	0	13466
13493	0	13482
13494	0	13451
13494	0	13478
13495	0	13451
13495	0	13484
13496	0	8511
13496	0	13451
13497	0	2447
13498	0	8508
13498	0	13427
13499	0	13466
13499	0	13484
13500	0	8524
13500	0	13397
13501	0	8524
13501	0	13427
13502	0	13413
13502	0	13467
8278	0	8280
13503	0	13409
13503	0	13467
2227	0	8280
13504	0	2226
13505	0	13412
13505	0	13467
13506	0	8513
13506	0	13465
13507	0	13407
13507	0	13467
13508	0	5585
13508	0	13436
13509	0	13465
13509	0	13470
13510	0	13401
13510	0	13467
13511	0	13405
13511	0	13467
13512	0	13411
13512	0	13467
13513	0	8513
13513	0	13498
13514	0	13470
13514	0	13498
13515	0	8516
13515	0	13498
13516	0	1373
13517	0	13516
13518	0	13517
13519	0	8508
13520	0	13517
13521	0	13518
13522	0	13518
13523	0	13522
13524	0	13522
13525	0	13524
13526	0	13524
13527	0	13523
13528	0	13523
13529	0	13523
13530	0	13522
13531	0	13521
13532	0	13521
13533	0	13530
13534	0	13518
13535	0	13534
13536	0	13534
13537	0	13530
13538	0	13522
13539	0	13538
13540	0	13530
13541	0	13524
13542	0	13522
13543	0	13538
13544	0	13538
13545	0	13524
13546	0	13534
13547	0	13542
13548	0	13534
13549	0	13542
13550	0	13542
13551	0	8460
13551	0	2226
13552	0	8460
13552	0	2383
13553	0	13423
13553	0	13552
13554	0	10232
13554	0	13552
13555	0	2383
13556	0	5833
13556	0	13436
13557	0	13396
13557	0	13407
13558	0	13392
13559	0	13396
13559	0	13414
13560	0	8516
13560	0	13465
13561	0	13410
13561	0	13467
13562	0	13471
13562	0	13498
13563	0	5833
13563	0	13422
13564	0	1460
13564	0	13504
13565	0	10232
13565	0	13426
13566	0	10232
13566	0	13555
13567	0	13423
13567	0	13555
13568	0	13423
13568	0	13432
8504	0	13390
13569	0	13392
13570	0	10011
13571	0	8504
13572	0	8510
13572	0	13465
13573	0	8504
13574	0	10011
13575	0	2233
13576	0	13575
13577	0	13392
13578	0	13408
13578	0	13467
13579	0	9251
13579	0	13396
13580	0	9253
13580	0	13467
13581	0	13465
13581	0	13519
13582	0	13399
13582	0	13467
13583	0	13396
13583	0	13410
13584	0	13465
13584	0	13471
13585	0	13498
13585	0	13519
13586	0	13403
13586	0	13467
13587	0	8510
13587	0	13498
13588	0	9247
13588	0	13467
13589	0	9247
13589	0	13396
13590	0	8515
13590	0	13465
13591	0	9251
13591	0	13467
13592	0	13414
13592	0	13467
13593	0	8279
13593	0	2226
13594	0	13406
13594	0	13467
13595	0	8512
13595	0	13465
13596	0	8515
13596	0	13498
13597	0	8526
13597	0	10232
13598	0	1373
13599	0	13598
2468	0	13598
13600	0	2468
13601	0	10223
13602	0	8512
13602	0	13498
13603	0	2383
13604	0	13603
13605	0	13603
13606	0	13603
13607	0	13603
13608	0	13603
13609	0	13603
13610	0	13603
13611	0	13603
13612	0	13603
13613	0	13612
13613	0	13614
13615	0	13423
13615	0	13603
13614	0	10232
13614	0	13603
13616	0	13604
13616	0	13614
13617	0	13605
13617	0	13614
13618	0	13606
13618	0	13614
13619	0	13607
13619	0	13614
13620	0	13608
13620	0	13614
13621	0	13609
13621	0	13614
13622	0	13610
13622	0	13614
13623	0	13604
13623	0	13615
13624	0	13611
13624	0	13614
13625	0	13605
13625	0	13615
13626	0	13606
13626	0	13615
13627	0	13607
13627	0	13615
13628	0	13608
13628	0	13615
13629	0	13609
13629	0	13615
13630	0	13610
13630	0	13615
13631	0	13611
13631	0	13615
13632	0	13612
13632	0	13615
13633	0	2945
11321	0	2793
13634	0	11321
13635	0	912
13636	0	2197
13637	0	2505
13638	0	6164
13639	0	831
13640	0	13639
13641	0	13639
13642	0	13639
13643	0	13644
13645	0	13639
13646	0	13647
9312	0	3114
13648	0	9312
13649	0	2061
13650	0	13649
13651	0	13649
13652	0	2061
13653	0	13313
13344	0	125
13654	0	125
13655	0	127
13656	0	13654
13657	0	13654
13658	0	13654
13659	0	13654
13660	0	890
13661	0	891
13662	0	13345
13663	0	13345
13664	0	3485
13665	0	13344
13666	0	3
13667	0	3485
13668	0	2200
13669	0	2200
13670	0	2200
13671	0	2218
13672	0	2216
13673	0	2216
13674	0	10461
13675	0	10669
5393	0	2187
13676	0	5393
13677	0	5393
13678	0	13676
13679	0	13676
13680	0	13681
13682	0	13681
13683	0	13677
13684	0	13677
13685	0	10461
13681	0	13676
13686	0	13681
13687	0	13681
13688	0	13676
13689	0	1401
13690	0	2307
13691	0	5409
13692	0	2209
13692	0	2207
13693	0	13692
13694	0	13692
13695	0	13694
13696	0	13694
13697	0	2258
13698	0	13697
13699	0	13697
13700	0	9232
13701	0	1680
13702	0	9347
13703	0	11105
13704	0	13705
13706	0	1152
13707	0	1948
13708	0	5389
13709	0	2187
13710	0	10217
13711	0	13700
13712	0	13700
13713	0	302
13714	0	2028
13715	0	13714
13716	0	13715
13717	0	13715
13718	0	13719
13720	0	13719
13721	0	13719
13722	0	8248
8246	0	8248
13723	0	4800
13724	0	4800
13725	0	4800
13726	0	2748
13727	0	12893
13728	0	7848
13729	0	520
13730	0	11793
13731	0	2947
13732	0	2035
13733	0	10483
13734	0	2947
13735	0	2947
13736	0	2283
13737	0	2197
13738	0	1495
13739	0	2947
13740	0	3253
13741	0	11793
13742	0	8474
13743	0	8722
13744	0	13743
13745	0	2470
13746	0	8215
13747	0	2074
13748	0	1790
13749	0	9205
13750	0	2518
13751	0	2121
13751	0	13752
13753	0	789
13754	0	789
13755	0	13754
13756	0	13757
13758	0	13753
13759	0	13753
4132	0	4126
13760	0	4132
13761	0	4132
13762	0	4132
13763	0	9126
9126	0	2023
13764	0	5672
13765	0	2061
13766	0	9792
13767	0	9792
13768	0	3485
13769	0	3485
13770	0	2061
13771	0	13753
13772	0	13753
9326	0	3114
13773	0	1199
13774	0	1998
13775	0	2949
13776	0	9761
13777	0	13776
13778	0	13776
5101	0	963
13779	0	919
13780	0	13779
13781	0	13779
13782	0	3081
13783	0	171
13784	0	13783
13785	0	13783
13786	0	13061
13787	0	13090
13090	0	2951
3361	0	2951
13788	0	3361
13789	0	3158
3281	0	2951
13790	0	3281
2266	0	2951
3301	0	2951
3178	0	2925
3085	0	2925
3112	0	2951
2951	0	2925
13791	0	3230
13792	0	2710
13793	0	2258
13794	0	2036
13795	0	2511
13796	0	13797
4056	0	3117
3295	0	3117
9210	0	3117
13798	0	9210
13799	0	2085
13800	0	10480
12500	0	11172
13801	0	12500
13802	0	2258
13803	0	2365
13804	0	2365
1797	0	4560
13805	0	1797
13806	0	1087
13807	0	9914
13808	0	12450
13809	0	2258
13810	0	8415
13811	0	9416
13812	0	1117
1033	0	153
13813	0	2307
5374	0	9017
4284	0	106
13814	0	4284
13815	0	4284
13816	0	4284
13817	0	1558
13818	0	1516
13819	0	2744
5389	0	2187
13820	0	10834
13821	0	4066
13822	0	1042
13823	0	12530
13824	0	469
13825	0	4622
8296	0	2258
13826	0	8296
13827	0	2930
13828	0	4069
13829	0	13828
13830	0	1523
13831	0	2129
13831	0	4618
1826	0	670
13752	0	670
13832	0	13833
13834	0	13835
13836	0	3295
13837	0	3178
13838	0	3295
13839	0	9486
13840	0	13841
13842	0	13843
13844	0	13294
9357	0	13294
13845	0	1647
13846	0	2615
13847	0	4088
13848	0	2808
13848	0	2775
13849	0	1158
13850	0	912
13851	0	2193
13852	0	4047
13853	0	13852
13854	0	13853
13855	0	5393
13856	0	5393
13857	0	3295
13858	0	2743
13859	0	2930
13860	0	8478
13861	0	3118
13862	0	45
13863	0	4618
13864	0	912
13865	0	2206
13866	0	10483
13867	0	13868
13869	0	4682
13870	0	2933
13871	0	1201
13872	0	5282
13873	0	1071
13874	0	12702
13875	0	12702
13876	0	13877
13878	0	1179
13879	0	1179
13880	0	1219
13881	0	11169
13868	0	13866
13882	0	13883
13884	0	9602
13885	0	9602
13886	0	9602
13887	0	5713
13887	0	5844
13888	0	5844
13889	0	5844
13890	0	2480
13891	0	10806
13892	0	13893
13894	0	2189
13895	0	2189
13896	0	10473
10473	0	8419
13897	0	3158
13898	0	2775
13898	0	5406
13899	0	131
13900	0	13899
13901	0	13900
13902	0	13900
13903	0	13900
13904	0	3169
13905	0	12258
13906	0	12258
13907	0	12140
13908	0	13907
13909	0	13907
13910	0	12140
13911	0	4286
13912	0	9287
13913	0	9287
13914	0	9287
9778	0	2058
11697	0	2058
13915	0	2058
13916	0	2058
13917	0	2455
13918	0	9591
13919	0	10141
13920	0	10141
13921	0	10140
13922	0	13923
13924	0	13893
13925	0	2206
13926	0	2322
13927	0	2322
13928	0	5389
13929	0	13928
13930	0	2322
13930	0	2011
13931	0	2322
13932	0	9205
13933	0	1354
13934	0	13935
13936	0	1152
13937	0	11335
13938	0	2131
13939	0	2206
13940	0	2615
13941	0	2307
13942	0	1727
2225	0	1373
13943	0	13944
13945	0	2014
13946	0	13947
13948	0	9735
13949	0	9690
13950	0	10141
13951	0	10141
13952	0	10308
13953	0	13952
13954	0	13952
13955	0	13952
13956	0	13952
13957	0	10308
13958	0	13957
13959	0	13957
13960	0	13957
13961	0	10308
13962	0	2765
13963	0	8004
13964	0	2743
13965	0	1961
4286	0	131
13966	0	13967
13968	0	13967
13967	0	4285
13969	0	4285
13970	0	4286
13971	0	4286
13972	0	4286
13973	0	4286
13974	0	13952
13975	0	13952
13976	0	13952
13977	0	13952
13978	0	2058
13979	0	10141
13980	0	10141
13981	0	2258
13982	0	13981
13983	0	13981
13984	0	9210
13985	0	3503
13249	0	3169
13986	0	2258
13987	0	13986
13988	0	13986
13989	0	3016
13990	0	2608
13991	0	2106
13992	0	2680
13993	0	12140
13994	0	13993
13995	0	10141
13996	0	10141
13997	0	13993
13998	0	13997
13999	0	13997
14000	0	13997
14001	0	9778
14002	0	4294
14003	0	10308
14004	0	10308
14005	0	3503
14006	0	2930
14007	0	3118
14008	0	1354
14009	0	13928
14010	0	1449
14011	0	14010
3291	0	2028
14012	0	2258
14012	0	3291
14013	0	1497
14013	0	339
14014	0	1319
13202	0	14014
14015	0	13202
12368	0	113
14016	0	12367
14017	0	4073
14018	0	4073
14019	0	3081
14020	0	2947
14021	0	2106
14022	0	2322
9538	0	2121
9245	0	8509
9252	0	9245
8509	0	8507
14023	0	10581
14024	0	2193
14025	0	10115
14026	0	4399
2651	0	3580
2933	0	3114
14027	0	12964
14028	0	9210
14029	0	500
3164	0	3114
14030	0	3164
14031	0	13753
14032	0	476
14033	0	9914
14034	0	5389
14035	0	2322
14036	0	14035
14037	0	14035
14038	0	9632
14039	0	2198
14040	0	2495
14041	0	4111
14041	0	284
14042	0	11257
14043	0	2193
14044	0	14043
14045	0	14043
14046	0	2322
14047	0	5389
14048	0	2216
14049	0	2216
8958	0	4676
14050	0	14051
14050	0	4660
14052	0	14053
14054	0	12400
14055	0	5726
12964	0	2933
14056	0	12964
13835	0	3125
14057	0	13835
14058	0	701
14059	0	4113
14059	0	14058
14060	0	14058
14061	0	14058
14062	0	4113
14063	0	10031
14064	0	2947
14065	0	2947
14066	0	13993
14067	0	13993
14068	0	2209
14069	0	2035
14070	0	2120
2667	0	4116
14071	0	2667
14072	0	2667
14073	0	2667
14074	0	3125
14075	0	14074
14076	0	2941
14077	0	13255
14078	0	13249
14079	0	2258
14080	0	2408
14081	0	2408
14082	0	2469
14083	0	2469
14084	0	1413
14085	0	3634
14086	0	3503
14087	0	14086
14088	0	14086
14089	0	4113
14090	0	4113
14091	0	4113
14092	0	2194
14093	0	2194
14094	0	1896
14095	0	2318
14096	0	4111
14097	0	37
9693	0	37
14098	0	9693
14099	0	12531
14099	0	12536
12536	0	4744
14100	0	1646
14100	0	2621
14101	0	466
14102	0	3503
14103	0	14102
14104	0	14102
14105	0	2258
14106	0	14107
14108	0	14107
14109	0	14110
14111	0	14112
14113	0	14114
14115	0	13833
14116	0	9311
14117	0	14118
14119	0	14112
14120	0	1574
14121	0	1574
11979	0	2258
14122	0	11979
14123	0	500
8772	0	6724
14124	0	13249
14125	0	14124
14126	0	14124
12627	0	10478
10480	0	10478
14127	0	14053
14128	0	14053
14129	0	12400
14130	0	14131
14132	0	3417
14133	0	11842
14134	0	14133
14135	0	14133
14136	0	14133
14137	0	14133
14138	0	14133
14139	0	14133
14140	0	14133
14141	0	5373
11793	0	3472
12087	0	912
14142	0	12087
2920	0	2930
14143	0	2920
14144	0	500
14145	0	5373
14146	0	10141
14147	0	14053
14148	0	4286
14149	0	4286
14150	0	14149
14151	0	10641
14152	0	14151
14153	0	14151
14154	0	11697
14155	0	10141
14156	0	11697
14157	0	4286
14158	0	133
14159	0	14158
14160	0	14158
14161	0	14158
14162	0	4286
14163	0	14162
14164	0	14162
14165	0	9311
14166	0	7422
14167	0	2930
14168	0	13944
14169	0	14165
14170	0	14165
14171	0	12530
14172	0	9524
14173	0	1117
14174	0	11791
14175	0	14174
14176	0	14175
14177	0	14175
14178	0	14174
14179	0	14180
14181	0	14178
14182	0	14175
14183	0	14175
14184	0	1815
14185	0	476
14186	0	1186
14186	0	1428
14187	0	10031
14188	0	10028
14189	0	14188
14190	0	8047
14191	0	11115
14192	0	1784
14193	0	14192
14194	0	14193
14195	0	14193
14196	0	14192
14197	0	14192
14198	0	12023
14199	0	9735
14200	0	9732
14201	0	10666
14202	0	4080
14203	0	2321
14204	0	2804
14205	0	2804
14206	0	2216
14207	0	14174
14208	0	2058
14209	0	14208
14210	0	14208
14211	0	14208
14212	0	14208
14213	0	11697
14214	0	11257
14215	0	11257
14216	0	7479
14217	0	1815
14218	0	3472
14219	0	11793
14220	0	3472
14221	0	12984
14222	0	3472
14223	0	12983
14224	0	3472
14225	0	12984
14226	0	2947
14227	0	2947
14228	0	1087
14229	0	14227
14230	0	3121
14231	0	14230
14232	0	14230
14233	0	14230
14234	0	14230
14235	0	4111
14236	0	14222
14237	0	14222
14238	0	14222
14239	0	14222
14240	0	14222
14241	0	4113
2195	0	4399
14242	0	924
14243	0	3420
14244	0	2744
5403	0	2322
14245	0	5403
14246	0	5390
14247	0	14246
14248	0	14246
14249	0	4618
14250	0	84
14251	0	2107
14252	0	4618
14253	0	888
14254	0	14222
14255	0	14222
14256	0	14257
14258	0	4061
14259	0	3169
14260	0	912
14261	0	14262
14263	0	14261
14264	0	14261
14265	0	14262
14266	0	14262
14262	0	895
14267	0	895
14268	0	1118
14269	0	4854
14270	0	14269
14271	0	2218
14272	0	14271
14273	0	14271
14274	0	14273
14275	0	14273
14276	0	14271
14277	0	2216
14278	0	14277
14279	0	2216
14280	0	14277
14281	0	14277
14282	0	14276
14283	0	14276
14284	0	2216
14285	0	1179
14286	0	2721
14287	0	14286
14288	0	798
14288	0	799
14288	0	831
14289	0	3110
14290	0	8020
14291	0	2107
14292	0	2947
14293	0	1398
14294	0	1034
14295	0	2193
14296	0	14295
14297	0	14295
14298	0	4399
14299	0	4399
14300	0	14227
14301	0	11809
14302	0	14217
14303	0	3181
14304	0	4080
14305	0	4083
14306	0	4069
14307	0	14308
14309	0	2458
14310	0	10384
14311	0	12935
14312	0	2218
14313	0	2200
14314	0	10462
14315	0	2218
14316	0	2216
14316	0	2218
14317	0	2216
14317	0	2218
14318	0	2218
14319	0	2218
14320	0	10462
14321	0	14322
14323	0	14322
14324	0	11911
14325	0	2218
14326	0	2218
14327	0	2218
14328	0	10450
14329	0	1790
14330	0	14329
14331	0	14329
10715	0	5840
14332	0	10715
14333	0	2218
14334	0	2218
14335	0	11199
14336	0	11199
14337	0	2218
14338	0	1790
14339	0	831
14340	0	4397
1746	0	1413
14341	0	2497
14342	0	7309
14343	0	2905
14344	0	7309
14345	0	1481
3672	0	3207
14346	0	3672
14347	0	9327
2586	0	2451
14348	0	2451
14349	0	14348
14350	0	14348
14351	0	14350
14352	0	14350
8514	0	492
14353	0	14354
14355	0	1790
14356	0	1088
14357	0	1118
14358	0	14357
14359	0	14357
14360	0	1118
14361	0	2885
14362	0	10462
14362	0	10460
14363	0	10450
14364	0	13249
14365	0	11227
14366	0	2218
14367	0	14368
14369	0	2947
14370	0	2212
14371	0	2198
11809	0	10666
14372	0	13202
14373	0	2947
14374	0	2870
14375	0	2282
14375	0	10384
8630	0	8301
8628	0	8301
8632	0	8301
8626	0	8301
8624	0	8301
9759	0	8301
14376	0	8506
14376	0	8509
14377	0	9686
14378	0	2657
14378	0	14377
5849	0	1405
14379	0	136
14380	0	14379
14381	0	14379
14382	0	14379
14383	0	14379
14384	0	14379
14385	0	14379
14386	0	107
14387	0	107
14388	0	14386
14389	0	14386
14390	0	14387
14391	0	107
14392	0	107
14393	0	14387
14394	0	14387
14395	0	14387
14396	0	1245
14397	0	5703
14398	0	2309
14398	0	5703
14399	0	3410
3396	0	2959
14400	0	3396
14401	0	2193
14402	0	14401
14403	0	14401
13935	0	2193
14404	0	13935
14405	0	4559
14406	0	14405
14407	0	14405
14408	0	1820
14409	0	14249
14410	0	2088
14411	0	2193
14412	0	9551
14413	0	1427
14414	0	1624
14415	0	14414
14416	0	14414
14417	0	1341
14418	0	3432
14419	0	57
14420	0	4097
14421	0	4097
14422	0	12903
13923	0	2193
14423	0	13923
14424	0	2088
12935	0	2218
14425	0	764
8451	0	1674
14426	0	8451
14427	0	776
14428	0	776
14429	0	1674
14430	0	1674
14431	0	5290
14432	0	785
14433	0	764
14434	0	764
14435	0	14436
14437	0	14436
14438	0	10485
14439	0	758
14440	0	776
14441	0	756
10485	0	10483
14442	0	1
14443	0	1
12270	0	1951
12270	0	2752
14444	0	12270
14445	0	14444
10414	0	3123
5898	0	6258
14446	0	6258
14447	0	14446
14448	0	3341
3341	0	14446
14449	0	13000
14450	0	8481
14451	0	14450
14452	0	51
14453	0	12065
14454	0	11331
10657	0	11115
14455	0	10657
14456	0	10000
14457	0	10000
14458	0	10000
14459	0	10000
14460	0	10000
14461	0	10000
14462	0	10000
14463	0	10000
14464	0	14465
14465	0	2218
14466	0	14465
14467	0	14465
14468	0	14466
14469	0	14466
14470	0	14469
14471	0	14469
14472	0	14469
14473	0	14464
14474	0	14319
14474	0	14464
13944	0	1090
14475	0	2258
14476	0	1790
14477	0	106
6677	0	14477
14478	0	6677
14479	0	799
14480	0	2121
14481	0	180
14482	0	1119
14483	0	2107
14484	0	2107
14485	0	11024
14486	0	842
14487	0	3418
14488	0	279
14489	0	2472
14490	0	2472
14491	0	1790
14492	0	547
14493	0	14477
14494	0	14493
14495	0	14493
14496	0	14495
14497	0	14496
14498	0	14496
14499	0	14496
14500	0	14477
14501	0	14500
14502	0	14501
14503	0	14501
14504	0	14501
14505	0	14500
14506	0	14505
14507	0	14505
14508	0	14505
14509	0	14505
14510	0	14509
14511	0	14509
14512	0	14509
14513	0	14504
14514	0	14504
14515	0	14504
14516	0	14494
14517	0	14516
14518	0	14516
14519	0	14516
14520	0	14494
14521	0	14520
14522	0	14520
14523	0	14520
14524	0	6677
14525	0	14524
14526	0	14525
14527	0	14478
14528	0	14529
14529	0	14524
14530	0	14477
14531	0	14530
14532	0	14531
14533	0	14530
14534	0	14531
14535	0	14531
14536	0	14530
14537	0	14478
14538	0	14537
14539	0	14537
14540	0	14537
14541	0	14533
14542	0	14478
14543	0	14542
14544	0	14542
14545	0	14533
14546	0	14527
14547	0	14533
14548	0	14533
14549	0	14533
14550	0	14520
14551	0	14520
14552	0	14529
14553	0	14529
14554	0	14529
14555	0	14527
14556	0	14527
14557	0	14520
14558	0	14520
14559	0	14533
14560	0	14533
14561	0	14536
14562	0	14561
14563	0	14562
14564	0	14562
14565	0	14562
14566	0	14533
14567	0	14544
14568	0	14567
14569	0	14567
14570	0	14567
14571	0	14527
14572	0	14571
14573	0	14571
14574	0	14520
14575	0	14529
14576	0	14575
14577	0	14575
14578	0	14533
14579	0	14578
14580	0	14578
14581	0	14547
14582	0	14520
14583	0	14582
14584	0	14582
14585	0	14558
14586	0	14520
14587	0	14533
14588	0	14527
14589	0	14588
14590	0	14525
14591	0	14590
14592	0	14524
14593	0	14592
14594	0	14592
14595	0	14594
14596	0	14595
14597	0	14595
14598	0	14595
14599	0	14529
14600	0	14529
14601	0	14529
14602	0	14554
14603	0	14495
14604	0	14603
14605	0	14603
14606	0	14603
14607	0	14603
14608	0	14607
14609	0	14603
14610	0	14609
14611	0	14609
14612	0	14603
14613	0	14603
14614	0	14603
14615	0	1894
14616	0	1353
14617	0	1858
14618	0	912
14619	0	2806
14620	0	547
14621	0	704
14621	0	10073
14622	0	9547
14623	0	12627
14624	0	13844
14625	0	2710
14626	0	3642
14627	0	5551
14628	0	10715
14629	0	10384
14630	0	2806
14631	0	8725
14632	0	1413
9524	0	2473
9524	0	6723
14633	0	6724
14634	0	8774
14635	0	8774
14636	0	12190
14637	0	2206
14638	0	2216
14639	0	2607
14640	0	2947
14641	0	2947
14642	0	6195
14643	0	492
14644	0	14645
14646	0	2933
14647	0	5849
14648	0	10444
14649	0	1142
14650	0	4822
14651	0	9431
14652	0	1091
14653	0	5647
14654	0	5647
14655	0	14319
14656	0	2947
14657	0	14656
14658	0	14656
14659	0	14657
14660	0	14659
14661	0	14659
14662	0	14657
14663	0	14662
14664	0	14662
14665	0	9210
14666	0	9210
14667	0	2925
14668	0	14667
14669	0	3548
14670	0	13278
13278	0	1204
14671	0	1084
1204	0	1084
14672	0	1084
14673	0	1826
14674	0	14356
14675	0	14356
14676	0	9632
14677	0	4547
14678	0	4299
14679	0	7462
14680	0	9232
14681	0	1508
14682	0	3207
14683	0	263
14683	0	1017
14684	0	872
14684	0	1017
14685	0	11892
14686	0	3486
14687	0	3486
14688	0	9708
14689	0	1422
14690	0	912
14691	0	1405
14692	0	2947
14693	0	9232
14694	0	1319
1867	0	14694
1652	0	14694
14695	0	10485
14696	0	2947
14697	0	2947
14698	0	2947
14699	0	2947
14700	0	2947
14701	0	2947
14702	0	1080
14703	0	2947
14704	0	2947
14705	0	2947
14706	0	2947
14707	0	8734
14708	0	14707
14709	0	14707
14710	0	12627
14711	0	2947
14712	0	2947
14713	0	2947
14714	0	2947
14715	0	2947
14716	0	2947
14717	0	2947
14718	0	2947
14719	0	2947
14720	0	14224
14721	0	14224
14722	0	2947
14723	0	2947
14724	0	2947
14725	0	2947
14726	0	2947
14727	0	2947
14728	0	2947
14729	0	2947
14730	0	2947
14731	0	2947
14732	0	2947
14733	0	2947
14734	0	2947
14735	0	2947
14736	0	2947
14737	0	2947
14738	0	12634
14739	0	2947
14740	0	2947
14741	0	2947
14742	0	2947
14743	0	2947
14744	0	2947
14745	0	2947
14746	0	2947
14747	0	14738
14748	0	2947
14749	0	2947
14750	0	2947
14751	0	14738
14752	0	14753
14754	0	14753
14753	0	12634
14755	0	12634
14756	0	14755
14757	0	12634
14758	0	14757
14759	0	14757
14760	0	14755
14761	0	12634
14762	0	14761
14763	0	14761
14764	0	12634
14765	0	12634
14766	0	12634
14767	0	12634
14768	0	2947
14769	0	2947
14770	0	2947
14771	0	14770
14772	0	2947
14773	0	14772
14774	0	14772
14775	0	2947
14776	0	14777
14778	0	11793
14779	0	14777
14780	0	14777
14777	0	2947
14781	0	14777
14782	0	14777
14783	0	14777
14784	0	14777
14785	0	14777
14785	0	14786
14787	0	2947
14788	0	2947
14789	0	10633
14790	0	13110
14791	0	13110
14792	0	14698
14793	0	2814
14794	0	8478
14795	0	14794
13883	0	8478
14796	0	13883
14797	0	8478
14798	0	14797
14799	0	14797
14800	0	8478
14801	0	14800
14802	0	14800
14803	0	8478
14804	0	14803
14805	0	14803
14806	0	8478
14807	0	14806
14808	0	14806
14809	0	8478
14810	0	14809
14811	0	14809
14812	0	10073
14813	0	2436
14813	0	12764
14814	0	1516
14815	0	14814
14816	0	1392
14816	0	2558
14817	0	11939
14818	0	210
14819	0	3016
14820	0	1000
14821	0	1516
14822	0	10654
8381	0	1413
8381	0	1652
14823	0	8381
14824	0	1815
14825	0	14447
14826	0	14447
14827	0	14828
14829	0	1321
14830	0	8763
14831	0	8763
14832	0	8763
3661	0	7422
14833	0	3661
3498	0	912
14834	0	3498
14835	0	4127
14836	0	2183
8385	0	1867
1870	0	1867
14837	0	1476
14837	0	8385
14838	0	14839
14839	0	14837
14840	0	14837
14841	0	14837
14842	0	14837
14843	0	14839
14844	0	14842
14845	0	14842
14846	0	8379
14847	0	14839
14848	0	14839
14849	0	1488
14849	0	14850
14850	0	2221
14851	0	14850
14852	0	10962
14853	0	10962
14854	0	10962
14855	0	8734
14856	0	9525
14857	0	9525
14858	0	9525
14859	0	4293
14860	0	4293
14861	0	4293
14862	0	4293
14863	0	4293
14864	0	4293
14865	0	2210
2183	0	7863
2311	0	7863
14866	0	14477
14867	0	516
3681	0	1624
8379	0	1867
8393	0	1867
14868	0	1870
14869	0	1867
14870	0	14869
14871	0	8379
14872	0	1867
14873	0	12530
14874	0	516
6232	0	548
14875	0	6232
14876	0	1964
14877	0	2497
14878	0	1670
14878	0	8004
14879	0	10127
14880	0	2947
5807	0	2497
14881	0	5807
14882	0	4852
2730	0	308
14883	0	5972
14884	0	168
14884	0	14885
14886	0	14884
14887	0	2121
14888	0	14884
14889	0	2121
14885	0	180
14890	0	14885
14891	0	1674
14892	0	302
14893	0	10440
14894	0	357
2621	0	2124
14895	0	8275
14896	0	4066
14897	0	4066
14898	0	4359
14899	0	3485
14900	0	2020
7819	0	3858
14901	0	3691
14902	0	9232
14903	0	15
14904	0	9524
14905	0	10115
14906	0	9153
14907	0	9761
14908	0	9761
14909	0	3118
14910	0	9342
14911	0	9342
14912	0	2237
14913	0	1535
14914	0	1406
14915	0	12660
14916	0	8395
14917	0	8395
14918	0	45
14919	0	912
14920	0	2130
14921	0	600
14922	0	4540
14923	0	3121
14924	0	8997
14925	0	1751
14926	0	4559
14927	0	12450
14928	0	10031
14929	0	10101
14930	0	10444
14931	0	9632
14932	0	9853
9853	0	4559
14933	0	9914
14934	0	9205
14935	0	2747
4723	0	14935
14936	0	4723
14937	0	3669
14938	0	3295
14939	0	9594
14940	0	954
14941	0	2650
14942	0	12483
14943	0	174
14944	0	6084
14945	0	1523
14946	0	1488
14947	0	1797
14948	0	14947
14949	0	2470
14950	0	4073
1566	0	4
14951	0	1832
14952	0	4928
9499	0	1566
14953	0	7
14954	0	14953
14955	0	14953
14956	0	511
14957	0	1566
14958	0	1585
7	0	4
14959	0	1820
14960	0	14961
14962	0	1720
14963	0	1720
14964	0	1720
14965	0	11199
14966	0	1535
1392	0	1379
14967	0	2357
14968	0	1404
14969	0	2088
14970	0	2088
14971	0	2088
14972	0	2088
14973	0	1467
14974	0	1648
14975	0	541
14976	0	555
14977	0	1732
14978	0	2930
14979	0	5898
14980	0	14981
14982	0	98
14983	0	6796
6796	0	367
6796	0	6325
14984	0	2258
14985	0	14986
14987	0	14986
14988	0	8008
11877	0	1275
1741	0	12334
14989	0	1741
8390	0	896
14990	0	49
14991	0	2103
14992	0	3584
14993	0	2930
14994	0	951
14995	0	9852
14996	0	14995
14997	0	2473
14998	0	2743
14999	0	4682
15000	0	15001
3011	0	1363
1498	0	3508
1498	0	1504
1498	0	367
1498	0	4531
15002	0	3011
15003	0	1363
15004	0	1363
15005	0	10384
15006	0	1848
1848	0	1850
15007	0	9319
15008	0	1117
15009	0	2900
15010	0	4874
15010	0	15011
15012	0	4824
15013	0	2212
15014	0	2458
15015	0	2945
15016	0	912
15017	0	1145
15018	0	1145
15019	0	1145
15020	0	1145
15021	0	1680
15022	0	225
15023	0	244
15024	0	776
15025	0	244
15026	0	218
15027	0	218
15028	0	8863
15029	0	13173
15030	0	11172
15031	0	9153
15032	0	10483
15033	0	411
15034	0	2357
15035	0	1100
15036	0	539
15037	0	347
15038	0	15039
9017	0	1038
15040	0	9017
15041	0	10000
15042	0	10000
856	0	11012
914	0	855
15043	0	914
15044	0	914
15045	0	57
15046	0	10002
15047	0	10537
15048	0	15049
14308	0	3123
15050	0	14308
11867	0	912
15051	0	11867
15052	0	14074
15053	0	8478
15054	0	3444
15055	0	15054
15056	0	15054
15057	0	1670
15057	0	185
15058	0	185
15059	0	1633
15060	0	15061
15062	0	7422
15063	0	9210
15064	0	3158
15065	0	3169
15066	0	10537
15067	0	7422
15068	0	3169
15069	0	7422
15070	0	2272
15071	0	3085
15072	0	3158
15073	0	3085
15074	0	2266
15075	0	2134
15076	0	9232
15077	0	9232
15078	0	9232
15079	0	13700
15080	0	13700
15081	0	13700
15082	0	13700
15083	0	15084
15085	0	2617
15086	0	10035
15087	0	51
15088	0	51
15089	0	15090
2501	0	280
15091	0	4854
15092	0	2246
15093	0	7445
15093	0	2871
15094	0	8478
15095	0	15096
15097	0	8478
15098	0	8478
15099	0	8478
15100	0	8478
15101	0	6599
15102	0	15103
15104	0	306
15105	0	11889
11889	0	9890
15106	0	3158
15107	0	1525
15108	0	4854
15109	0	15110
15111	0	10696
15112	0	10696
15113	0	177
4893	0	1221
15114	0	1221
15115	0	1221
15116	0	1221
15117	0	3207
15118	0	3207
15119	0	367
15120	0	15119
15121	0	10890
15122	0	8477
15123	0	1525
15123	0	4094
15124	0	8115
15125	0	10537
15126	0	1071
15127	0	217
15128	0	10477
15129	0	2123
14368	0	278
15130	0	15131
15132	0	10087
15133	0	15132
15134	0	2704
15135	0	9594
15136	0	15135
15137	0	2937
15138	0	15135
15139	0	1051
15140	0	2607
15141	0	1714
15142	0	14828
15143	0	14828
15144	0	13242
13242	0	10537
15145	0	13242
15146	0	13242
15147	0	13242
15148	0	13242
15149	0	4822
15150	0	2357
15151	0	12678
15152	0	912
15153	0	912
15154	0	10
15155	0	1870
15156	0	4596
15157	0	15158
15159	0	1647
15160	0	14828
15161	0	10167
15162	0	15161
15163	0	15161
15164	0	912
15165	0	10000
15011	0	2877
15166	0	15011
15167	0	15011
15168	0	15011
15169	0	15011
15170	0	15011
15171	0	7496
15172	0	7496
15173	0	13844
15174	0	9724
15175	0	660
15176	0	13242
15177	0	10537
15178	0	4596
15179	0	177
15180	0	1080
15181	0	8481
15182	0	15183
15184	0	15181
15185	0	15181
15186	0	15181
15187	0	15181
15188	0	15181
15189	0	15181
15190	0	15132
15131	0	2744
15191	0	15131
15192	0	1820
15193	0	8707
15194	0	3085
15195	0	1125
15196	0	8775
15197	0	12093
12101	0	2258
15198	0	12101
15199	0	9210
15200	0	4066
15201	0	4066
15202	0	9210
15203	0	4066
15204	0	7422
15205	0	3080
15206	0	912
15207	0	3123
15208	0	4126
15209	0	12627
15210	0	2258
15211	0	3503
15212	0	13252
9412	0	8019
15213	0	6372
15214	0	2258
15215	0	1988
15216	0	8415
15217	0	8415
15218	0	8018
15219	0	8018
15220	0	8415
15221	0	2258
15222	0	3125
15223	0	15222
15224	0	2258
15225	0	15224
15226	0	15224
15227	0	1516
15228	0	940
15229	0	1832
15230	0	2246
15231	0	1478
15232	0	2187
15233	0	4854
15234	0	2744
15235	0	1060
15236	0	13242
15237	0	14828
15238	0	15239
15240	0	15135
15241	0	15239
15242	0	10477
15243	0	4359
15244	0	8127
15245	0	2130
15246	0	15132
15247	0	1080
15248	0	15247
15249	0	8481
15250	0	1080
10600	0	6325
10600	0	1516
15251	0	5423
15252	0	2879
15253	0	4583
15254	0	3158
15255	0	3085
15256	0	3230
15257	0	3230
15258	0	3158
15259	0	3169
15260	0	15259
15261	0	3158
15262	0	3158
15263	0	3158
15264	0	3169
15265	0	3169
15266	0	15259
15267	0	15259
15268	0	3169
15269	0	15259
15270	0	3169
3056	0	3054
3056	0	1363
15271	0	3056
15272	0	7317
15273	0	206
2869	0	2822
4466	0	2822
5316	0	2869
15274	0	5316
1863	0	3041
5366	0	3041
5005	0	1850
15275	0	5005
5372	0	1853
5372	0	1863
15276	0	5372
15277	0	5372
15278	0	5372
9956	0	1298
9956	0	4928
15279	0	9956
15280	0	11117
9592	0	2028
15281	0	9594
15282	0	15281
15283	0	2937
15284	0	912
15285	0	912
15286	0	912
15287	0	912
15288	0	9327
15289	0	15281
15290	0	9205
15291	0	5965
15291	0	12319
15292	0	1140
15293	0	9592
15294	0	15293
15295	0	15293
15296	0	2011
15297	0	8481
15298	0	15297
15299	0	9512
15300	0	4688
15301	0	15281
15302	0	9382
15303	0	6705
15304	0	165
15305	0	4094
15305	0	8127
15306	0	857
15307	0	15308
13877	0	11169
15309	0	13877
15310	0	912
15311	0	912
15312	0	2221
15313	0	13877
15314	0	14016
15315	0	1166
15316	0	3444
15317	0	10477
15318	0	7422
15319	0	15320
14981	0	912
15321	0	14981
15322	0	15323
15323	0	912
15324	0	15323
15325	0	9210
15326	0	9210
15327	0	2148
15328	0	2148
15329	0	15320
15330	0	15320
15331	0	2930
11279	0	1961
15332	0	11279
15333	0	15334
15335	0	15336
15337	0	9210
15338	0	3158
15339	0	15320
15340	0	3085
15341	0	9210
15342	0	45
15039	0	296
15343	0	15038
15344	0	10087
15345	0	2743
15346	0	2743
15347	0	2743
15348	0	2107
15349	0	2104
15350	0	13242
15351	0	2720
15351	0	15352
15353	0	15351
15354	0	15351
15355	0	10537
15356	0	15181
5548	0	1208
15357	0	5548
15358	0	5548
15359	0	5548
15360	0	5548
15361	0	10477
10401	0	8481
15362	0	10401
15363	0	2322
15364	0	2682
15365	0	12235
15366	0	1040
15367	0	558
15368	0	15369
15369	0	558
15370	0	15369
15371	0	2212
15372	0	2720
15373	0	10000
15374	0	15352
15375	0	251
15376	0	2111
15377	0	2104
4688	0	2663
4670	0	2663
15378	0	4670
15379	0	8775
15380	0	11172
15381	0	4688
15382	0	15119
15383	0	15382
15384	0	15382
15385	0	4094
15385	0	5526
15386	0	9430
15387	0	10028
15388	0	12205
15389	0	9382
15390	0	9382
15391	0	9382
15392	0	2981
15393	0	8481
15394	0	10565
15395	0	706
15396	0	548
15397	0	2121
15398	0	14885
15399	0	2198
15400	0	2121
15400	0	719
9432	0	38
15401	0	9430
15402	0	10031
15403	0	9206
15404	0	43
15405	0	555
15406	0	897
15407	0	897
15408	0	897
15409	0	897
7449	0	581
15410	0	7449
15411	0	7449
15412	0	296
15413	0	15412
15414	0	5403
15415	0	13242
15416	0	10483
15417	0	15416
15418	0	15119
15419	0	940
15420	0	15281
15421	0	4094
15422	0	15123
15423	0	5965
15424	0	857
15425	0	1714
15426	0	4874
15427	0	10367
15428	0	14447
15429	0	4854
15430	0	8481
15431	0	2981
15432	0	9430
15433	0	4094
15433	0	10890
15434	0	15351
15435	0	15351
15436	0	15351
15437	0	15351
15438	0	15351
15439	0	15351
15440	0	15351
15441	0	15351
15442	0	15351
15443	0	15351
15444	0	10000
15445	0	2720
15446	0	2720
15447	0	1566
15448	0	9592
15449	0	9594
15450	0	15448
15451	0	15448
15452	0	15448
15453	0	15448
15454	0	912
15455	0	15084
15084	0	9232
15084	0	15456
15457	0	15084
15458	0	15084
15459	0	8019
15460	0	3503
15461	0	15462
15463	0	7422
15464	0	3123
15465	0	3123
15466	0	15462
15467	0	15462
15468	0	7422
15469	0	3123
15470	0	177
15471	0	940
15472	0	174
15473	0	36
15474	0	1531
15475	0	10048
10160	0	130
15476	0	10160
15477	0	3178
15478	0	15479
15480	0	3114
15480	0	15456
15481	0	15480
15482	0	15480
15483	0	15480
15484	0	9890
15485	0	9890
15486	0	9890
15487	0	10147
15488	0	3123
15489	0	3123
15490	0	1654
15491	0	15490
15492	0	15493
3488	0	3176
15494	0	3488
15495	0	3123
15496	0	9412
15497	0	8020
15498	0	8020
15499	0	12093
15500	0	9412
15501	0	9412
15502	0	12627
15503	0	10480
15504	0	9430
12370	0	14016
2116	0	4079
2116	0	9902
15505	0	4079
15505	0	2118
15506	0	15505
15507	0	15135
15508	0	15281
15509	0	476
15510	0	2909
15511	0	857
15512	0	15281
10369	0	1080
15513	0	10369
15514	0	1647
15515	0	14450
15515	0	15297
15516	0	6796
15517	0	15281
2911	0	4078
2911	0	1559
15518	0	4899
15519	0	912
8099	0	3110
15520	0	8099
15521	0	3110
15522	0	3110
15523	0	8415
15524	0	1047
15525	0	10477
15526	0	12236
15527	0	12376
15528	0	12363
15529	0	14450
15530	0	45
15531	0	347
15532	0	10031
15533	0	165
15534	0	165
15535	0	1566
15536	0	2704
15537	0	8259
15538	0	5526
15539	0	15540
15541	0	9364
15542	0	13101
15543	0	15281
15544	0	10030
15545	0	10029
15546	0	3158
15547	0	1221
15548	0	13101
15549	0	98
15550	0	1463
15551	0	1425
15552	0	881
15553	0	174
15554	0	23
15555	0	1056
15556	0	2879
15556	0	4094
15557	0	2617
15558	0	6599
15559	0	6414
15560	0	302
15561	0	8559
15562	0	15563
15563	0	974
15564	0	15563
15565	0	1466
1466	0	837
15566	0	15352
15567	0	3396
15568	0	539
15569	0	15351
15570	0	2937
15571	0	2458
15572	0	660
15573	0	8159
15574	0	10369
15575	0	3056
15576	0	3056
15577	0	7317
15578	0	3283
15579	0	9594
15580	0	15281
15581	0	857
15582	0	12174
15583	0	12363
15584	0	12363
15585	0	12363
15586	0	15183
15587	0	15183
15183	0	15181
15588	0	15281
15589	0	11169
15590	0	10030
15591	0	10030
15592	0	3056
15593	0	15352
15594	0	15593
12174	0	701
4638	0	1535
15595	0	4638
14114	0	15596
14118	0	14114
14107	0	15596
14131	0	15596
14112	0	14114
14053	0	14131
12400	0	14131
15597	0	15596
15598	0	14114
15599	0	14118
15600	0	12400
14110	0	14107
15601	0	14110
15602	0	14112
15603	0	14110
15604	0	3248
15605	0	14112
15606	0	14116
15607	0	14116
15608	0	524
8727	0	3584
5967	0	9540
8164	0	2730
15609	0	278
15609	0	1173
4969	0	1042
4970	0	1042
3234	0	3232
15610	0	9334
15611	0	9334
15612	0	6755
6521	0	2833
6522	0	2833
15613	0	1941
15613	0	1901
3943	0	3923
3943	0	1942
15614	0	3942
15614	0	1359
15615	0	7191
15615	0	3943
15616	0	1360
15616	0	3943
15617	0	7075
15617	0	3943
15618	0	7027
15618	0	3943
15619	0	6036
15620	0	6036
15621	0	6054
15622	0	2057
15622	0	4279
9113	0	1561
4271	0	1561
15623	0	1882
6468	0	1353
6468	0	1883
15624	0	1883
15624	0	1889
15625	0	5994
15625	0	8491
15626	0	5856
15626	0	5994
15627	0	6761
15628	0	878
6826	0	15628
13315	0	15628
8798	0	343
8798	0	8806
15629	0	730
15629	0	6146
6146	0	552
6099	0	552
15630	0	585
15630	0	6099
15631	0	8232
15631	0	6146
15632	0	8232
15632	0	6099
15633	0	626
15634	0	462
5468	0	872
5468	0	1048
15635	0	2825
15635	0	3828
15636	0	3106
15636	0	3829
15636	0	3009
3640	0	353
1341	0	153
2821	0	1032
2821	0	1341
1908	0	1057
1908	0	1556
5057	0	1057
5057	0	1284
2995	0	1051
2995	0	2826
2826	0	2993
2826	0	5057
934	0	6367
15637	0	863
15638	0	776
15639	0	407
3252	0	3331
15640	0	11227
958	0	949
969	0	949
6347	0	925
12927	0	9555
1978	0	2016
1978	0	1971
15641	0	9401
15642	0	405
15642	0	420
15643	0	8199
15644	0	8199
15645	0	8199
4153	0	405
4153	0	9950
7305	0	410
7305	0	9950
15646	0	4153
15647	0	2706
15647	0	4153
15648	0	410
15648	0	420
15649	0	410
15649	0	420
15650	0	458
15651	0	458
15652	0	448
15653	0	448
15654	0	8695
15655	0	8695
15656	0	8695
15657	0	8695
15658	0	408
15659	0	452
15660	0	15661
15662	0	420
15663	0	15662
15664	0	15662
15665	0	15662
15666	0	450
15661	0	4149
6551	0	4149
15667	0	6551
15668	0	15661
3151	0	2929
9460	0	3148
15669	0	9460
860	0	3136
3440	0	8419
3420	0	860
3435	0	860
3292	0	2258
9674	0	10600
9671	0	8419
15670	0	1201
15671	0	15672
15673	0	2981
15673	0	3154
15674	0	2291
15674	0	2437
15675	0	2415
15676	0	912
15677	0	4923
15678	0	9543
15679	0	2930
15679	0	2931
15680	0	15679
15681	0	15679
13757	0	1467
15682	0	2346
15683	0	8567
15684	0	8567
15685	0	1201
15686	0	13249
3169	0	2085
3169	0	3230
5463	0	2593
15687	0	5463
5262	0	5275
4918	0	1055
4904	0	1055
15688	0	1076
2835	0	2677
15689	0	347
15689	0	5965
15690	0	5123
15691	0	344
15691	0	9919
15692	0	8683
8683	0	553
15693	0	11114
15693	0	11331
15694	0	3029
15695	0	367
15695	0	206
15696	0	15695
15697	0	912
15698	0	3081
15699	0	15698
15700	0	15699
15701	0	15699
15702	0	207
15703	0	8994
15704	0	2640
15705	0	4610
15706	0	1953
15706	0	1997
15707	0	9508
15708	0	15709
8345	0	1047
8345	0	4961
10791	0	8481
15710	0	10791
15711	0	6789
11422	0	5531
319	0	298
314	0	298
15712	0	314
15713	0	1489
15714	0	2883
15715	0	1375
15716	0	15715
2139	0	812
15717	0	7422
15718	0	15717
15719	0	15717
15720	0	2043
15721	0	7422
15722	0	15721
15723	0	15721
15724	0	2043
1152	0	1199
1152	0	1300
15725	0	333
15726	0	2199
951	0	3123
15727	0	951
15728	0	4814
15729	0	15641
15730	0	12272
5282	0	759
15731	0	5282
15732	0	2720
5409	0	2187
5409	0	2281
13797	0	2021
15733	0	11155
15734	0	6426
15735	0	6426
15736	0	6426
15736	0	13050
15737	0	6426
15738	0	6426
15739	0	168
15740	0	15739
15741	0	6447
15742	0	6447
15743	0	6391
15744	0	13797
15745	0	6432
15746	0	4746
15747	0	6426
15748	0	6432
15749	0	3500
15750	0	2281
15750	0	367
15751	0	13797
15752	0	6426
15753	0	6426
15754	0	6426
15755	0	13797
15756	0	15757
15758	0	15757
15759	0	3337
15760	0	1083
15761	0	80
6607	0	15761
15762	0	15761
87	0	80
15763	0	12318
15764	0	12318
15765	0	15763
15765	0	15766
15767	0	15763
15766	0	15764
15768	0	15764
15769	0	422
15770	0	263
15771	0	2121
15772	0	1545
15772	0	205
15773	0	15772
15774	0	15772
15775	0	15662
4427	0	916
15776	0	2246
15777	0	2707
5563	0	15777
5563	0	5526
11413	0	15777
11413	0	5521
15778	0	11413
15778	0	3021
9036	0	9033
9036	0	5531
15779	0	5
15780	0	15779
15781	0	15779
15782	0	15779
15783	0	15779
15784	0	15779
15785	0	15779
5643	0	367
15786	0	5643
15787	0	8772
15788	0	1957
15789	0	367
15790	0	2407
15791	0	2407
15792	0	206
15793	0	231
15794	0	597
15795	0	430
15796	0	9344
15797	0	11716
11716	0	4069
15798	0	8018
15799	0	12624
15800	0	3440
15801	0	2715
15802	0	15803
15802	0	11055
15804	0	15803
15804	0	11053
15803	0	39
15805	0	15803
15805	0	11049
15806	0	263
15807	0	1495
15808	0	1495
15809	0	1495
15810	0	1495
15811	0	182
15812	0	203
15812	0	343
15813	0	9325
15814	0	9325
15815	0	9325
15816	0	9325
15817	0	9325
15818	0	9325
15819	0	347
15819	0	1179
11779	0	1118
15820	0	1118
15821	0	678
15821	0	13191
13191	0	2160
15822	0	5708
15822	0	11819
15823	0	5712
15823	0	11819
15824	0	5782
15824	0	11819
15825	0	5708
15825	0	5738
15826	0	5712
15826	0	5738
15827	0	5738
15827	0	5782
15828	0	2378
15829	0	10002
15830	0	871
15831	0	871
15832	0	871
15833	0	2721
15834	0	871
15835	0	10537
15836	0	3678
15837	0	13173
15838	0	2121
15839	0	1803
15839	0	2001
15840	0	182
15841	0	1639
15842	0	871
14257	0	2933
15843	0	14257
15479	0	3178
15844	0	15479
15845	0	14257
13841	0	13844
15846	0	13841
13843	0	13844
15847	0	13843
9089	0	13844
15848	0	9089
15849	0	9752
15850	0	15851
15852	0	3293
15853	0	4352
15854	0	4352
15855	0	12
15856	0	12405
15857	0	2117
15858	0	125
15858	0	3
15859	0	279
15860	0	12764
13947	0	3090
13947	0	3050
13947	0	15110
15861	0	5618
15862	0	12898
15863	0	12898
15864	0	15863
15865	0	15863
15866	0	1926
15866	0	15867
15868	0	6441
15869	0	6441
15870	0	15869
15871	0	15869
15872	0	12896
15873	0	12896
15874	0	15873
15875	0	15873
15876	0	12897
15877	0	12897
15878	0	15879
15878	0	2965
15880	0	15877
15881	0	15877
15882	0	2857
15883	0	15882
4130	0	15882
15884	0	1
12366	0	2866
15885	0	15886
15887	0	290
15888	0	1288
15888	0	3090
15889	0	15878
15890	0	15879
15891	0	15892
15893	0	15894
15895	0	13947
15896	0	15897
15898	0	15899
15898	0	15900
15901	0	15902
15903	0	798
15903	0	799
15904	0	1880
15905	0	4161
15906	0	8381
15907	0	2843
15907	0	3090
15908	0	15909
15910	0	15909
15911	0	1341
15912	0	1341
15913	0	4021
15914	0	6901
15914	0	7842
15914	0	15915
15897	0	3001
15897	0	3090
15897	0	15886
15909	0	1000
15909	0	3090
15916	0	3181
15916	0	3823
15917	0	2833
15917	0	3823
15915	0	3090
15915	0	3696
15918	0	15867
15918	0	8347
15919	0	15920
15921	0	3033
15922	0	3823
15922	0	1863
15923	0	263
15923	0	15924
15925	0	659
15926	0	1680
15927	0	872
15927	0	3090
15899	0	2835
15928	0	1561
15928	0	3823
15928	0	15911
15929	0	1298
15929	0	1302
15930	0	1858
15930	0	15867
15931	0	386
15931	0	15924
15879	0	2980
15879	0	3823
15892	0	15879
15892	0	4198
15894	0	15879
15894	0	4899
15932	0	3428
15932	0	3823
15933	0	3033
15933	0	4042
15934	0	1330
15934	0	15935
15934	0	15936
15937	0	3666
15937	0	15938
15939	0	7215
15939	0	15934
15940	0	7103
15940	0	15934
15941	0	7002
15941	0	15934
15942	0	3965
15942	0	15934
15943	0	7667
15943	0	15935
15943	0	15938
15944	0	7923
15944	0	15935
15944	0	15938
15945	0	7217
15945	0	15946
15947	0	3930
15947	0	15946
15948	0	6998
15948	0	15946
15949	0	3950
15949	0	15946
15950	0	7924
15950	0	15937
15951	0	7665
15951	0	15938
15952	0	15953
15952	0	15954
15902	0	5302
15902	0	15915
15955	0	6901
15955	0	5193
15955	0	15915
15956	0	6901
15956	0	7838
15956	0	15915
15957	0	6901
15957	0	7840
15957	0	15915
15958	0	7810
15958	0	15915
15959	0	7808
15959	0	9113
15959	0	15915
15960	0	7808
15960	0	4267
15960	0	15915
15961	0	4481
15961	0	15915
15962	0	7636
15962	0	15915
15963	0	7088
15963	0	15964
15965	0	1288
15966	0	1000
15966	0	3090
15966	0	5057
15964	0	6929
15964	0	15915
15967	0	8109
15967	0	3090
15967	0	1908
15968	0	15888
15969	0	15888
15970	0	15888
15971	0	15888
15972	0	1561
15972	0	3090
15972	0	15886
15973	0	7408
15973	0	15915
15974	0	3054
15974	0	3033
15974	0	3823
15935	0	15888
15975	0	2989
15975	0	15912
15976	0	308
15976	0	3823
15977	0	3367
15977	0	3090
15978	0	3014
15978	0	3090
15978	0	15886
15979	0	4279
15979	0	3090
15979	0	15886
15980	0	4021
15980	0	1288
15980	0	5057
15981	0	4021
15981	0	7328
15981	0	3090
15920	0	15867
15982	0	15920
15983	0	15920
15984	0	3090
15984	0	4271
15984	0	15886
15985	0	7669
15985	0	3090
15985	0	15886
15986	0	1063
15986	0	3823
15986	0	2835
15924	0	213
15924	0	15976
15886	0	3823
15886	0	1908
15946	0	5010
15946	0	15936
15987	0	3016
15987	0	15886
15953	0	1304
15953	0	15936
15938	0	4495
15938	0	15888
15938	0	15886
15936	0	3945
15936	0	15888
15936	0	15980
15954	0	5128
15954	0	15936
15988	0	886
15988	0	3823
15110	0	3823
15110	0	5057
15989	0	866
15867	0	1930
15867	0	15886
15990	0	1314
15990	0	4021
15991	0	462
3999	0	3996
3999	0	1338
15992	0	3999
3990	0	3986
4003	0	4001
4003	0	1338
7863	0	15993
15994	0	3642
9205	0	2234
9205	0	2497
3009	0	2825
12909	0	857
15995	0	3570
15462	0	8618
9378	0	3081
4085	0	1701
15996	0	8206
15997	0	653
10696	0	15998
15998	0	153
15999	0	1434
16000	0	16001
16002	0	3085
16003	0	8299
8299	0	10895
9604	0	362
16004	0	2697
16004	0	4097
1608	0	1017
1608	0	5057
10707	0	912
16005	0	10707
16006	0	4126
16007	0	16006
16008	0	16006
15596	0	9311
16009	0	11939
16010	0	4814
16011	0	4814
16012	0	2193
16013	0	16012
16014	0	16012
16015	0	16016
16017	0	16016
16018	0	16015
16019	0	2357
5234	0	2258
16020	0	5234
76	0	45
16021	0	278
16021	0	5889
5381	0	1057
5381	0	7514
16022	0	10600
16023	0	9149
1793	0	37
16024	0	2345
4709	0	2345
16025	0	3405
16026	0	2866
12281	0	4047
16027	0	1616
16027	0	12281
16028	0	1467
16029	0	16030
16031	0	2824
16031	0	16032
16033	0	1508
16033	0	16032
16034	0	3678
16035	0	16034
16036	0	16034
11049	0	113
11055	0	12664
11053	0	12664
11770	0	9718
11702	0	2121
16037	0	2199
4198	0	506
4198	0	2980
930	0	172
16038	0	4078
16039	0	16038
16039	0	16040
16041	0	2617
16041	0	16038
16041	0	11425
16042	0	1788
16042	0	16038
16043	0	49
16043	0	16038
7864	0	2103
7864	0	4077
1209	0	857
1209	0	4077
7306	0	1209
16044	0	2870
16045	0	2870
16046	0	663
16046	0	7306
16046	0	6064
6064	0	4078
6064	0	614
3019	0	4078
3019	0	871
16047	0	8806
16048	0	8576
11425	0	1514
16049	0	573
6034	0	6025
6114	0	6025
16050	0	16049
2558	0	512
2558	0	837
837	0	280
16051	0	16052
16053	0	15640
16054	0	808
2478	0	2651
16055	0	1817
16056	0	6337
16057	0	16056
16058	0	16056
965	0	963
965	0	5531
16059	0	811
16060	0	16059
16061	0	16059
16061	0	8070
16062	0	2787
2327	0	553
2327	0	1182
16063	0	2337
16063	0	2327
1052	0	2787
16064	0	1913
16064	0	7877
16065	0	1913
16065	0	7878
16066	0	1913
16066	0	7879
16067	0	1913
16067	0	1905
16068	0	7759
16068	0	7880
16069	0	7761
16069	0	7880
16070	0	7763
16070	0	7880
16071	0	7765
16071	0	7880
16072	0	7767
16072	0	7880
16073	0	7769
16073	0	7880
16074	0	7771
16074	0	7880
16075	0	7773
16075	0	7880
16076	0	7775
16076	0	7880
16077	0	7777
16077	0	7880
16078	0	7779
16078	0	7880
16079	0	7759
16079	0	7885
16080	0	7761
16080	0	7885
16081	0	7763
16081	0	7885
16082	0	7765
16082	0	7885
16083	0	7767
16083	0	7885
16084	0	7769
16084	0	7885
16085	0	7771
16085	0	7885
16086	0	7773
16086	0	7885
16087	0	7775
16087	0	7885
16088	0	7777
16088	0	7885
16089	0	7779
16089	0	7885
16090	0	7759
16090	0	7890
16091	0	7761
16091	0	7890
16092	0	7763
16092	0	7890
16093	0	7765
16093	0	7890
16094	0	7767
16094	0	7890
16095	0	7769
16095	0	7890
16096	0	7771
16096	0	7890
16097	0	7773
16097	0	7890
16098	0	7775
16098	0	7890
16099	0	7777
16099	0	7890
16100	0	7779
16100	0	7890
16101	0	7759
16101	0	7896
16102	0	7761
16102	0	7896
16103	0	7763
16103	0	7896
16104	0	7765
16104	0	7896
16105	0	7767
16105	0	7896
16106	0	7769
16106	0	7896
16107	0	7771
16107	0	7896
16108	0	7773
16108	0	7896
16109	0	7775
16109	0	7896
16110	0	7777
16110	0	7896
16111	0	7779
16111	0	7896
16112	0	7880
16113	0	7880
16114	0	7880
16115	0	7885
16116	0	7885
16117	0	7885
16118	0	7890
16119	0	7890
16120	0	7890
16121	0	7896
16122	0	7896
16123	0	7896
16124	0	16068
16124	0	16112
16125	0	16069
16125	0	16112
16126	0	16070
16126	0	16112
16127	0	16071
16127	0	16112
16128	0	16072
16128	0	16112
16129	0	16073
16129	0	16112
16130	0	16074
16130	0	16112
16131	0	16075
16131	0	16112
16132	0	16076
16132	0	16112
16133	0	16077
16133	0	16112
16134	0	16078
16134	0	16112
16135	0	16068
16135	0	16113
16136	0	16069
16136	0	16113
16137	0	16070
16137	0	16113
16138	0	16071
16138	0	16113
16139	0	16072
16139	0	16113
16140	0	16073
16140	0	16113
16141	0	16074
16141	0	16113
16142	0	16075
16142	0	16113
16143	0	16076
16143	0	16113
16144	0	16077
16144	0	16113
16145	0	16078
16145	0	16113
16146	0	16068
16146	0	16114
16147	0	16069
16147	0	16114
16148	0	16070
16148	0	16114
16149	0	16071
16149	0	16114
16150	0	16072
16150	0	16114
16151	0	16073
16151	0	16114
16152	0	16074
16152	0	16114
16153	0	16075
16153	0	16114
16154	0	16076
16154	0	16114
16155	0	16077
16155	0	16114
16156	0	16078
16156	0	16114
2348	0	7530
2333	0	7530
16157	0	16079
16157	0	16115
16158	0	16080
16158	0	16115
16159	0	16081
16159	0	16115
16160	0	16082
16160	0	16115
16161	0	16083
16161	0	16115
16162	0	16084
16162	0	16115
16163	0	16085
16163	0	16115
16164	0	16086
16164	0	16115
16165	0	16087
16165	0	16115
16166	0	16088
16166	0	16115
16167	0	16089
16167	0	16115
16168	0	16079
16168	0	16116
16169	0	16080
16169	0	16116
16170	0	16081
16170	0	16116
16171	0	16082
16171	0	16116
16172	0	16083
16172	0	16116
16173	0	16084
16173	0	16116
16174	0	16085
16174	0	16116
16175	0	16086
16175	0	16116
16176	0	16087
16176	0	16116
16177	0	16088
16177	0	16116
16178	0	16089
16178	0	16116
16179	0	16079
16179	0	16117
16180	0	16080
16180	0	16117
16181	0	16081
16181	0	16117
16182	0	16082
16182	0	16117
16183	0	16083
16183	0	16117
16184	0	16084
16184	0	16117
16185	0	16085
16185	0	16117
16186	0	16086
16186	0	16117
16187	0	16087
16187	0	16117
16188	0	16088
16188	0	16117
16189	0	16089
16189	0	16117
3696	0	2689
16190	0	16090
16190	0	16118
16191	0	16091
16191	0	16118
16192	0	16092
16192	0	16118
16193	0	16093
16193	0	16118
16194	0	16094
16194	0	16118
16195	0	16095
16195	0	16118
16196	0	16096
16196	0	16118
16197	0	16097
16197	0	16118
16198	0	16098
16198	0	16118
16199	0	16099
16199	0	16118
16200	0	16100
16200	0	16118
16201	0	16090
16201	0	16119
16202	0	16091
16202	0	16119
16203	0	16092
16203	0	16119
16204	0	16093
16204	0	16119
16205	0	16094
16205	0	16119
16206	0	16095
16206	0	16119
16207	0	16096
16207	0	16119
16208	0	16097
16208	0	16119
16209	0	16098
16209	0	16119
16210	0	16099
16210	0	16119
16211	0	16100
16211	0	16119
16212	0	16090
16212	0	16120
16213	0	16091
16213	0	16120
16214	0	16092
16214	0	16120
16215	0	16093
16215	0	16120
16216	0	16094
16216	0	16120
16217	0	16095
16217	0	16120
16218	0	16096
16218	0	16120
16219	0	16097
16219	0	16120
16220	0	16098
16220	0	16120
16221	0	16099
16221	0	16120
16222	0	16100
16222	0	16120
16223	0	16101
16223	0	16121
16224	0	16102
16224	0	16121
16225	0	16103
16225	0	16121
16226	0	16104
16226	0	16121
16227	0	16105
16227	0	16121
16228	0	16106
16228	0	16121
16229	0	16107
16229	0	16121
16230	0	16108
16230	0	16121
16231	0	16109
16231	0	16121
16232	0	16110
16232	0	16121
16233	0	16111
16233	0	16121
16234	0	16101
16234	0	16122
16235	0	16102
16235	0	16122
16236	0	16103
16236	0	16122
16237	0	16104
16237	0	16122
16238	0	16105
16238	0	16122
16239	0	16106
16239	0	16122
16240	0	16107
16240	0	16122
16241	0	16108
16241	0	16122
16242	0	16109
16242	0	16122
16243	0	16110
16243	0	16122
16244	0	16111
16244	0	16122
16245	0	16101
16245	0	16123
16246	0	16102
16246	0	16123
16247	0	16103
16247	0	16123
16248	0	16104
16248	0	16123
16249	0	16105
16249	0	16123
16250	0	16106
16250	0	16123
16251	0	16107
16251	0	16123
16252	0	16108
16252	0	16123
16253	0	16109
16253	0	16123
16254	0	16110
16254	0	16123
16255	0	16111
16255	0	16123
1940	0	1562
1940	0	7415
16256	0	1939
16256	0	1940
16256	0	5170
2996	0	3033
2996	0	2976
2976	0	1047
2976	0	1504
16257	0	2993
16257	0	5064
2705	0	2877
2907	0	2874
16258	0	2874
16259	0	2145
16259	0	16260
11408	0	2704
16261	0	1790
16262	0	1468
16263	0	1048
16263	0	367
16264	0	2505
16264	0	2561
5612	0	1142
5612	0	2871
16265	0	1056
16265	0	2684
16266	0	1056
16267	0	16266
5026	0	1061
5026	0	2684
16268	0	2292
1303	0	1057
1307	0	1291
1294	0	1291
5175	0	1291
4531	0	1060
7415	0	2976
1331	0	7415
5170	0	7415
1563	0	2976
6453	0	2976
2739	0	207
2739	0	8123
16269	0	231
16269	0	250
250	0	2739
16270	0	1283
16270	0	1842
16271	0	1687
16272	0	7499
3021	0	5521
16273	0	706
16273	0	5589
16274	0	1403
8123	0	1117
4158	0	430
4158	0	8123
16275	0	16276
16277	0	2136
16276	0	2615
16278	0	2615
16279	0	3432
16280	0	3432
3399	0	3432
16281	0	3432
16282	0	379
16282	0	3432
726	0	11427
16283	0	1448
16284	0	1448
16285	0	857
16285	0	2011
16286	0	3207
3513	0	3207
16287	0	3207
16288	0	3207
16289	0	3207
10477	0	3207
16290	0	3669
16291	0	3669
16292	0	3669
3669	0	10477
16293	0	10477
16294	0	3207
16295	0	3669
16296	0	1452
16297	0	2220
16298	0	1476
16299	0	1476
16300	0	295
16301	0	16302
16301	0	2871
16301	0	2902
16303	0	1489
16303	0	2981
2297	0	1489
16304	0	2297
16305	0	2297
16306	0	2297
16307	0	2297
16308	0	2297
16309	0	2297
2525	0	1404
16310	0	5843
4961	0	8343
16311	0	1213
2203	0	2752
16312	0	16313
4040	0	5035
4040	0	1367
16314	0	1560
16314	0	4933
16315	0	16316
16317	0	16318
16316	0	227
16316	0	211
16319	0	16316
16320	0	16318
16318	0	226
8347	0	1930
16321	0	7893
16322	0	7893
16323	0	6295
16324	0	6295
16325	0	5000
16326	0	5000
16327	0	1945
16328	0	1945
16329	0	1910
16329	0	7883
16330	0	1910
16330	0	7888
16331	0	1910
16331	0	7894
16332	0	1910
16332	0	7899
16333	0	7883
16334	0	7888
16335	0	7894
16336	0	7899
16337	0	7883
16338	0	7888
16339	0	7894
16340	0	7899
1363	0	3126
16341	0	7887
16341	0	7913
16341	0	7755
16342	0	7892
16342	0	7926
16342	0	7755
16343	0	7898
16343	0	7939
16343	0	7755
16344	0	7887
16344	0	7913
16344	0	7756
16345	0	7892
16345	0	7926
16345	0	7756
16346	0	7898
16346	0	7939
16346	0	7756
16347	0	1937
16347	0	7887
16347	0	7913
16347	0	7923
16348	0	1937
16348	0	7892
16348	0	7926
16348	0	7936
16349	0	1937
16349	0	7898
16349	0	7939
16349	0	7949
16350	0	7719
16350	0	7887
16350	0	7913
16350	0	7924
16351	0	7719
16351	0	7892
16351	0	7926
16351	0	7937
16352	0	7719
16352	0	7898
16352	0	7939
16352	0	7950
16353	0	7827
16353	0	7887
16353	0	7913
16353	0	7925
16354	0	7827
16354	0	7892
16354	0	7926
16354	0	7938
16355	0	7827
16355	0	7898
16355	0	7939
16355	0	7951
16356	0	7746
16356	0	16341
16356	0	16347
16357	0	7746
16357	0	16342
16357	0	16348
16358	0	7746
16358	0	16343
16358	0	16349
16359	0	16341
16359	0	16350
16359	0	16360
16361	0	16342
16361	0	16351
16361	0	16360
16362	0	16343
16362	0	16352
16362	0	16360
16363	0	16341
16363	0	16353
16363	0	7752
16364	0	16342
16364	0	16354
16364	0	7752
16365	0	16343
16365	0	16355
16365	0	7752
16360	0	7755
7752	0	7755
16366	0	16344
16366	0	16347
16367	0	16345
16367	0	16348
16368	0	16346
16368	0	16349
16369	0	16344
16369	0	16350
16370	0	16345
16370	0	16351
16371	0	16346
16371	0	16352
16372	0	16344
16372	0	16353
16373	0	16345
16373	0	16354
16374	0	16346
16374	0	16355
16375	0	7922
16375	0	7923
16376	0	7935
16376	0	7936
16377	0	7948
16377	0	7949
16378	0	7735
16378	0	7922
16378	0	7924
16379	0	7935
16379	0	7937
16380	0	7735
16380	0	7948
16380	0	7950
16381	0	7832
16381	0	7922
16381	0	7925
16382	0	7832
16382	0	7935
16382	0	7938
16383	0	7948
16383	0	7951
16384	0	16375
16385	0	16376
16386	0	16377
16387	0	16378
16388	0	16379
16389	0	16380
16390	0	16381
16391	0	16382
16392	0	16383
16393	0	16375
16394	0	16376
16395	0	16377
16396	0	16378
16397	0	16379
16398	0	16380
16399	0	16381
16400	0	16382
16401	0	16383
16402	0	7823
16402	0	7914
16402	0	7924
16403	0	7823
16403	0	7927
16403	0	7937
16404	0	7823
16404	0	7940
16404	0	7950
16405	0	7721
16405	0	7914
16405	0	7925
16406	0	7721
16406	0	7927
16406	0	7938
16407	0	7721
16407	0	7940
16407	0	7951
16408	0	7702
16408	0	7914
16408	0	7923
16409	0	7702
16409	0	7927
16409	0	7936
16410	0	7702
16410	0	7940
16410	0	7949
16411	0	7915
16412	0	7928
16413	0	7941
16414	0	7723
16414	0	7915
16415	0	7723
16415	0	7928
16416	0	7723
16416	0	7941
16417	0	7915
16418	0	7928
16419	0	7941
16420	0	7825
16420	0	7916
16420	0	7924
16421	0	7825
16421	0	7929
16421	0	7937
16422	0	7825
16422	0	7942
16422	0	7950
16423	0	7725
16423	0	7916
16423	0	7925
16424	0	7725
16424	0	7929
16424	0	7938
16425	0	7725
16425	0	7942
16425	0	7951
16426	0	7706
16426	0	7916
16426	0	7923
16427	0	7706
16427	0	7929
16427	0	7936
16428	0	7706
16428	0	7942
16428	0	7949
16429	0	7917
16430	0	7930
16431	0	7943
16432	0	7917
16433	0	7930
16434	0	7943
16435	0	7917
16436	0	7930
16437	0	7943
16438	0	7729
16438	0	7918
16438	0	16439
16440	0	7729
16440	0	7931
16440	0	16441
16442	0	7729
16442	0	7944
16442	0	16443
16444	0	7695
16444	0	7918
16444	0	16445
16446	0	7695
16446	0	7931
16446	0	16447
16448	0	7695
16448	0	7944
16448	0	16449
16450	0	7709
16450	0	7918
16450	0	16451
16452	0	7709
16452	0	7931
16452	0	16453
16454	0	7709
16454	0	7944
16454	0	16455
16456	0	7920
16457	0	7933
16458	0	7946
16459	0	7920
16460	0	7933
16461	0	7946
16462	0	1938
16462	0	16456
16463	0	1938
16463	0	16457
16464	0	1938
16464	0	16458
16465	0	7934
16465	0	16256
16465	0	16456
16465	0	16459
16466	0	7947
16466	0	16256
16466	0	16457
16466	0	16460
16467	0	7921
16467	0	16256
16467	0	16458
16467	0	16461
16468	0	1560
16468	0	7934
16468	0	7959
16469	0	1560
16469	0	7947
16469	0	16459
16470	0	1560
16470	0	7921
16470	0	16460
16471	0	1560
16471	0	7934
16471	0	16461
16472	0	7947
16473	0	1560
16473	0	7697
16473	0	7712
16473	0	7830
16473	0	16256
16474	0	7921
16474	0	7959
16474	0	7969
16474	0	16256
1336	0	1342
1336	0	4010
1336	0	1912
1510	0	1047
1510	0	1556
16475	0	2043
12269	0	1956
12647	0	12269
16476	0	4058
16477	0	16476
1943	0	1850
16478	0	1943
16479	0	1943
16480	0	2848
16481	0	3151
16482	0	4058
16483	0	4058
16484	0	4058
16485	0	4058
16486	0	12927
4059	0	4054
16487	0	4059
16488	0	16487
9294	0	4059
16489	0	9294
16490	0	15493
15493	0	4059
16491	0	12
10890	0	95
10890	0	7439
16492	0	94
16492	0	7439
16493	0	12
16494	0	8420
16495	0	8420
15540	0	881
15540	0	4078
16496	0	15540
16497	0	4618
16497	0	1516
16498	0	1057
16499	0	8025
8127	0	2187
8127	0	16500
16040	0	2209
16040	0	16500
16501	0	16040
16501	0	5396
2251	0	3115
3176	0	3123
3176	0	3291
16502	0	2867
16502	0	2990
16503	0	663
16503	0	539
539	0	548
539	0	37
16504	0	663
16504	0	539
16505	0	3014
16505	0	3001
16506	0	3508
16001	0	37
16001	0	16506
392	0	673
16507	0	342
16507	0	673
8220	0	347
8220	0	16507
16508	0	34
119	0	106
1398	0	790
7443	0	1701
7443	0	4078
1764	0	701
16509	0	4679
16509	0	1764
2160	0	1478
2847	0	1648
16510	0	4531
13705	0	2607
13705	0	5396
5396	0	2800
5396	0	8127
16511	0	1626
16511	0	8040
16511	0	16512
16513	0	1626
16513	0	8031
16513	0	16514
1627	0	1
16515	0	3003
16515	0	1627
16516	0	16515
16516	0	16512
16517	0	16515
16517	0	16514
16512	0	1556
16512	0	1627
16514	0	1284
16514	0	1627
3390	0	2246
16518	0	3390
16519	0	3390
16520	0	3390
16521	0	3390
16522	0	3390
5531	0	882
5531	0	4078
4220	0	3334
4220	0	2980
5525	0	2699
16523	0	1800
16524	0	5514
16524	0	16523
16525	0	16523
10786	0	2145
10786	0	1535
16526	0	1221
16526	0	10786
16527	0	558
16528	0	37
16528	0	23
16529	0	6798
284	0	1140
16530	0	8760
16531	0	8486
16532	0	476
16533	0	524
5506	0	1799
5506	0	37
5146	0	1140
16534	0	9324
1828	0	57
16535	0	1828
4046	0	111
185	0	2129
185	0	4046
185	0	8004
15103	0	2617
15103	0	4618
2796	0	2793
2796	0	1048
16536	0	2123
16537	0	2682
16538	0	495
16539	0	343
16539	0	2187
16540	0	57
16541	0	57
16541	0	65
16542	0	6260
16543	0	6260
6260	0	2720
16544	0	207
16544	0	4078
9347	0	1678
9347	0	16500
16500	0	2185
16500	0	4078
16545	0	167
16545	0	2121
16546	0	167
16547	0	2720
16547	0	3552
16548	0	131
8115	0	214
8115	0	11401
16549	0	14414
16550	0	367
16550	0	37
193	0	175
193	0	8247
16551	0	7496
16551	0	49
16552	0	49
16552	0	16302
16553	0	49
16553	0	8250
6349	0	49
16302	0	194
16554	0	193
16554	0	16302
16555	0	2720
16556	0	57
16557	0	16556
1025	0	873
16558	0	1520
60	0	94
60	0	12847
16559	0	2123
12424	0	2097
9904	0	1825
9904	0	16500
15158	0	940
15158	0	5531
5414	0	2207
16560	0	2123
16560	0	2136
2699	0	1209
2699	0	5531
16561	0	2881
16561	0	4679
16562	0	2702
16562	0	8127
16563	0	9904
901	0	15803
16564	0	1680
5543	0	15158
5546	0	15158
1898	0	1354
16565	0	1898
16566	0	23
16566	0	12459
16566	0	16567
984	0	963
984	0	37
16568	0	9065
9080	0	203
9080	0	11401
11401	0	208
11401	0	2911
12376	0	182
12376	0	8246
16569	0	915
16570	0	660
16570	0	9693
16571	0	16570
16572	0	864
16572	0	1641
16573	0	16572
16574	0	3508
1428	0	1478
1428	0	3580
2415	0	837
16575	0	12707
16575	0	9538
14051	0	2793
14051	0	37
16576	0	407
16577	0	343
16577	0	1090
4616	0	2362
4616	0	8494
7848	0	218
16578	0	3329
16578	0	2785
2785	0	2814
16567	0	182
16567	0	179
16579	0	56
16580	0	65
16581	0	65
16582	0	65
16583	0	79
16583	0	2652
675	0	2335
1207	0	1110
16584	0	2123
16584	0	8494
16585	0	2799
12379	0	252
12379	0	11401
1049	0	3508
16586	0	1049
16587	0	408
630	0	8786
16588	0	6143
16588	0	6164
530	0	524
631	0	530
16589	0	581
14986	0	3001
16590	0	504
16591	0	2874
16592	0	5548
625	0	3508
15061	0	2505
16593	0	2505
7459	0	15061
16594	0	1598
16595	0	559
2283	0	858
16596	0	2283
2514	0	2283
16597	0	2283
16598	0	16596
16599	0	806
2965	0	864
2965	0	1034
4899	0	1034
835	0	812
14436	0	749
14436	0	765
16600	0	174
16601	0	523
16601	0	6058
16602	0	6557
16603	0	2743
16603	0	10696
16604	0	2145
16605	0	2021
5907	0	1080
16606	0	1166
15672	0	2074
194	0	8247
338	0	335
16607	0	5074
12433	0	2097
12433	0	248
16608	0	1820
2914	0	6353
2914	0	5531
16609	0	2980
16609	0	2689
16610	0	920
224	0	225
7854	0	225
2625	0	2139
16611	0	2625
1162	0	2634
1162	0	4078
16612	0	2129
16612	0	5521
3051	0	2989
3800	0	2989
16613	0	1298
16613	0	3924
16614	0	1850
16614	0	3924
16615	0	343
16615	0	367
12903	0	2121
14322	0	2218
8760	0	2123
8760	0	2145
8760	0	9512
16616	0	11169
16617	0	821
16618	0	799
16618	0	796
271	0	4610
16619	0	2910
16620	0	1790
16621	0	1332
16621	0	1339
16622	0	1339
16622	0	4495
16623	0	5079
16624	0	9608
883	0	2634
883	0	2742
11721	0	883
8471	0	883
3642	0	3580
3642	0	883
8722	0	1318
16625	0	12354
16625	0	8722
16626	0	4583
16627	0	11840
12672	0	11840
16628	0	2793
4134	0	1060
16629	0	7456
16630	0	2808
16630	0	10710
1011	0	2704
16631	0	4710
16632	0	182
16632	0	94
16633	0	555
16633	0	7312
9536	0	1047
9536	0	1063
9536	0	3428
16634	0	3197
16635	0	2675
12226	0	1389
5780	0	2429
5780	0	1389
9354	0	36
9354	0	13722
16636	0	207
16637	0	7854
880	0	3508
16638	0	8481
16639	0	2682
16640	0	45
16641	0	1677
16641	0	1889
16642	0	1353
16642	0	1677
7503	0	420
7503	0	9950
2632	0	5246
16643	0	2632
16644	0	2134
1896	0	1354
1896	0	1199
16645	0	220
16645	0	1896
16645	0	16646
15709	0	2752
1297	0	1298
16647	0	2134
16648	0	1182
16649	0	439
4090	0	2130
4090	0	4326
12905	0	1790
12905	0	4610
16650	0	45
16651	0	1125
16652	0	1171
16652	0	10403
16653	0	920
16653	0	117
16654	0	1025
8004	0	2362
16655	0	131
16656	0	94
16656	0	16567
16657	0	2132
16657	0	16567
179	0	880
11310	0	207
16646	0	1354
16646	0	4078
4753	0	1966
4753	0	1978
16658	0	4750
16658	0	4753
16659	0	11987
16660	0	408
9149	0	4059
11764	0	558
11764	0	1601
5526	0	2145
5521	0	2130
5521	0	2145
2871	0	7864
2902	0	7864
16661	0	1116
16661	0	344
16662	0	2753
16662	0	1133
16662	0	7493
16663	0	14814
2345	0	597
16664	0	2134
16665	0	677
16665	0	1462
16666	0	1820
16667	0	2203
16668	0	1199
16668	0	16669
8249	0	52
8249	0	13722
16670	0	65
16670	0	8249
16671	0	57
16671	0	8249
799	0	11008
13647	0	812
16672	0	13052
3560	0	1577
16673	0	7487
16673	0	6771
6526	0	4221
16674	0	2717
16675	0	2666
16676	0	9183
16677	0	9183
16678	0	2980
16679	0	6693
16680	0	6693
16681	0	2710
16681	0	6693
16682	0	3185
16683	0	1062
16684	0	2365
16684	0	10012
16685	0	1152
16685	0	5146
16686	0	5146
16686	0	1948
1300	0	1283
1948	0	1842
1948	0	1199
16687	0	1131
16688	0	204
16689	0	673
16690	0	3
16690	0	115
16691	0	174
6613	0	177
9953	0	106
16692	0	3508
16692	0	2701
16693	0	4094
16694	0	4094
16694	0	8722
16695	0	2681
16696	0	1146
377	0	614
588	0	614
16697	0	1151
16698	0	1535
16699	0	16698
16700	0	16701
16701	0	866
16702	0	16701
16703	0	16701
16704	0	4620
16704	0	16612
7436	0	3508
7436	0	1125
7477	0	3914
7477	0	3945
7277	0	7522
7277	0	7209
7157	0	7522
7157	0	7147
7060	0	7522
7060	0	7146
6992	0	7522
6992	0	7133
7289	0	7523
7289	0	7209
7171	0	7523
7171	0	7147
7066	0	7523
7066	0	7146
6882	0	7523
6882	0	7133
7301	0	7525
7301	0	7209
7182	0	7525
7182	0	7147
7072	0	7525
7072	0	7146
6978	0	7525
6978	0	7133
7374	0	7522
7374	0	7378
7358	0	7523
7358	0	7378
7649	0	7525
7522	0	1330
7522	0	7477
7523	0	5010
7523	0	7477
7525	0	5128
7525	0	7477
7209	0	7258
7209	0	7477
7147	0	3931
7147	0	7477
7146	0	3938
7146	0	7477
7133	0	3944
7133	0	7477
7378	0	1326
7378	0	7477
16705	0	1000
16705	0	1590
7820	0	4495
7820	0	6293
6293	0	1590
7906	0	7820
7919	0	7820
7932	0	7820
7945	0	7820
7683	0	7820
7958	0	7906
7958	0	7829
16445	0	7919
16445	0	7829
16447	0	7932
16447	0	7829
16449	0	7945
16449	0	7829
7968	0	7906
7968	0	7826
16439	0	7919
16439	0	7826
16441	0	7932
16441	0	7826
16443	0	7945
16443	0	7826
7978	0	7910
7978	0	7906
7978	0	7822
16451	0	7919
16451	0	7822
16453	0	7932
16453	0	7822
16455	0	7945
16455	0	7822
7730	0	7683
7730	0	7826
7710	0	7667
7710	0	7683
7710	0	7822
7696	0	7683
7829	0	7821
7829	0	7820
7826	0	3666
7826	0	7820
7822	0	7668
7822	0	7820
16706	0	2953
16706	0	912
16707	0	2219
16708	0	2219
16709	0	2240
16710	0	2221
16710	0	5614
16711	0	263
124	0	106
16712	0	3182
16712	0	3185
16713	0	1061
16714	0	295
16715	0	10384
16716	0	789
16717	0	3396
3913	0	1037
16718	0	2818
16718	0	3913
16719	0	2689
6142	0	6256
544	0	6256
653	0	6256
4633	0	4093
16720	0	1405
16721	0	16720
9274	0	353
9274	0	4078
16722	0	1072
16723	0	1076
16723	0	1596
16724	0	9644
16725	0	716
16725	0	613
546	0	538
16726	0	3054
16727	0	2303
16727	0	9919
16727	0	2871
16728	0	901
3556	0	2936
16729	0	263
16729	0	2121
11790	0	548
11790	0	11702
16730	0	1199
16731	0	1090
16731	0	4688
16732	0	16731
16733	0	624
5889	0	1117
10741	0	1117
1596	0	1117
12308	0	1117
16669	0	1088
8117	0	10528
16734	0	1117
1160	0	1117
12971	0	9919
16735	0	1076
16736	0	1691
16737	0	408
16737	0	14051
16738	0	1084
16739	0	1545
16739	0	2556
7633	0	5055
16740	0	16515
16741	0	1927
16742	0	3907
10378	0	5865
10378	0	625
16743	0	660
16744	0	2874
16745	0	16744
16746	0	4620
16746	0	16612
1241	0	709
596	0	593
16747	0	6056
16748	0	2720
16749	0	590
16750	0	1246
16751	0	6094
16752	0	2512
16753	0	2196
16753	0	9486
16754	0	3002
16755	0	4321
5846	0	2445
16756	0	6821
16757	0	247
16757	0	261
16758	0	218
16758	0	5898
9540	0	1141
3426	0	2570
628	0	552
16759	0	1894
16760	0	1878
9481	0	9479
16761	0	9481
16762	0	9481
16763	0	9481
16764	0	414
16765	0	5039
16765	0	7480
16765	0	7755
2053	0	2039
16766	0	8463
16767	0	2805
16767	0	2808
16768	0	2929
16769	0	4321
16770	0	16771
16772	0	4321
16771	0	4321
16773	0	16771
16774	0	2953
16775	0	1715
16776	0	1754
16777	0	4899
16778	0	1429
16779	0	2108
16780	0	485
16780	0	4182
16781	0	775
16781	0	782
16782	0	9361
12852	0	9404
12852	0	12850
16783	0	2234
16784	0	2926
7417	0	9453
16785	0	9425
16786	0	1166
16786	0	12647
773	0	5256
16787	0	773
16787	0	5299
16788	0	16787
16789	0	16787
774	0	5256
5299	0	5256
16790	0	369
16791	0	369
16792	0	408
16793	0	6557
16794	0	408
16795	0	408
16796	0	167
16797	0	167
16798	0	308
229	0	226
229	0	7854
16799	0	4668
2389	0	788
16800	0	2389
16016	0	16800
16801	0	9604
16802	0	208
16803	0	198
16804	0	858
16805	0	16804
16806	0	16804
16807	0	423
16808	0	15
16809	0	2121
16810	0	16811
16812	0	16811
16813	0	16810
16814	0	12331
16814	0	16815
16816	0	214
16817	0	16816
16818	0	4722
258	0	207
16819	0	239
16819	0	229
16819	0	230
16820	0	7852
16821	0	7852
4764	0	2986
1516	0	1513
15993	0	2103
16822	0	1057
16823	0	8415
16824	0	3158
16825	0	2043
16826	0	14665
16827	0	14665
16828	0	8018
16829	0	7422
16830	0	8415
16831	0	7422
16832	0	8018
16833	0	8018
16834	0	8415
16835	0	8018
16836	0	3118
16837	0	8415
16838	0	3118
16839	0	3230
16840	0	8018
16841	0	3116
16842	0	8018
16843	0	7422
16844	0	8018
16845	0	7422
16846	0	8018
16847	0	7422
16848	0	3178
16849	0	1158
9217	0	1158
16850	0	9217
16851	0	9217
16852	0	1122
16852	0	9217
16853	0	9217
16854	0	16667
16855	0	912
16856	0	16855
16857	0	16855
16858	0	2614
16858	0	12611
16859	0	16667
16860	0	16667
16861	0	12611
16861	0	16560
16862	0	16560
16863	0	3158
16864	0	3503
16865	0	2933
16866	0	6325
16867	0	3083
16868	0	367
16869	0	367
16870	0	367
16871	0	5745
16871	0	10384
16872	0	12660
10164	0	12659
16873	0	16874
16875	0	16874
13255	0	2037
16876	0	2258
16877	0	16876
16878	0	16877
16879	0	16877
16880	0	16876
16881	0	16880
16882	0	16880
16883	0	16876
16884	0	16876
16885	0	16876
16886	0	16885
16887	0	16885
16888	0	16884
16889	0	16884
16890	0	16883
16891	0	16883
16892	0	912
16893	0	16892
16894	0	16892
16895	0	10393
16896	0	16895
16897	0	16895
16898	0	16899
16900	0	16901
16902	0	16903
16904	0	16905
16906	0	16907
16908	0	11823
16909	0	2043
16910	0	16909
16911	0	16912
16913	0	16912
16914	0	9555
16915	0	1324
16916	0	16915
16917	0	16918
16919	0	16918
16920	0	16921
16922	0	16921
16923	0	9555
16924	0	16923
16925	0	387
16926	0	372
16927	0	16928
16929	0	13074
16930	0	16928
16931	0	13074
16932	0	13074
16933	0	13074
16934	0	13074
16928	0	13074
16935	0	16928
16936	0	16928
16937	0	16928
16938	0	16928
16939	0	13074
16940	0	16928
16941	0	13074
16942	0	13074
16943	0	16942
16944	0	13074
16945	0	12660
2750	0	4043
3222	0	4043
3254	0	4043
2862	0	4043
16946	0	4043
13719	0	2749
13719	0	16946
16947	0	3221
16947	0	16946
16948	0	16929
16949	0	16931
16950	0	13074
16951	0	4747
16952	0	1957
16953	0	14269
16954	0	15788
16955	0	1957
16956	0	16955
16957	0	9152
16958	0	9152
16959	0	1516
16960	0	1550
16961	0	7879
16962	0	5589
9844	0	280
16963	0	389
16964	0	389
8966	0	389
16965	0	8966
16966	0	389
16967	0	389
16968	0	389
16969	0	389
16970	0	389
16971	0	389
16972	0	389
16973	0	389
16974	0	866
16975	0	866
16976	0	2448
16977	0	9711
3543	0	3537
16978	0	2120
16979	0	2258
16980	0	10164
16981	0	10164
16982	0	16901
16983	0	10164
16984	0	389
16985	0	16979
16986	0	16979
16987	0	12660
16988	0	802
12900	0	2859
16989	0	12900
16990	0	12901
16991	0	16990
16992	0	16990
16993	0	16990
16994	0	16990
16995	0	12901
16996	0	16995
16997	0	16995
16998	0	12901
16999	0	16998
17000	0	16998
17001	0	16998
17002	0	16998
17003	0	16905
17004	0	2859
17005	0	3158
17005	0	3085
15851	0	296
17006	0	15851
17007	0	15851
17008	0	3178
17009	0	17008
17010	0	17008
17011	0	3178
17012	0	17011
17013	0	17011
17014	0	3201
17015	0	3201
17016	0	17015
17017	0	3201
17018	0	3201
17019	0	3201
17020	0	3201
16313	0	17021
17022	0	17021
17023	0	17021
17024	0	17021
17025	0	17026
17026	0	17021
17027	0	17021
17028	0	3201
17029	0	3201
17030	0	17029
17031	0	3201
17032	0	3201
17033	0	17029
17034	0	218
17035	0	8415
17036	0	17035
17037	0	17035
17038	0	9576
17039	0	8017
17040	0	8017
17041	0	8017
17042	0	8017
17043	0	912
17044	0	8017
17045	0	3167
17046	0	17045
17047	0	17045
17048	0	9566
17049	0	9566
17050	0	3167
17051	0	17050
17052	0	17050
17053	0	9575
17054	0	17053
17055	0	17053
17056	0	9575
17057	0	9579
17058	0	9579
17059	0	9579
17060	0	4061
17061	0	3221
17062	0	4061
17063	0	3221
17064	0	4061
17065	0	3221
17066	0	9575
17067	0	10878
17067	0	12259
17068	0	12259
17069	0	12261
17069	0	10881
17069	0	17067
17070	0	12261
17071	0	12260
17072	0	17067
10876	0	10878
10876	0	12943
10190	0	4761
10190	0	12943
17073	0	10876
17074	0	10190
17075	0	10190
17076	0	12944
17077	0	12944
17078	0	17077
17079	0	17075
17079	0	17076
17080	0	17074
17080	0	17076
17081	0	12945
17081	0	10881
17081	0	10876
17082	0	12945
17082	0	10190
17083	0	17081
17084	0	17081
17085	0	17082
17086	0	17075
17086	0	17082
17087	0	2216
17088	0	10164
17089	0	12980
17090	0	3678
8560	0	302
17091	0	308
17092	0	308
17093	0	308
17094	0	308
17095	0	552
17096	0	347
17097	0	347
6054	0	695
17098	0	347
17099	0	555
17100	0	17092
17101	0	17092
17102	0	367
17102	0	224
17103	0	367
17103	0	1826
17104	0	17102
17105	0	223
17105	0	17102
17106	0	362
17107	0	362
17108	0	17107
12483	0	4679
17109	0	306
17110	0	306
17111	0	17112
17113	0	1484
17114	0	386
17115	0	8226
15456	0	2028
17116	0	15456
17117	0	17118
17119	0	1172
17120	0	920
17121	0	1510
17122	0	15975
17123	0	11791
17124	0	2682
17125	0	10000
17126	0	10000
4516	0	1507
16032	0	1507
2561	0	1048
10654	0	2947
17127	0	12677
17128	0	17129
17130	0	17129
17131	0	17132
17133	0	17132
17134	0	17129
17135	0	17136
17137	0	17129
17129	0	17127
17132	0	17127
17136	0	17127
17138	0	17129
17139	0	17136
17140	0	17129
17141	0	17132
17142	0	17129
17143	0	12677
17144	0	17143
17145	0	17143
17146	0	8722
3125	0	3116
17147	0	3125
17148	0	17147
17149	0	17147
17150	0	11987
17151	0	17127
17152	0	17151
17153	0	17151
17154	0	17136
17155	0	17136
17156	0	17136
17157	0	17129
17158	0	17129
17159	0	17129
17160	0	17129
17161	0	17129
17162	0	17129
17163	0	17129
17164	0	17132
17165	0	17158
10299	0	10241
17166	0	10299
17167	0	10299
17168	0	10299
17169	0	10299
17170	0	10299
17171	0	10299
17172	0	10299
17173	0	10299
17174	0	10299
17175	0	10299
17176	0	10299
13173	0	2721
11189	0	701
17177	0	11189
724	0	1487
17178	0	17179
17180	0	17178
17181	0	12677
17182	0	17181
17183	0	8070
17184	0	8070
17185	0	8070
11043	0	10048
17186	0	11043
17187	0	2911
17188	0	15456
17189	0	17188
17190	0	12278
17191	0	12278
17192	0	17193
17194	0	6041
17195	0	15456
17196	0	17197
17198	0	15757
15757	0	13797
17199	0	10000
17200	0	17199
17201	0	17199
17202	0	17199
17203	0	17199
17204	0	17199
17118	0	15352
17205	0	84
2927	0	912
17206	0	2927
17207	0	3158
17208	0	17197
17209	0	17195
17197	0	17195
17210	0	17209
17211	0	11718
13833	0	14107
17212	0	4259
17213	0	462
17214	0	17215
11992	0	11990
17216	0	3145
12677	0	15456
17179	0	15456
16811	0	1790
12914	0	2121
17217	0	94
17218	0	581
17219	0	524
17220	0	1404
17221	0	335
3174	0	3123
17222	0	3174
17223	0	1700
17224	0	17223
17225	0	17223
17226	0	17223
17227	0	17223
16874	0	17223
17228	0	9890
12093	0	11115
17229	0	1579
17230	0	1586
17231	0	1586
17232	0	4090
17233	0	16268
5429	0	5423
17234	0	3914
14645	0	2516
12272	0	15641
17235	0	17236
17237	0	17235
17238	0	17237
17239	0	17236
17240	0	11865
17241	0	17240
17242	0	528
17243	0	6540
11738	0	347
17244	0	11738
17245	0	17244
17246	0	10868
17247	0	17236
17248	0	649
17249	0	535
17250	0	17249
17251	0	17249
17252	0	17249
17253	0	17249
17254	0	17253
17255	0	17253
17256	0	17249
17257	0	17256
17258	0	17256
17259	0	17249
17260	0	17249
17261	0	17249
17262	0	17249
17263	0	17249
17264	0	17249
17265	0	17249
17266	0	607
17267	0	734
17268	0	555
17269	0	10810
17270	0	547
17271	0	17270
17272	0	17270
17273	0	10842
17274	0	10840
17275	0	10838
17276	0	12561
17277	0	572
17278	0	9716
17279	0	9717
17280	0	9830
17281	0	2870
17282	0	1127
17283	0	8097
17283	0	11721
17284	0	2872
17021	0	3201
17285	0	3201
17286	0	16667
17287	0	16667
16905	0	12659
16901	0	16905
16903	0	12659
16912	0	10164
16907	0	12659
17288	0	1410
17289	0	1410
17290	0	4119
17291	0	17288
17292	0	12660
17293	0	12660
17294	0	12660
17295	0	12660
17296	0	12660
17297	0	12660
17298	0	9232
17299	0	17298
17300	0	10164
16899	0	7422
17301	0	8359
17302	0	3242
17303	0	4072
17304	0	4072
17305	0	3354
17306	0	9503
17307	0	3274
17308	0	3274
17309	0	3552
17310	0	2272
17311	0	4067
17312	0	8361
17313	0	8356
17314	0	3228
17315	0	8355
17316	0	17315
17317	0	17315
17318	0	8364
17319	0	8364
17320	0	5083
17321	0	3348
17322	0	8354
17323	0	17322
17324	0	17322
15049	0	8354
17325	0	15049
17326	0	3118
17327	0	17326
17328	0	17326
17329	0	9269
9630	0	9628
9633	0	9628
17330	0	3123
17331	0	17330
17332	0	2933
17333	0	1412
17334	0	3125
17335	0	17334
17336	0	17334
13252	0	7422
15320	0	13252
17337	0	15320
17338	0	17337
17339	0	17338
17340	0	17338
17341	0	17337
17342	0	17341
17343	0	17341
17344	0	17337
17345	0	17344
17346	0	17344
17347	0	15320
17348	0	17347
17349	0	17348
17350	0	17348
17351	0	17347
17352	0	17351
17353	0	17351
17354	0	17347
17355	0	17354
17356	0	17354
17357	0	15320
17358	0	17357
17359	0	17358
17360	0	17358
15336	0	17357
17361	0	15336
17362	0	17357
17363	0	17362
17364	0	17362
17365	0	15320
17366	0	17365
17367	0	17357
17368	0	17367
17369	0	17365
17370	0	17365
17371	0	17370
17372	0	17370
17373	0	17369
17374	0	17366
17375	0	17366
15334	0	15320
17376	0	15334
17377	0	17376
17378	0	17376
15001	0	15334
17379	0	15001
17380	0	15320
17381	0	17380
17382	0	17381
17383	0	17381
17384	0	15320
17385	0	17384
17386	0	17384
10727	0	2945
17387	0	10727
17388	0	15320
17389	0	15320
17390	0	17389
17391	0	15320
17392	0	17391
17393	0	15320
17394	0	17393
17395	0	15320
17396	0	17395
17397	0	14074
17398	0	17397
17399	0	2933
17400	0	17399
17401	0	3085
17402	0	2933
17403	0	17402
17404	0	9313
17405	0	17404
16921	0	16916
16918	0	16916
17406	0	12021
17407	0	14828
17408	0	1131
6322	0	2866
17409	0	6322
17410	0	10189
17410	0	17082
17411	0	10189
17411	0	17076
4756	0	10878
17412	0	2866
17413	0	17412
17414	0	17412
17415	0	2866
17416	0	17413
17416	0	17415
17417	0	17414
17417	0	17415
17418	0	16311
17419	0	12971
17420	0	2321
17421	0	425
3654	0	208
3654	0	263
4259	0	352
4259	0	15694
16030	0	16801
17422	0	16801
17423	0	369
17423	0	17107
17424	0	362
17424	0	16802
17424	0	16803
17425	0	418
17425	0	17106
17426	0	17107
17427	0	15696
17427	0	17102
17428	0	17102
17428	0	17103
17429	0	362
17429	0	1067
17429	0	511
17430	0	418
17430	0	17106
17431	0	357
17431	0	17107
17432	0	15696
17433	0	16801
17434	0	357
17434	0	17107
16815	0	357
17435	0	357
17435	0	17107
17436	0	357
7536	0	408
7536	0	2793
17437	0	17438
17438	0	701
17439	0	16806
17440	0	357
17441	0	17107
17442	0	369
17442	0	17107
659	0	375
659	0	290
17443	0	16799
10620	0	16799
12318	0	1825
12318	0	8471
4660	0	466
4660	0	2793
4660	0	8373
17444	0	16016
702	0	288
702	0	3580
17445	0	3580
17445	0	498
17446	0	2793
17446	0	1680
17447	0	16799
4786	0	306
17448	0	4679
17112	0	1147
17112	0	17445
17449	0	1147
17449	0	702
17449	0	17445
17450	0	386
17451	0	15696
17452	0	511
17453	0	1425
17453	0	12909
14961	0	12909
17454	0	701
765	0	1032
765	0	3508
17455	0	367
17455	0	206
17456	0	1060
17457	0	1826
17458	0	213
17458	0	702
17459	0	1425
17459	0	12909
17460	0	17438
17461	0	1603
17462	0	1603
17463	0	1147
17464	0	3580
17465	0	8286
4668	0	4679
4668	0	702
17466	0	17112
17467	0	15695
17468	0	701
17468	0	702
17236	0	683
17469	0	367
17469	0	1680
17469	0	498
17470	0	16801
17471	0	1603
17472	0	17107
17473	0	17107
9468	0	347
9468	0	1603
17474	0	17102
17475	0	701
17475	0	206
17475	0	702
8289	0	12909
17476	0	206
17476	0	8471
4986	0	263
4986	0	213
17477	0	263
17477	0	213
17478	0	1047
17478	0	213
17479	0	1701
17480	0	17479
17481	0	17479
17482	0	1788
17483	0	17479
17484	0	10699
17485	0	13202
17486	0	853
17487	0	2088
17488	0	14286
17489	0	13286
17490	0	2947
17491	0	2947
17492	0	2947
17493	0	2947
17494	0	2947
17495	0	2947
17496	0	2947
17497	0	2947
17498	0	17499
17500	0	17499
17501	0	17499
17499	0	2947
17502	0	2947
17503	0	14227
17504	0	2947
17505	0	2947
17506	0	2947
17507	0	2947
17508	0	2947
17509	0	1839
17510	0	1839
17511	0	1978
17512	0	101
17513	0	56
17514	0	56
17515	0	56
17516	0	2866
17517	0	3537
17518	0	2011
17519	0	3678
17520	0	17519
17521	0	17519
17522	0	17519
17523	0	17519
17524	0	17519
17525	0	17519
17526	0	17519
17527	0	17519
17528	0	17519
15900	0	17519
17529	0	17519
9508	0	1118
17530	0	2136
17531	0	2937
17532	0	17531
17533	0	129
2207	0	2187
13893	0	5389
13893	0	2207
17534	0	4183
17535	0	7201
17535	0	5022
12176	0	701
17536	0	12176
17537	0	789
17538	0	17539
17540	0	814
2278	0	856
17541	0	2278
8070	0	512
17542	0	17543
17544	0	855
17545	0	11015
17545	0	17540
17546	0	17540
13240	0	17547
17548	0	15090
17549	0	810
17549	0	17550
17551	0	820
17552	0	17553
17554	0	17553
17543	0	855
17555	0	17543
17556	0	17543
15090	0	855
17557	0	17550
17558	0	768
17559	0	16556
17560	0	4066
17561	0	17562
14828	0	10483
17563	0	14828
17564	0	13242
17565	0	759
17566	0	1321
17567	0	4094
17568	0	12394
17569	0	4359
17570	0	10483
15352	0	2721
17571	0	15352
15239	0	2721
17572	0	15239
17573	0	15239
17574	0	15239
17575	0	15239
17576	0	15239
17577	0	15239
17578	0	15239
17579	0	10483
17580	0	10483
17581	0	2721
17582	0	2721
17583	0	17582
17584	0	17582
17585	0	17582
17586	0	13101
17587	0	14174
17588	0	2721
17589	0	13242
17590	0	13242
17591	0	13101
17592	0	14828
17593	0	15239
17594	0	15239
17595	0	15239
17596	0	15239
17597	0	1463
17597	0	8385
17598	0	1870
17599	0	1870
17600	0	1803
17601	0	8734
17602	0	1321
10147	0	2721
17603	0	10147
17604	0	10147
17605	0	1537
17606	0	17605
17607	0	2744
17608	0	2516
17609	0	10147
17610	0	9995
17611	0	11109
17612	0	1525
17613	0	3683
17614	0	3683
17615	0	3683
17616	0	912
17617	0	17618
17619	0	912
17620	0	15698
17621	0	10101
17622	0	15239
17623	0	768
17624	0	5618
17625	0	2947
17626	0	2947
17627	0	17582
17628	0	13192
17629	0	10537
17630	0	10537
13101	0	10565
17631	0	13242
17632	0	15239
17633	0	15239
17634	0	15239
17635	0	776
17636	0	10560
17637	0	1961
17638	0	17637
17639	0	17637
17640	0	11943
17641	0	912
17642	0	15448
17643	0	15308
17644	0	15448
17645	0	15448
17646	0	2260
17618	0	9594
17647	0	17618
17648	0	17618
17649	0	17618
17650	0	10393
17651	0	17618
15308	0	912
17652	0	17618
17653	0	10393
17654	0	17618
17655	0	9594
17656	0	17618
17657	0	17618
17658	0	10393
11277	0	10393
17659	0	17618
17660	0	17618
17661	0	4409
17662	0	12088
17663	0	7868
17664	0	2947
17665	0	2947
17666	0	2947
17667	0	2947
17668	0	2947
17669	0	2947
17670	0	2947
17671	0	2947
17672	0	2947
17673	0	2947
17674	0	2947
17675	0	2947
17676	0	2947
17677	0	2947
17678	0	2947
17679	0	2947
17680	0	2947
17681	0	2947
17682	0	2947
17683	0	2947
17684	0	2947
17685	0	2947
17686	0	17685
17687	0	17685
17688	0	2947
17689	0	2947
17690	0	2947
17691	0	2947
17692	0	2947
17693	0	2947
17694	0	2947
17695	0	2947
17696	0	2947
17697	0	2947
17698	0	2947
17699	0	2947
17700	0	2947
17701	0	2947
17702	0	2947
17703	0	2947
17704	0	2947
17705	0	2947
17706	0	2947
17707	0	2947
17708	0	2947
17709	0	2947
17710	0	2406
17711	0	17543
17712	0	17713
1695	0	12298
17714	0	11025
17715	0	11017
17716	0	11017
9395	0	16052
12298	0	12296
12730	0	846
17717	0	12296
17718	0	17556
17719	0	17556
17720	0	17556
2433	0	6669
1598	0	824
16052	0	824
9397	0	824
17713	0	9650
17721	0	842
17722	0	17721
6669	0	789
17723	0	820
17553	0	17713
17724	0	820
808	0	806
808	0	17725
17726	0	856
17727	0	17728
17727	0	17550
17729	0	820
17729	0	17730
17731	0	12730
17732	0	17733
17734	0	17733
17733	0	846
826	0	1398
17735	0	789
17547	0	789
17736	0	15089
17737	0	811
17738	0	811
17739	0	811
17740	0	823
17741	0	17548
17741	0	17726
17742	0	17548
17743	0	17548
682	0	17547
17744	0	17547
2295	0	682
17745	0	682
17746	0	13240
17747	0	13240
17748	0	13240
794	0	13240
17749	0	13240
17750	0	13240
17751	0	808
17752	0	9397
17752	0	17749
17753	0	8069
17754	0	8069
17755	0	811
17756	0	17543
17757	0	15090
17758	0	9649
17758	0	820
810	0	789
17728	0	810
17539	0	814
17759	0	17713
17760	0	17730
17761	0	17553
17762	0	17721
17763	0	17721
17764	0	17721
17764	0	17730
17765	0	17721
17730	0	9650
17766	0	17730
17725	0	9650
17767	0	17725
17768	0	805
17769	0	17768
17770	0	17768
17771	0	823
823	0	806
17772	0	13240
17772	0	17539
17773	0	17539
17774	0	9397
17774	0	17749
17775	0	9649
17550	0	820
17776	0	828
17777	0	828
17778	0	829
17779	0	14354
8063	0	17778
17780	0	8063
17781	0	17780
17782	0	17780
17783	0	17780
17784	0	13644
17785	0	829
17786	0	17787
17788	0	17789
14354	0	828
17790	0	14354
13644	0	17778
17791	0	13644
17792	0	13644
17793	0	820
17793	0	17542
17794	0	17789
17795	0	11021
831	0	842
17796	0	13647
853	0	831
17797	0	830
17798	0	11024
17799	0	6812
17800	0	17799
17801	0	17799
17802	0	8327
812	0	789
9241	0	11015
17787	0	9648
11227	0	789
796	0	839
17803	0	12296
17804	0	14354
17805	0	9241
17806	0	9241
17807	0	9380
17808	0	1389
8076	0	1389
17809	0	3646
17809	0	9661
17810	0	10515
17811	0	10517
17811	0	2139
17812	0	1386
17813	0	6670
17813	0	10514
17814	0	10515
17814	0	9661
17815	0	12226
10514	0	10516
17816	0	10517
17817	0	9661
2567	0	10514
5632	0	10514
17818	0	1389
10515	0	2543
10515	0	10516
9661	0	10516
17819	0	17820
17821	0	1389
17822	0	17820
17823	0	17820
17789	0	17787
17824	0	17786
17825	0	17786
17826	0	17789
17827	0	17789
17828	0	11033
17828	0	17786
17829	0	17786
17830	0	17786
17831	0	17786
17832	0	11033
17833	0	17789
11872	0	17123
17834	0	835
14180	0	14174
17835	0	11791
17836	0	17835
17837	0	17835
17838	0	17835
17839	0	17835
17840	0	811
17841	0	811
17842	0	834
17843	0	14174
17844	0	9123
17844	0	9392
17845	0	10513
17845	0	2567
17846	0	10513
17846	0	5632
17847	0	2543
17847	0	2567
17847	0	17818
17848	0	17849
17850	0	17849
17851	0	17849
17852	0	2543
17852	0	17818
17853	0	2543
17853	0	17818
17820	0	17818
17849	0	17818
842	0	829
17854	0	11015
17855	0	8062
17856	0	8062
8067	0	8062
17857	0	8062
17858	0	840
17859	0	8062
17860	0	8062
17861	0	8062
17862	0	8062
17863	0	840
17864	0	840
17865	0	840
17866	0	840
11021	0	840
11021	0	11011
17867	0	840
17868	0	840
17869	0	840
829	0	790
17870	0	840
17871	0	840
17872	0	840
17873	0	840
17874	0	840
17875	0	840
792	0	829
17876	0	8670
17876	0	16315
17877	0	16315
17877	0	17878
17879	0	16315
17879	0	6819
17880	0	229
17881	0	229
17882	0	239
17883	0	239
17884	0	7852
17885	0	7852
17878	0	211
6819	0	211
17886	0	16319
17887	0	16319
17888	0	16319
17889	0	16319
257	0	288
230	0	226
17890	0	829
17891	0	2258
17892	0	3889
17892	0	15975
17893	0	13173
17894	0	9966
17895	0	15352
17896	0	1163
17897	0	12379
17898	0	15628
17899	0	3508
17900	0	5970
17901	0	9380
17902	0	10696
17903	0	2198
17904	0	10565
17905	0	416
17906	0	3151
17907	0	2258
17908	0	15505
17909	0	15239
17910	0	17123
17911	0	3123
17912	0	7436
17913	0	2721
17914	0	790
17915	0	11726
17916	0	17582
17917	0	6138
17918	0	11872
17919	0	830
17920	0	11227
17921	0	10115
17922	0	412
17923	0	15352
17924	0	10147
17925	0	10537
17926	0	12274
17927	0	912
17928	0	11919
17929	0	1531
17930	0	10560
17931	0	15352
17932	0	10565
17933	0	416
17934	0	7549
17935	0	13242
17936	0	13274
17937	0	10483
17938	0	10560
17939	0	10560
17940	0	10537
17941	0	10000
17942	0	10002
17943	0	174
17944	0	13192
17945	0	15352
17946	0	1134
17947	0	10369
17948	0	10565
17949	0	10002
17950	0	2107
17951	0	14885
17952	0	11987
17953	0	1523
17954	0	1790
17955	0	2123
17956	0	10483
17957	0	1714
17958	0	10537
17959	0	706
17960	0	13000
17961	0	10369
17962	0	1647
17963	0	106
17964	0	16563
17965	0	2001
17966	0	14477
17967	0	1820
17968	0	4094
17969	0	857
17970	0	17618
17971	0	17618
17972	0	15281
17973	0	15281
17974	0	292
17975	0	57
17976	0	13173
17977	0	57
17978	0	15135
17979	0	1060
17980	0	10369
17981	0	10565
17982	0	15239
17983	0	15239
17984	0	2721
17985	0	1117
17986	0	13173
17987	0	572
17988	0	2721
17989	0	5064
17990	0	2197
17991	0	524
17991	0	347
17992	0	3019
17993	0	2720
17994	0	2720
17995	0	182
17996	0	2121
17997	0	2121
17998	0	57
17999	0	1188
18000	0	10000
18001	0	10000
18002	0	1074
18003	0	13844
18004	0	9357
18005	0	2933
18006	0	9357
18007	0	9357
18008	0	9357
18009	0	2933
18010	0	3169
18011	0	8017
18012	0	13844
18013	0	14124
18014	0	3080
18015	0	3230
18016	0	2933
18017	0	9357
18018	0	3169
18019	0	2933
18020	0	683
18021	0	10393
18022	0	10393
18023	0	17618
18024	0	39
18025	0	10002
18026	0	1354
18027	0	10002
18028	0	1354
18029	0	4466
18030	0	1489
18031	0	2130
18032	0	2130
18033	0	1803
18034	0	1701
18035	0	6599
18036	0	9890
18037	0	1516
18038	0	1415
18039	0	5726
18040	0	15161
18041	0	959
18042	0	251
18043	0	4854
18044	0	2516
18045	0	1820
18046	0	1820
18047	0	3154
18048	0	11169
18049	0	1832
18050	0	15281
18051	0	17582
18052	0	10002
18053	0	2720
18054	0	2720
18055	0	2720
18056	0	13192
18057	0	10147
18058	0	10147
18059	0	10537
18060	0	1648
18061	0	15642
18062	0	10565
18063	0	498
18064	0	10002
18065	0	498
18066	0	223
18067	0	251
18068	0	13173
18069	0	10483
18070	0	2721
18071	0	416
18072	0	15642
18073	0	9276
18074	0	3124
18075	0	2947
18076	0	2947
18077	0	2947
18078	0	2258
17193	0	31
18079	0	17193
18080	0	15352
18081	0	2947
18082	0	13173
18083	0	15135
18084	0	15135
18085	0	15135
18086	0	15135
18087	0	17618
18088	0	15281
18089	0	15281
18090	0	296
18091	0	7422
18092	0	7422
18093	0	2945
18094	0	7422
18095	0	7422
18096	0	7422
18097	0	7422
18098	0	7422
18099	0	7422
18100	0	7422
18101	0	3331
18102	0	912
18103	0	912
18104	0	17618
18105	0	912
18106	0	912
18107	0	17618
18108	0	1826
18109	0	9232
18110	0	2121
18111	0	10147
18112	0	1319
18113	0	12503
18114	0	11878
18115	0	13173
18116	0	1413
18117	0	2593
18118	0	6796
9594	0	9592
18119	0	1832
18120	0	2910
18121	0	14074
18122	0	3148
18123	0	3148
18124	0	14118
18125	0	7422
18126	0	8473
18127	0	912
18128	0	13779
18129	0	4126
18130	0	2258
18131	0	10750
18132	0	2258
18133	0	13252
18134	0	2123
18135	0	1047
18136	0	2134
18137	0	2627
18138	0	8775
18139	0	8393
18140	0	4670
18141	0	125
18142	0	15456
18143	0	17178
18144	0	2246
18145	0	9555
17562	0	2361
18146	0	10147
18147	0	4043
18148	0	1601
18149	0	10369
18150	0	8381
18151	0	14667
18152	0	3158
18153	0	3295
18154	0	3503
18155	0	15259
18156	0	15320
18157	0	13835
18158	0	14107
18159	0	14107
18160	0	3169
18161	0	3169
18162	0	15320
18163	0	2930
18164	0	3085
18165	0	15320
18166	0	3085
18167	0	9210
18168	0	3085
18169	0	2458
18170	0	1514
18171	0	9926
18172	0	17519
18173	0	4618
18174	0	4801
18175	0	1826
18176	0	10979
18177	0	6796
18178	0	10147
18179	0	13173
18180	0	14377
18181	0	13173
18182	0	2721
18183	0	9017
18184	0	2121
18185	0	17519
18186	0	10002
18187	0	2721
18188	0	1080
18189	0	10147
18190	0	3541
18191	0	280
18192	0	339
18193	0	2721
18194	0	2721
18195	0	1865
18196	0	2721
18197	0	8789
18198	0	9000
18199	0	3537
18200	0	3537
18201	0	1392
18202	0	2218
18203	0	949
18204	0	2107
18205	0	1413
18206	0	920
18207	0	11199
18208	0	1411
18209	0	15084
18210	0	13192
18211	0	1719
18212	0	873
18213	0	10168
18214	0	1324
18215	0	12964
18216	0	9357
18217	0	3169
18218	0	15281
18219	0	15281
18220	0	9357
18221	0	2129
18222	0	8775
18223	0	17193
18224	0	1870
18225	0	8393
18226	0	1654
18227	0	8860
18228	0	2947
18229	0	2947
18230	0	17129
18231	0	17129
18232	0	2947
18233	0	17136
18234	0	9594
18235	0	13242
18236	0	2947
18237	0	2625
18238	0	9594
18239	0	17618
18240	0	17618
18241	0	9594
18242	0	17618
18243	0	15135
18244	0	15135
18245	0	9594
18246	0	17618
18247	0	926
18248	0	1558
18249	0	10511
18250	0	555
18251	0	3095
18252	0	11319
18253	0	4284
18254	0	14829
18255	0	14829
18256	0	3118
18257	0	13252
18258	0	10537
18259	0	8478
18260	0	15448
18261	0	1040
18262	0	2362
18263	0	1223
18264	0	1820
18265	0	2947
18266	0	1832
18267	0	2123
18268	0	2134
18269	0	2134
18270	0	2258
18271	0	10712
18272	0	2947
10712	0	2947
18273	0	8018
18274	0	13844
18275	0	3501
18276	0	17332
18277	0	8018
18278	0	7422
18279	0	17195
18280	0	15320
18281	0	2945
18282	0	7422
18283	0	2945
18284	0	7422
18285	0	2258
18286	0	3110
18287	0	11716
18288	0	3123
18289	0	4065
18290	0	4065
18291	0	18292
18293	0	17357
18294	0	1820
18295	0	1647
18296	0	1426
18297	0	2319
18298	0	98
18299	0	10048
18300	0	9276
18301	0	1404
18302	0	8963
18303	0	1595
18304	0	3123
18305	0	11790
18306	0	347
18307	0	15642
18308	0	10000
18309	0	1117
18310	0	10002
18311	0	17618
18312	0	17618
18313	0	895
18314	0	125
18315	0	9594
18316	0	13249
18317	0	15259
18318	0	3169
18319	0	2085
18320	0	3118
18321	0	3123
18322	0	14116
18323	0	10895
18324	0	8478
18325	0	3125
11718	0	8478
15096	0	8478
18326	0	10164
18327	0	10164
18328	0	10164
18329	0	8476
18330	0	2945
18331	0	2947
18332	0	15593
18333	0	1221
18334	0	1221
18335	0	1221
18336	0	18337
18338	0	1535
18339	0	1220
18340	0	1389
18341	0	13877
18342	0	4618
18343	0	15642
18344	0	45
18345	0	2235
18346	0	2947
18347	0	2199
18348	0	3054
18349	0	3158
18350	0	3158
18351	0	2086
18352	0	13252
18353	0	15259
18354	0	1870
18355	0	31
18356	0	6325
18357	0	2854
17215	0	4127
18358	0	2947
18359	0	14130
18360	0	17332
18361	0	14107
18362	0	3361
18363	0	10895
18364	0	10895
18365	0	3333
18366	0	2715
18367	0	9890
18368	0	2258
18369	0	8476
18370	0	15096
18371	0	18292
18292	0	3123
18372	0	1422
18373	0	18236
18374	0	18236
18375	0	18236
18376	0	18236
18377	0	18236
18378	0	18236
18379	0	18236
18380	0	18236
18381	0	18236
18382	0	1790
18383	0	9430
18384	0	2258
18385	0	4274
18385	0	4946
18386	0	1545
18387	0	8190
18388	0	3064
18389	0	343
18390	0	2947
18391	0	13252
18392	0	11279
18393	0	10393
18394	0	912
18395	0	4352
18396	0	10393
18397	0	9341
18398	0	1664
18399	0	15698
18400	0	6263
18401	0	11990
18402	0	11992
18403	0	17216
18404	0	17216
18405	0	3230
18406	0	3230
18407	0	10393
18408	0	950
18409	0	3110
18410	0	15352
18411	0	10000
18412	0	9994
3080	0	2933
18413	0	3080
18414	0	3080
18415	0	13249
18416	0	3080
18417	0	18416
18418	0	10000
18419	0	10000
18420	0	10146
18421	0	10147
18422	0	17188
18423	0	17197
18424	0	17195
18425	0	17195
18426	0	17143
18427	0	17143
18428	0	17197
18429	0	17197
18430	0	17197
18431	0	17143
18432	0	17143
18433	0	17197
18434	0	15132
18435	0	17143
18436	0	10393
18437	0	912
18438	0	10393
18439	0	10393
18440	0	10393
18441	0	912
18442	0	10393
18443	0	912
18444	0	17618
18445	0	3123
18446	0	3110
18447	0	10478
18448	0	15679
18449	0	10164
18450	0	232
18451	0	9594
18452	0	9594
18453	0	9594
18454	0	9594
18455	0	9594
18456	0	912
18457	0	9594
18458	0	9594
18459	0	9594
18460	0	15456
18461	0	18460
18462	0	15456
18463	0	18462
18464	0	18462
18465	0	17129
18466	0	1478
18467	0	2478
18468	0	2478
18469	0	5123
18470	0	2123
9276	0	7426
9276	0	5965
18471	0	1047
18472	0	2478
18473	0	1930
18474	0	386
18475	0	263
18476	0	8677
18477	0	10979
18478	0	2933
18479	0	3178
18480	0	14124
18481	0	3178
18482	0	9313
18483	0	3178
18484	0	15259
18485	0	15259
18486	0	3230
18487	0	3230
18488	0	3503
18489	0	3158
18490	0	11279
18491	0	912
18492	0	1494
18493	0	8393
18494	0	375
18495	0	17618
18496	0	15135
18497	0	9594
18498	0	11189
18499	0	17618
18500	0	3169
18501	0	3178
18502	0	13249
18503	0	13249
18504	0	2593
18505	0	57
18506	0	10147
18507	0	4116
18508	0	1516
18509	0	2593
18510	0	13139
18511	0	176
18512	0	11425
18513	0	11165
18514	0	13101
18515	0	13000
18516	0	15352
18517	0	12707
18518	0	15281
18519	0	2015
18520	0	4854
18521	0	4854
18522	0	8367
18523	0	2947
18524	0	2947
18525	0	2947
18526	0	2947
18527	0	292
18528	0	4946
18529	0	10998
18530	0	5045
18530	0	5046
18531	0	1352
18531	0	3910
18532	0	872
18533	0	872
18534	0	3185
18535	0	12665
18536	0	10369
18537	0	2910
18538	0	4688
18539	0	11117
18540	0	1034
18541	0	2001
18542	0	23
18543	0	1714
18544	0	1797
18545	0	1797
18546	0	1797
18547	0	1732
18548	0	131
18549	0	131
18550	0	15259
18551	0	3019
18552	0	193
18553	0	7422
18554	0	7422
18555	0	2933
18556	0	2947
18557	0	15641
14786	0	2947
18558	0	1097
18559	0	18558
18560	0	18558
18561	0	2721
18562	0	10483
18563	0	10560
18564	0	11172
18565	0	9232
18566	0	18329
18567	0	18329
18568	0	18093
18569	0	15721
18570	0	4555
10196	0	2258
18571	0	2258
18572	0	3503
18573	0	9594
18574	0	3503
18575	0	9594
18576	0	9412
18577	0	10565
18578	0	6325
18579	0	3230
18580	0	13249
18581	0	3295
18582	0	8473
18583	0	1050
18583	0	3014
18584	0	10147
18585	0	10560
18586	0	2831
18586	0	1590
18587	0	713
18588	0	1278
18589	0	12021
18590	0	1263
18591	0	9674
18592	0	15181
18593	0	339
18594	0	1537
18595	0	2516
18596	0	10600
18597	0	9594
18598	0	9594
18599	0	912
18600	0	9594
18601	0	10393
18602	0	1120
18603	0	1120
18604	0	1182
18605	0	17582
18606	0	10147
18607	0	17195
18608	0	17209
18609	0	15480
18610	0	17136
18611	0	18460
18612	0	18463
18613	0	18462
18614	0	17143
18615	0	17143
18616	0	17143
18617	0	17143
18618	0	17136
18619	0	17143
18620	0	18460
18621	0	17188
18622	0	2155
18622	0	675
18623	0	5883
18624	0	4291
18625	0	3080
18626	0	3080
18627	0	2258
18628	0	9594
18629	0	15462
18630	0	11279
18631	0	3081
18632	0	3081
18633	0	18292
18634	0	3169
18635	0	3115
18636	0	8472
18637	0	17197
18638	0	17197
18639	0	17195
18640	0	17195
18641	0	17197
18642	0	15721
18643	0	2945
18644	0	17195
18645	0	17209
18646	0	824
18647	0	10439
18648	0	1652
18649	0	600
18650	0	408
18651	0	10147
18652	0	10147
18653	0	2710
18653	0	14257
18654	0	1036
18654	0	9210
18655	0	1036
18655	0	10483
18656	0	8106
18656	0	3169
18657	0	2710
18658	0	15239
18659	0	9594
18660	0	9594
18661	0	9594
18662	0	2720
18663	0	2625
18664	0	13274
18665	0	701
18666	0	1298
18667	0	1117
18668	0	10565
18669	0	2240
18670	0	17179
18671	0	1117
18672	0	2721
18673	0	2947
18674	0	10087
18675	0	10087
18676	0	17181
18677	0	17181
18678	0	17188
18679	0	17188
18680	0	17143
18681	0	13844
18682	0	8018
18683	0	18416
18684	0	3085
18685	0	2977
18686	0	1633
18687	0	1050
18687	0	3001
18688	0	2831
18688	0	18583
18689	0	1050
18689	0	2825
18690	0	1050
18690	0	3818
18691	0	2927
18692	0	8224
18693	0	962
18693	0	2011
18694	0	2830
18695	0	1051
7481	0	1341
18696	0	912
18697	0	18558
18698	0	3125
18699	0	15721
18700	0	13252
18701	0	9453
18702	0	17618
18703	0	17618
18704	0	9594
18705	0	9594
18706	0	9594
18707	0	17618
18708	0	9425
18709	0	9594
18710	0	2260
18711	0	3085
18712	0	17195
18713	0	17179
18714	0	18713
18715	0	15084
18716	0	45
18717	0	1341
10994	0	663
18718	0	347
18719	0	562
18720	0	15456
18721	0	7304
18722	0	1535
18723	0	1701
18724	0	5618
18725	0	2246
18726	0	17199
18727	0	2505
2373	0	2130
18728	0	963
18729	0	3115
18730	0	2036
18731	0	10002
18732	0	10000
18733	0	10000
18734	0	10369
18735	0	9594
18736	0	9594
18737	0	12379
18738	0	2118
18739	0	5788
18740	0	11345
18741	0	5331
18742	0	5383
18743	0	4495
18744	0	1063
18745	0	1061
18746	0	3767
18747	0	302
18747	0	6828
18748	0	1051
18749	0	1000
18750	0	9536
18751	0	2947
18752	0	2947
18753	0	2947
18754	0	2947
18755	0	2947
18756	0	2947
18757	0	2947
18758	0	10147
18759	0	3749
18760	0	3088
18761	0	8106
18762	0	10164
18763	0	12660
18764	0	5351
18765	0	5351
18766	0	1850
18767	0	1406
18768	0	10167
18769	0	3019
18770	0	3019
18771	0	871
18772	0	2910
18773	0	5525
18774	0	17188
18775	0	17143
18776	0	12677
18777	0	12678
18778	0	17129
18779	0	15084
18780	0	17188
18781	0	15344
18782	0	17143
18783	0	17143
18784	0	15084
18785	0	9594
18786	0	9594
18787	0	537
18788	0	1648
18789	0	10000
18790	0	1461
18791	0	8377
18792	0	343
18792	0	1060
3908	0	1284
3908	0	7481
18793	0	3388
18794	0	4198
18795	0	3014
18796	0	3945
18796	0	3910
18797	0	17127
18798	0	17209
18799	0	15456
18800	0	17136
18801	0	17209
18802	0	17209
18803	0	17127
18804	0	1538
18805	0	14271
18806	0	10565
18807	0	1120
18808	0	1021
18809	0	10147
18810	0	1000
18811	0	263
18812	0	4955
18813	0	4955
18814	0	4955
18815	0	4955
18816	0	4955
18817	0	2831
18818	0	11702
18819	0	10991
7517	0	7481
18820	0	7517
18821	0	3908
18822	0	15239
18823	0	2199
18824	0	2844
18825	0	6454
18826	0	17582
18827	0	15456
18828	0	614
18829	0	1117
18830	0	16815
18831	0	1099
18832	0	343
18832	0	1182
18833	0	1117
18834	0	15456
18835	0	18713
18836	0	15456
18837	0	15456
18838	0	15456
18839	0	9594
18840	0	2258
18841	0	2258
18842	0	912
18843	0	17618
18844	0	9594
18845	0	9594
18846	0	8415
18847	0	3503
18848	0	15721
18849	0	1516
18850	0	3207
18851	0	3207
18852	0	15281
18853	0	9382
18854	0	2981
18854	0	1832
18855	0	32
18856	0	15029
18857	0	9477
18858	0	9477
18859	0	10164
18860	0	2134
18861	0	8707
18862	0	5660
18863	0	15351
18864	0	14086
18865	0	13249
18866	0	685
18867	0	685
18868	0	2235
18869	0	9276
18870	0	8145
18871	0	1516
18872	0	13249
18873	0	3158
18874	0	3169
18875	0	3169
18876	0	3169
18877	0	14667
18878	0	15456
18879	0	8018
18880	0	3080
18881	0	8017
18882	0	2085
18883	0	5788
18884	0	1687
18885	0	1179
18886	0	1104
18887	0	1103
18888	0	14658
18889	0	14308
18890	0	11823
18891	0	2744
18892	0	2744
18893	0	2869
18894	0	8481
18895	0	1060
18896	0	17618
18897	0	17618
18898	0	10167
18899	0	12363
18900	0	4286
18901	0	4286
18902	0	4286
18903	0	888
18904	0	11169
18905	0	4854
16260	0	5551
18906	0	4622
18907	0	1714
18907	0	1803
18908	0	5618
18909	0	15456
18910	0	15456
18911	0	5526
18912	0	2720
18913	0	1221
18337	0	1221
18914	0	8062
18915	0	2721
18916	0	871
18917	0	10000
18918	0	10000
18919	0	10000
18920	0	10000
18921	0	2450
18922	0	5045
18922	0	5046
18922	0	1562
18923	0	2979
18924	0	1422
18925	0	4116
18926	0	1422
18927	0	2836
18928	0	2947
18929	0	2947
18930	0	2947
18931	0	2947
18932	0	2516
18933	0	16811
11004	0	2947
18934	0	10000
18935	0	15352
18936	0	10483
18937	0	1794
18938	0	291
18939	0	2505
18940	0	8754
18941	0	17582
18942	0	12335
18943	0	1354
18944	0	13101
18945	0	10565
18946	0	10565
18947	0	2209
18948	0	3164
18949	0	3471
18950	0	3158
18951	0	2361
18952	0	1489
18953	0	12764
18954	0	1042
18955	0	3121
18956	0	3121
18957	0	15456
18958	0	2721
18959	0	555
18960	0	555
18961	0	15352
18962	0	15352
18963	0	15352
18964	0	3444
18965	0	2854
18966	0	5372
18967	0	1061
18968	0	1147
18969	0	2011
18970	0	512
18971	0	5788
18972	0	558
18973	0	1839
18974	0	13393
18975	0	15352
18976	0	15990
18977	0	1446
18978	0	10002
18979	0	218
18980	0	18460
18981	0	9594
18982	0	3081
18983	0	3158
18984	0	8302
18985	0	2721
18986	0	2995
18987	0	10147
18988	0	1088
18989	0	15593
18990	0	10000
18991	0	10000
18992	0	10560
18993	0	308
18994	0	1117
18995	0	4021
18996	0	11770
18997	0	10147
18998	0	15352
18999	0	3064
19000	0	3837
19001	0	2989
19002	0	2989
19003	0	3845
19004	0	15352
19005	0	10000
19006	0	16510
19007	0	15239
19008	0	9718
19009	0	3837
19010	0	11766
19011	0	11767
19012	0	2989
19013	0	11772
19014	0	11772
19015	0	10510
19016	0	857
19017	0	10560
19018	0	9017
19019	0	5374
19020	0	3992
19021	0	10560
19022	0	10520
19023	0	11772
19024	0	11772
19025	0	10511
19026	0	15593
19027	0	11771
19028	0	1341
19029	0	3121
19030	0	19029
19031	0	19029
19032	0	1298
19033	0	1842
